{
"type": "FeatureCollection",
"name": "sl_districts",
"crs": { "type": "name", "properties": { "name": "urn:ogc:def:crs:OGC:1.3:CRS84" } },
"hc-transform": {
    "default": {
        "crs": "EPSG:4326"
    }
},
"features": [
{ "type": "Feature", "properties": { "NEW_DIST": "Bo", "NEW_PROV": "Southern", "CS_Pro_Num": 3, "CS_Pro_Nam": "Southern", "CS_Dis_Num": 31, "CS_Dis_Nam": "Bo", "layer": "Bo District" }, "geometry": { "type": "MultiPolygon", "coordinates": [ [ [ [ -11.927, 7.531 ], [ -11.929, 7.531 ], [ -11.932, 7.531 ], [ -11.939, 7.531 ], [ -11.942, 7.53 ], [ -11.944, 7.53 ], [ -11.947, 7.529 ], [ -11.95, 7.531 ], [ -11.953, 7.53 ], [ -11.956, 7.53 ], [ -11.96, 7.53 ], [ -11.962, 7.531 ], [ -11.967, 7.531 ], [ -11.97, 7.533 ], [ -11.971, 7.534 ], [ -11.972, 7.534 ], [ -11.974, 7.536 ], [ -11.976, 7.537 ], [ -11.978, 7.538 ], [ -11.982, 7.54 ], [ -11.983, 7.541 ], [ -11.983, 7.542 ], [ -11.985, 7.544 ], [ -11.986, 7.546 ], [ -11.987, 7.548 ], [ -11.989, 7.55 ], [ -11.989, 7.551 ], [ -11.989, 7.553 ], [ -11.989, 7.555 ], [ -11.988, 7.558 ], [ -11.988, 7.558 ], [ -11.987, 7.56 ], [ -11.986, 7.562 ], [ -11.984, 7.565 ], [ -11.982, 7.568 ], [ -11.978, 7.572 ], [ -11.977, 7.574 ], [ -11.974, 7.577 ], [ -11.974, 7.579 ], [ -11.973, 7.58 ], [ -11.972, 7.584 ], [ -11.969, 7.588 ], [ -11.966, 7.591 ], [ -11.963, 7.595 ], [ -11.959, 7.596 ], [ -11.957, 7.598 ], [ -11.955, 7.599 ], [ -11.954, 7.6 ], [ -11.952, 7.603 ], [ -11.954, 7.604 ], [ -11.959, 7.603 ], [ -11.964, 7.603 ], [ -11.968, 7.602 ], [ -11.972, 7.601 ], [ -11.976, 7.6 ], [ -11.981, 7.599 ], [ -11.985, 7.598 ], [ -11.988, 7.597 ], [ -11.992, 7.596 ], [ -11.993, 7.595 ], [ -11.997, 7.595 ], [ -11.998, 7.599 ], [ -11.999, 7.604 ], [ -12.001, 7.609 ], [ -12.002, 7.613 ], [ -12.002, 7.614 ], [ -12.003, 7.617 ], [ -12.004, 7.621 ], [ -12.006, 7.626 ], [ -12.007, 7.63 ], [ -12.006, 7.633 ], [ -12.003, 7.637 ], [ -12.0, 7.639 ], [ -11.996, 7.64 ], [ -11.992, 7.639 ], [ -11.991, 7.639 ], [ -11.99, 7.638 ], [ -11.989, 7.638 ], [ -11.987, 7.637 ], [ -11.986, 7.636 ], [ -11.985, 7.636 ], [ -11.981, 7.635 ], [ -11.976, 7.637 ], [ -11.974, 7.64 ], [ -11.974, 7.641 ], [ -11.973, 7.642 ], [ -11.973, 7.643 ], [ -11.972, 7.646 ], [ -11.972, 7.647 ], [ -11.972, 7.649 ], [ -11.972, 7.65 ], [ -11.972, 7.651 ], [ -11.972, 7.652 ], [ -11.972, 7.652 ], [ -11.972, 7.652 ], [ -11.973, 7.654 ], [ -11.974, 7.654 ], [ -11.974, 7.655 ], [ -11.974, 7.655 ], [ -11.974, 7.655 ], [ -11.976, 7.654 ], [ -11.977, 7.652 ], [ -11.979, 7.651 ], [ -11.98, 7.651 ], [ -11.983, 7.651 ], [ -11.986, 7.653 ], [ -11.986, 7.655 ], [ -11.987, 7.656 ], [ -11.987, 7.656 ], [ -11.988, 7.66 ], [ -11.99, 7.662 ], [ -11.992, 7.662 ], [ -11.993, 7.662 ], [ -11.998, 7.662 ], [ -12.0, 7.661 ], [ -12.0, 7.662 ], [ -12.001, 7.665 ], [ -12.002, 7.668 ], [ -12.003, 7.668 ], [ -12.004, 7.669 ], [ -12.007, 7.669 ], [ -12.009, 7.668 ], [ -12.011, 7.666 ], [ -12.012, 7.664 ], [ -12.013, 7.661 ], [ -12.015, 7.66 ], [ -12.017, 7.658 ], [ -12.022, 7.658 ], [ -12.024, 7.66 ], [ -12.025, 7.661 ], [ -12.026, 7.662 ], [ -12.027, 7.663 ], [ -12.028, 7.665 ], [ -12.03, 7.667 ], [ -12.031, 7.67 ], [ -12.033, 7.674 ], [ -12.034, 7.676 ], [ -12.037, 7.68 ], [ -12.039, 7.683 ], [ -12.04, 7.684 ], [ -12.042, 7.685 ], [ -12.044, 7.687 ], [ -12.046, 7.689 ], [ -12.05, 7.691 ], [ -12.055, 7.691 ], [ -12.058, 7.691 ], [ -12.063, 7.691 ], [ -12.066, 7.692 ], [ -12.074, 7.692 ], [ -12.08, 7.691 ], [ -12.085, 7.689 ], [ -12.09, 7.687 ], [ -12.096, 7.683 ], [ -12.101, 7.681 ], [ -12.104, 7.679 ], [ -12.108, 7.679 ], [ -12.11, 7.681 ], [ -12.113, 7.683 ], [ -12.115, 7.686 ], [ -12.117, 7.687 ], [ -12.117, 7.689 ], [ -12.116, 7.694 ], [ -12.114, 7.698 ], [ -12.112, 7.704 ], [ -12.111, 7.705 ], [ -12.108, 7.71 ], [ -12.108, 7.716 ], [ -12.109, 7.72 ], [ -12.113, 7.724 ], [ -12.115, 7.73 ], [ -12.118, 7.734 ], [ -12.119, 7.736 ], [ -12.12, 7.738 ], [ -12.121, 7.741 ], [ -12.123, 7.743 ], [ -12.124, 7.746 ], [ -12.123, 7.748 ], [ -12.124, 7.751 ], [ -12.127, 7.754 ], [ -12.13, 7.757 ], [ -12.136, 7.763 ], [ -12.137, 7.765 ], [ -12.136, 7.768 ], [ -12.136, 7.769 ], [ -12.134, 7.773 ], [ -12.133, 7.778 ], [ -12.135, 7.781 ], [ -12.137, 7.784 ], [ -12.137, 7.787 ], [ -12.135, 7.787 ], [ -12.132, 7.788 ], [ -12.13, 7.789 ], [ -12.129, 7.791 ], [ -12.13, 7.794 ], [ -12.132, 7.796 ], [ -12.133, 7.798 ], [ -12.135, 7.799 ], [ -12.137, 7.799 ], [ -12.137, 7.804 ], [ -12.137, 7.81 ], [ -12.138, 7.813 ], [ -12.139, 7.815 ], [ -12.139, 7.816 ], [ -12.139, 7.823 ], [ -12.138, 7.826 ], [ -12.137, 7.828 ], [ -12.137, 7.832 ], [ -12.136, 7.835 ], [ -12.135, 7.838 ], [ -12.135, 7.839 ], [ -12.136, 7.843 ], [ -12.136, 7.843 ], [ -12.138, 7.846 ], [ -12.142, 7.848 ], [ -12.144, 7.85 ], [ -12.145, 7.852 ], [ -12.147, 7.856 ], [ -12.147, 7.861 ], [ -12.145, 7.864 ], [ -12.141, 7.868 ], [ -12.14, 7.871 ], [ -12.139, 7.871 ], [ -12.139, 7.872 ], [ -12.137, 7.874 ], [ -12.136, 7.877 ], [ -12.136, 7.88 ], [ -12.137, 7.881 ], [ -12.138, 7.884 ], [ -12.138, 7.889 ], [ -12.138, 7.892 ], [ -12.137, 7.896 ], [ -12.137, 7.898 ], [ -12.136, 7.9 ], [ -12.134, 7.904 ], [ -12.135, 7.906 ], [ -12.136, 7.91 ], [ -12.135, 7.914 ], [ -12.135, 7.916 ], [ -12.133, 7.919 ], [ -12.133, 7.923 ], [ -12.133, 7.923 ], [ -12.134, 7.928 ], [ -12.135, 7.932 ], [ -12.135, 7.936 ], [ -12.135, 7.939 ], [ -12.136, 7.943 ], [ -12.137, 7.943 ], [ -12.139, 7.944 ], [ -12.141, 7.946 ], [ -12.141, 7.953 ], [ -12.142, 7.956 ], [ -12.14, 7.958 ], [ -12.138, 7.962 ], [ -12.137, 7.966 ], [ -12.135, 7.966 ], [ -12.133, 7.966 ], [ -12.132, 7.97 ], [ -12.13, 7.972 ], [ -12.129, 7.974 ], [ -12.126, 7.977 ], [ -12.122, 7.976 ], [ -12.12, 7.975 ], [ -12.117, 7.975 ], [ -12.116, 7.976 ], [ -12.116, 7.976 ], [ -12.115, 7.976 ], [ -12.112, 7.977 ], [ -12.107, 7.977 ], [ -12.105, 7.977 ], [ -12.103, 7.977 ], [ -12.1, 7.978 ], [ -12.096, 7.978 ], [ -12.095, 7.978 ], [ -12.091, 7.98 ], [ -12.086, 7.98 ], [ -12.082, 7.979 ], [ -12.079, 7.979 ], [ -12.077, 7.978 ], [ -12.076, 7.977 ], [ -12.073, 7.977 ], [ -12.072, 7.977 ], [ -12.07, 7.977 ], [ -12.067, 7.977 ], [ -12.066, 7.976 ], [ -12.064, 7.972 ], [ -12.061, 7.972 ], [ -12.059, 7.973 ], [ -12.056, 7.974 ], [ -12.049, 7.977 ], [ -12.046, 7.979 ], [ -12.046, 7.979 ], [ -12.042, 7.982 ], [ -12.037, 7.985 ], [ -12.035, 7.987 ], [ -12.033, 7.99 ], [ -12.031, 7.992 ], [ -12.027, 7.996 ], [ -12.022, 8.002 ], [ -12.02, 8.006 ], [ -12.018, 8.009 ], [ -12.016, 8.011 ], [ -12.014, 8.012 ], [ -12.009, 8.014 ], [ -12.001, 8.014 ], [ -11.996, 8.014 ], [ -11.992, 8.013 ], [ -11.985, 8.012 ], [ -11.982, 8.012 ], [ -11.978, 8.011 ], [ -11.973, 8.011 ], [ -11.967, 8.009 ], [ -11.959, 8.006 ], [ -11.954, 8.006 ], [ -11.946, 8.006 ], [ -11.941, 8.006 ], [ -11.938, 8.005 ], [ -11.933, 8.004 ], [ -11.928, 8.003 ], [ -11.922, 8.002 ], [ -11.919, 8.002 ], [ -11.914, 8.001 ], [ -11.912, 8.001 ], [ -11.909, 7.999 ], [ -11.906, 7.998 ], [ -11.905, 7.997 ], [ -11.904, 7.996 ], [ -11.9, 7.993 ], [ -11.898, 7.991 ], [ -11.894, 7.989 ], [ -11.891, 7.991 ], [ -11.887, 7.992 ], [ -11.885, 7.994 ], [ -11.882, 7.994 ], [ -11.886, 7.997 ], [ -11.89, 8.0 ], [ -11.893, 8.004 ], [ -11.894, 8.008 ], [ -11.893, 8.011 ], [ -11.892, 8.015 ], [ -11.889, 8.018 ], [ -11.887, 8.021 ], [ -11.885, 8.023 ], [ -11.883, 8.026 ], [ -11.882, 8.029 ], [ -11.883, 8.031 ], [ -11.886, 8.034 ], [ -11.889, 8.038 ], [ -11.891, 8.04 ], [ -11.894, 8.043 ], [ -11.896, 8.045 ], [ -11.899, 8.048 ], [ -11.902, 8.051 ], [ -11.905, 8.052 ], [ -11.907, 8.054 ], [ -11.91, 8.056 ], [ -11.913, 8.058 ], [ -11.915, 8.061 ], [ -11.917, 8.064 ], [ -11.916, 8.068 ], [ -11.914, 8.07 ], [ -11.913, 8.071 ], [ -11.91, 8.075 ], [ -11.908, 8.078 ], [ -11.907, 8.08 ], [ -11.906, 8.083 ], [ -11.903, 8.09 ], [ -11.901, 8.098 ], [ -11.898, 8.105 ], [ -11.896, 8.109 ], [ -11.892, 8.113 ], [ -11.89, 8.117 ], [ -11.888, 8.123 ], [ -11.886, 8.127 ], [ -11.885, 8.128 ], [ -11.882, 8.131 ], [ -11.877, 8.137 ], [ -11.875, 8.141 ], [ -11.87, 8.144 ], [ -11.867, 8.145 ], [ -11.864, 8.147 ], [ -11.858, 8.151 ], [ -11.852, 8.153 ], [ -11.846, 8.155 ], [ -11.84, 8.155 ], [ -11.834, 8.156 ], [ -11.828, 8.156 ], [ -11.824, 8.155 ], [ -11.82, 8.155 ], [ -11.817, 8.153 ], [ -11.816, 8.153 ], [ -11.816, 8.158 ], [ -11.814, 8.161 ], [ -11.814, 8.162 ], [ -11.813, 8.164 ], [ -11.813, 8.165 ], [ -11.811, 8.166 ], [ -11.811, 8.168 ], [ -11.808, 8.169 ], [ -11.811, 8.171 ], [ -11.808, 8.174 ], [ -11.808, 8.174 ], [ -11.806, 8.177 ], [ -11.805, 8.18 ], [ -11.805, 8.183 ], [ -11.804, 8.186 ], [ -11.803, 8.189 ], [ -11.803, 8.191 ], [ -11.803, 8.193 ], [ -11.802, 8.198 ], [ -11.802, 8.201 ], [ -11.802, 8.209 ], [ -11.802, 8.216 ], [ -11.802, 8.216 ], [ -11.801, 8.22 ], [ -11.801, 8.223 ], [ -11.803, 8.226 ], [ -11.804, 8.229 ], [ -11.805, 8.23 ], [ -11.805, 8.232 ], [ -11.805, 8.235 ], [ -11.805, 8.238 ], [ -11.804, 8.241 ], [ -11.804, 8.244 ], [ -11.806, 8.246 ], [ -11.809, 8.248 ], [ -11.816, 8.253 ], [ -11.816, 8.253 ], [ -11.815, 8.258 ], [ -11.811, 8.261 ], [ -11.806, 8.266 ], [ -11.798, 8.272 ], [ -11.793, 8.276 ], [ -11.788, 8.279 ], [ -11.786, 8.281 ], [ -11.784, 8.282 ], [ -11.782, 8.285 ], [ -11.78, 8.294 ], [ -11.78, 8.299 ], [ -11.78, 8.301 ], [ -11.781, 8.307 ], [ -11.782, 8.31 ], [ -11.783, 8.314 ], [ -11.784, 8.32 ], [ -11.784, 8.324 ], [ -11.785, 8.327 ], [ -11.785, 8.33 ], [ -11.787, 8.333 ], [ -11.788, 8.335 ], [ -11.788, 8.339 ], [ -11.789, 8.34 ], [ -11.791, 8.342 ], [ -11.791, 8.343 ], [ -11.796, 8.341 ], [ -11.8, 8.339 ], [ -11.803, 8.337 ], [ -11.803, 8.334 ], [ -11.803, 8.333 ], [ -11.805, 8.335 ], [ -11.81, 8.336 ], [ -11.813, 8.334 ], [ -11.815, 8.332 ], [ -11.818, 8.331 ], [ -11.819, 8.333 ], [ -11.818, 8.336 ], [ -11.819, 8.339 ], [ -11.82, 8.343 ], [ -11.821, 8.347 ], [ -11.823, 8.356 ], [ -11.823, 8.358 ], [ -11.822, 8.358 ], [ -11.821, 8.359 ], [ -11.818, 8.363 ], [ -11.818, 8.366 ], [ -11.817, 8.368 ], [ -11.816, 8.372 ], [ -11.813, 8.375 ], [ -11.81, 8.377 ], [ -11.806, 8.38 ], [ -11.803, 8.382 ], [ -11.799, 8.382 ], [ -11.797, 8.382 ], [ -11.796, 8.383 ], [ -11.795, 8.384 ], [ -11.792, 8.382 ], [ -11.791, 8.382 ], [ -11.789, 8.383 ], [ -11.788, 8.387 ], [ -11.788, 8.387 ], [ -11.787, 8.389 ], [ -11.784, 8.389 ], [ -11.782, 8.392 ], [ -11.78, 8.39 ], [ -11.778, 8.391 ], [ -11.777, 8.392 ], [ -11.773, 8.394 ], [ -11.77, 8.394 ], [ -11.767, 8.393 ], [ -11.765, 8.395 ], [ -11.766, 8.396 ], [ -11.766, 8.399 ], [ -11.764, 8.399 ], [ -11.764, 8.397 ], [ -11.762, 8.397 ], [ -11.761, 8.399 ], [ -11.762, 8.401 ], [ -11.762, 8.402 ], [ -11.762, 8.405 ], [ -11.759, 8.406 ], [ -11.759, 8.403 ], [ -11.757, 8.404 ], [ -11.756, 8.406 ], [ -11.753, 8.411 ], [ -11.754, 8.413 ], [ -11.752, 8.415 ], [ -11.75, 8.417 ], [ -11.749, 8.42 ], [ -11.747, 8.422 ], [ -11.741, 8.422 ], [ -11.74, 8.426 ], [ -11.739, 8.428 ], [ -11.739, 8.431 ], [ -11.738, 8.433 ], [ -11.737, 8.435 ], [ -11.739, 8.437 ], [ -11.739, 8.439 ], [ -11.738, 8.44 ], [ -11.736, 8.44 ], [ -11.735, 8.439 ], [ -11.733, 8.44 ], [ -11.732, 8.442 ], [ -11.731, 8.444 ], [ -11.731, 8.445 ], [ -11.73, 8.447 ], [ -11.731, 8.448 ], [ -11.732, 8.448 ], [ -11.731, 8.449 ], [ -11.73, 8.45 ], [ -11.728, 8.451 ], [ -11.727, 8.452 ], [ -11.727, 8.457 ], [ -11.727, 8.459 ], [ -11.729, 8.461 ], [ -11.729, 8.462 ], [ -11.73, 8.464 ], [ -11.729, 8.467 ], [ -11.73, 8.469 ], [ -11.731, 8.471 ], [ -11.732, 8.472 ], [ -11.733, 8.473 ], [ -11.733, 8.476 ], [ -11.732, 8.479 ], [ -11.731, 8.481 ], [ -11.729, 8.483 ], [ -11.729, 8.483 ], [ -11.726, 8.483 ], [ -11.72, 8.479 ], [ -11.714, 8.477 ], [ -11.713, 8.477 ], [ -11.71, 8.476 ], [ -11.708, 8.475 ], [ -11.704, 8.475 ], [ -11.702, 8.475 ], [ -11.7, 8.475 ], [ -11.691, 8.472 ], [ -11.686, 8.471 ], [ -11.682, 8.471 ], [ -11.682, 8.471 ], [ -11.675, 8.472 ], [ -11.671, 8.473 ], [ -11.665, 8.474 ], [ -11.66, 8.474 ], [ -11.657, 8.473 ], [ -11.654, 8.473 ], [ -11.653, 8.473 ], [ -11.647, 8.474 ], [ -11.641, 8.474 ], [ -11.635, 8.475 ], [ -11.634, 8.475 ], [ -11.63, 8.475 ], [ -11.624, 8.475 ], [ -11.619, 8.477 ], [ -11.617, 8.478 ], [ -11.611, 8.48 ], [ -11.602, 8.485 ], [ -11.593, 8.489 ], [ -11.592, 8.489 ], [ -11.59, 8.482 ], [ -11.59, 8.468 ], [ -11.585, 8.462 ], [ -11.576, 8.457 ], [ -11.575, 8.456 ], [ -11.57, 8.454 ], [ -11.562, 8.446 ], [ -11.556, 8.435 ], [ -11.555, 8.433 ], [ -11.554, 8.431 ], [ -11.553, 8.425 ], [ -11.553, 8.425 ], [ -11.553, 8.416 ], [ -11.554, 8.404 ], [ -11.554, 8.398 ], [ -11.554, 8.397 ], [ -11.55, 8.382 ], [ -11.546, 8.37 ], [ -11.542, 8.365 ], [ -11.534, 8.36 ], [ -11.526, 8.355 ], [ -11.517, 8.353 ], [ -11.517, 8.353 ], [ -11.515, 8.353 ], [ -11.507, 8.351 ], [ -11.5, 8.35 ], [ -11.491, 8.341 ], [ -11.478, 8.328 ], [ -11.475, 8.324 ], [ -11.474, 8.322 ], [ -11.471, 8.318 ], [ -11.47, 8.316 ], [ -11.469, 8.314 ], [ -11.469, 8.307 ], [ -11.47, 8.298 ], [ -11.47, 8.297 ], [ -11.469, 8.286 ], [ -11.465, 8.278 ], [ -11.462, 8.268 ], [ -11.46, 8.266 ], [ -11.456, 8.261 ], [ -11.452, 8.256 ], [ -11.447, 8.252 ], [ -11.447, 8.251 ], [ -11.445, 8.247 ], [ -11.441, 8.242 ], [ -11.438, 8.237 ], [ -11.438, 8.236 ], [ -11.433, 8.237 ], [ -11.427, 8.237 ], [ -11.423, 8.236 ], [ -11.417, 8.236 ], [ -11.415, 8.234 ], [ -11.412, 8.233 ], [ -11.406, 8.231 ], [ -11.4, 8.228 ], [ -11.4, 8.222 ], [ -11.402, 8.216 ], [ -11.399, 8.212 ], [ -11.399, 8.211 ], [ -11.393, 8.211 ], [ -11.391, 8.21 ], [ -11.391, 8.207 ], [ -11.391, 8.203 ], [ -11.389, 8.198 ], [ -11.386, 8.197 ], [ -11.382, 8.194 ], [ -11.383, 8.187 ], [ -11.386, 8.181 ], [ -11.387, 8.179 ], [ -11.396, 8.172 ], [ -11.404, 8.163 ], [ -11.399, 8.155 ], [ -11.4, 8.154 ], [ -11.403, 8.148 ], [ -11.402, 8.145 ], [ -11.403, 8.142 ], [ -11.403, 8.138 ], [ -11.403, 8.137 ], [ -11.402, 8.136 ], [ -11.399, 8.133 ], [ -11.399, 8.133 ], [ -11.392, 8.134 ], [ -11.385, 8.134 ], [ -11.377, 8.133 ], [ -11.369, 8.131 ], [ -11.369, 8.131 ], [ -11.366, 8.13 ], [ -11.357, 8.128 ], [ -11.352, 8.128 ], [ -11.346, 8.129 ], [ -11.342, 8.124 ], [ -11.343, 8.118 ], [ -11.341, 8.114 ], [ -11.339, 8.105 ], [ -11.337, 8.1 ], [ -11.337, 8.1 ], [ -11.335, 8.096 ], [ -11.335, 8.094 ], [ -11.335, 8.086 ], [ -11.335, 8.086 ], [ -11.335, 8.081 ], [ -11.335, 8.078 ], [ -11.335, 8.075 ], [ -11.335, 8.067 ], [ -11.335, 8.066 ], [ -11.336, 8.06 ], [ -11.336, 8.059 ], [ -11.336, 8.054 ], [ -11.336, 8.052 ], [ -11.338, 8.046 ], [ -11.338, 8.044 ], [ -11.336, 8.041 ], [ -11.335, 8.039 ], [ -11.335, 8.037 ], [ -11.336, 8.035 ], [ -11.336, 8.032 ], [ -11.336, 8.026 ], [ -11.336, 8.024 ], [ -11.338, 8.022 ], [ -11.343, 8.022 ], [ -11.349, 8.022 ], [ -11.357, 8.024 ], [ -11.359, 8.024 ], [ -11.363, 8.024 ], [ -11.37, 8.024 ], [ -11.371, 8.025 ], [ -11.378, 8.026 ], [ -11.385, 8.022 ], [ -11.386, 8.02 ], [ -11.387, 8.017 ], [ -11.388, 8.009 ], [ -11.387, 8.008 ], [ -11.383, 8.003 ], [ -11.378, 7.999 ], [ -11.373, 7.997 ], [ -11.367, 7.993 ], [ -11.366, 7.991 ], [ -11.365, 7.983 ], [ -11.363, 7.975 ], [ -11.36, 7.971 ], [ -11.361, 7.965 ], [ -11.358, 7.963 ], [ -11.357, 7.961 ], [ -11.356, 7.961 ], [ -11.354, 7.96 ], [ -11.356, 7.958 ], [ -11.36, 7.955 ], [ -11.362, 7.952 ], [ -11.363, 7.951 ], [ -11.368, 7.944 ], [ -11.369, 7.943 ], [ -11.37, 7.943 ], [ -11.376, 7.941 ], [ -11.378, 7.941 ], [ -11.386, 7.938 ], [ -11.39, 7.936 ], [ -11.39, 7.935 ], [ -11.39, 7.932 ], [ -11.39, 7.927 ], [ -11.39, 7.926 ], [ -11.389, 7.921 ], [ -11.387, 7.918 ], [ -11.385, 7.915 ], [ -11.384, 7.908 ], [ -11.387, 7.908 ], [ -11.391, 7.913 ], [ -11.397, 7.911 ], [ -11.399, 7.911 ], [ -11.404, 7.911 ], [ -11.408, 7.911 ], [ -11.412, 7.909 ], [ -11.417, 7.91 ], [ -11.419, 7.913 ], [ -11.421, 7.913 ], [ -11.424, 7.916 ], [ -11.425, 7.917 ], [ -11.426, 7.916 ], [ -11.426, 7.916 ], [ -11.426, 7.916 ], [ -11.427, 7.915 ], [ -11.427, 7.914 ], [ -11.428, 7.913 ], [ -11.431, 7.913 ], [ -11.436, 7.912 ], [ -11.438, 7.909 ], [ -11.442, 7.907 ], [ -11.447, 7.903 ], [ -11.45, 7.898 ], [ -11.448, 7.895 ], [ -11.45, 7.891 ], [ -11.448, 7.887 ], [ -11.446, 7.883 ], [ -11.446, 7.88 ], [ -11.447, 7.874 ], [ -11.453, 7.868 ], [ -11.458, 7.866 ], [ -11.462, 7.864 ], [ -11.47, 7.861 ], [ -11.474, 7.857 ], [ -11.475, 7.855 ], [ -11.477, 7.85 ], [ -11.481, 7.84 ], [ -11.485, 7.832 ], [ -11.482, 7.828 ], [ -11.48, 7.822 ], [ -11.482, 7.818 ], [ -11.485, 7.814 ], [ -11.486, 7.81 ], [ -11.486, 7.81 ], [ -11.486, 7.806 ], [ -11.483, 7.802 ], [ -11.482, 7.799 ], [ -11.486, 7.796 ], [ -11.492, 7.791 ], [ -11.493, 7.786 ], [ -11.492, 7.785 ], [ -11.488, 7.782 ], [ -11.482, 7.781 ], [ -11.479, 7.78 ], [ -11.477, 7.78 ], [ -11.473, 7.78 ], [ -11.473, 7.78 ], [ -11.469, 7.781 ], [ -11.469, 7.785 ], [ -11.466, 7.786 ], [ -11.467, 7.788 ], [ -11.467, 7.788 ], [ -11.465, 7.791 ], [ -11.46, 7.793 ], [ -11.457, 7.794 ], [ -11.457, 7.795 ], [ -11.456, 7.799 ], [ -11.454, 7.802 ], [ -11.451, 7.804 ], [ -11.451, 7.809 ], [ -11.447, 7.811 ], [ -11.443, 7.815 ], [ -11.439, 7.818 ], [ -11.434, 7.82 ], [ -11.431, 7.822 ], [ -11.425, 7.823 ], [ -11.424, 7.819 ], [ -11.423, 7.817 ], [ -11.42, 7.816 ], [ -11.419, 7.813 ], [ -11.418, 7.809 ], [ -11.415, 7.804 ], [ -11.414, 7.799 ], [ -11.414, 7.794 ], [ -11.412, 7.792 ], [ -11.412, 7.792 ], [ -11.41, 7.791 ], [ -11.408, 7.786 ], [ -11.407, 7.783 ], [ -11.405, 7.78 ], [ -11.402, 7.78 ], [ -11.402, 7.776 ], [ -11.404, 7.773 ], [ -11.404, 7.77 ], [ -11.401, 7.769 ], [ -11.403, 7.76 ], [ -11.403, 7.757 ], [ -11.404, 7.754 ], [ -11.408, 7.753 ], [ -11.411, 7.755 ], [ -11.413, 7.752 ], [ -11.415, 7.749 ], [ -11.412, 7.746 ], [ -11.416, 7.744 ], [ -11.416, 7.742 ], [ -11.416, 7.742 ], [ -11.413, 7.738 ], [ -11.414, 7.738 ], [ -11.417, 7.736 ], [ -11.418, 7.733 ], [ -11.414, 7.727 ], [ -11.417, 7.726 ], [ -11.421, 7.722 ], [ -11.421, 7.714 ], [ -11.421, 7.713 ], [ -11.423, 7.712 ], [ -11.423, 7.71 ], [ -11.426, 7.702 ], [ -11.43, 7.704 ], [ -11.432, 7.7 ], [ -11.438, 7.701 ], [ -11.439, 7.701 ], [ -11.44, 7.694 ], [ -11.441, 7.693 ], [ -11.443, 7.695 ], [ -11.448, 7.694 ], [ -11.448, 7.698 ], [ -11.453, 7.695 ], [ -11.453, 7.693 ], [ -11.455, 7.693 ], [ -11.457, 7.695 ], [ -11.458, 7.7 ], [ -11.462, 7.702 ], [ -11.463, 7.707 ], [ -11.47, 7.708 ], [ -11.473, 7.714 ], [ -11.479, 7.713 ], [ -11.482, 7.713 ], [ -11.483, 7.713 ], [ -11.484, 7.711 ], [ -11.487, 7.706 ], [ -11.488, 7.699 ], [ -11.488, 7.691 ], [ -11.489, 7.69 ], [ -11.491, 7.686 ], [ -11.498, 7.679 ], [ -11.51, 7.671 ], [ -11.511, 7.67 ], [ -11.511, 7.669 ], [ -11.516, 7.672 ], [ -11.528, 7.676 ], [ -11.532, 7.677 ], [ -11.546, 7.677 ], [ -11.547, 7.676 ], [ -11.558, 7.669 ], [ -11.562, 7.664 ], [ -11.563, 7.663 ], [ -11.566, 7.657 ], [ -11.57, 7.649 ], [ -11.572, 7.64 ], [ -11.577, 7.635 ], [ -11.581, 7.628 ], [ -11.588, 7.626 ], [ -11.596, 7.625 ], [ -11.602, 7.626 ], [ -11.608, 7.632 ], [ -11.615, 7.637 ], [ -11.622, 7.636 ], [ -11.627, 7.635 ], [ -11.64, 7.635 ], [ -11.647, 7.635 ], [ -11.65, 7.633 ], [ -11.651, 7.633 ], [ -11.659, 7.633 ], [ -11.66, 7.633 ], [ -11.664, 7.633 ], [ -11.669, 7.633 ], [ -11.675, 7.629 ], [ -11.68, 7.618 ], [ -11.684, 7.614 ], [ -11.688, 7.608 ], [ -11.689, 7.605 ], [ -11.691, 7.602 ], [ -11.692, 7.601 ], [ -11.694, 7.598 ], [ -11.693, 7.593 ], [ -11.694, 7.592 ], [ -11.694, 7.587 ], [ -11.694, 7.583 ], [ -11.698, 7.577 ], [ -11.702, 7.573 ], [ -11.709, 7.568 ], [ -11.711, 7.565 ], [ -11.711, 7.562 ], [ -11.715, 7.561 ], [ -11.716, 7.561 ], [ -11.716, 7.558 ], [ -11.718, 7.556 ], [ -11.716, 7.55 ], [ -11.716, 7.55 ], [ -11.715, 7.548 ], [ -11.722, 7.55 ], [ -11.726, 7.558 ], [ -11.733, 7.568 ], [ -11.737, 7.574 ], [ -11.74, 7.578 ], [ -11.742, 7.587 ], [ -11.737, 7.595 ], [ -11.735, 7.598 ], [ -11.734, 7.601 ], [ -11.73, 7.608 ], [ -11.727, 7.618 ], [ -11.723, 7.625 ], [ -11.716, 7.634 ], [ -11.715, 7.634 ], [ -11.721, 7.642 ], [ -11.722, 7.647 ], [ -11.721, 7.651 ], [ -11.72, 7.654 ], [ -11.719, 7.657 ], [ -11.719, 7.666 ], [ -11.732, 7.668 ], [ -11.737, 7.665 ], [ -11.738, 7.665 ], [ -11.743, 7.663 ], [ -11.743, 7.657 ], [ -11.741, 7.653 ], [ -11.745, 7.646 ], [ -11.746, 7.641 ], [ -11.746, 7.638 ], [ -11.751, 7.634 ], [ -11.751, 7.633 ], [ -11.755, 7.627 ], [ -11.758, 7.622 ], [ -11.758, 7.622 ], [ -11.759, 7.62 ], [ -11.762, 7.614 ], [ -11.765, 7.608 ], [ -11.767, 7.605 ], [ -11.769, 7.602 ], [ -11.775, 7.598 ], [ -11.78, 7.594 ], [ -11.785, 7.591 ], [ -11.792, 7.586 ], [ -11.798, 7.594 ], [ -11.8, 7.593 ], [ -11.803, 7.591 ], [ -11.807, 7.585 ], [ -11.813, 7.584 ], [ -11.82, 7.585 ], [ -11.822, 7.585 ], [ -11.827, 7.585 ], [ -11.831, 7.581 ], [ -11.836, 7.577 ], [ -11.84, 7.574 ], [ -11.843, 7.57 ], [ -11.846, 7.565 ], [ -11.848, 7.561 ], [ -11.846, 7.558 ], [ -11.841, 7.552 ], [ -11.835, 7.547 ], [ -11.829, 7.543 ], [ -11.824, 7.538 ], [ -11.822, 7.531 ], [ -11.824, 7.528 ], [ -11.829, 7.528 ], [ -11.833, 7.528 ], [ -11.837, 7.53 ], [ -11.842, 7.529 ], [ -11.846, 7.53 ], [ -11.849, 7.534 ], [ -11.852, 7.536 ], [ -11.856, 7.539 ], [ -11.857, 7.54 ], [ -11.862, 7.539 ], [ -11.863, 7.538 ], [ -11.866, 7.536 ], [ -11.868, 7.534 ], [ -11.872, 7.529 ], [ -11.867, 7.521 ], [ -11.867, 7.52 ], [ -11.864, 7.517 ], [ -11.86, 7.513 ], [ -11.857, 7.507 ], [ -11.859, 7.5 ], [ -11.859, 7.498 ], [ -11.86, 7.495 ], [ -11.86, 7.493 ], [ -11.862, 7.487 ], [ -11.87, 7.483 ], [ -11.872, 7.483 ], [ -11.874, 7.482 ], [ -11.88, 7.481 ], [ -11.885, 7.481 ], [ -11.895, 7.485 ], [ -11.895, 7.485 ], [ -11.897, 7.488 ], [ -11.898, 7.489 ], [ -11.9, 7.491 ], [ -11.896, 7.495 ], [ -11.893, 7.496 ], [ -11.89, 7.5 ], [ -11.889, 7.501 ], [ -11.887, 7.503 ], [ -11.886, 7.503 ], [ -11.883, 7.506 ], [ -11.88, 7.509 ], [ -11.879, 7.51 ], [ -11.882, 7.512 ], [ -11.885, 7.514 ], [ -11.888, 7.515 ], [ -11.89, 7.516 ], [ -11.892, 7.518 ], [ -11.895, 7.519 ], [ -11.896, 7.521 ], [ -11.896, 7.522 ], [ -11.897, 7.523 ], [ -11.899, 7.525 ], [ -11.9, 7.526 ], [ -11.903, 7.528 ], [ -11.904, 7.529 ], [ -11.906, 7.53 ], [ -11.907, 7.53 ], [ -11.909, 7.532 ], [ -11.911, 7.533 ], [ -11.914, 7.535 ], [ -11.917, 7.535 ], [ -11.919, 7.535 ], [ -11.92, 7.534 ], [ -11.922, 7.533 ], [ -11.925, 7.531 ], [ -11.927, 7.531 ] ] ] ] } },
{ "type": "Feature", "properties": { "NEW_DIST": "Bombali", "NEW_PROV": "Northern", "CS_Pro_Num": 2, "CS_Pro_Nam": "Northern", "CS_Dis_Num": 21, "CS_Dis_Nam": "Bombali", "layer": "Bombali District" }, "geometry": { "type": "MultiPolygon", "coordinates": [ [ [ [ -12.2, 8.607 ], [ -12.2, 8.606 ], [ -12.201, 8.607 ], [ -12.202, 8.606 ], [ -12.204, 8.605 ], [ -12.206, 8.604 ], [ -12.207, 8.604 ], [ -12.21, 8.603 ], [ -12.213, 8.603 ], [ -12.216, 8.603 ], [ -12.219, 8.603 ], [ -12.221, 8.603 ], [ -12.222, 8.602 ], [ -12.224, 8.602 ], [ -12.226, 8.602 ], [ -12.229, 8.602 ], [ -12.232, 8.602 ], [ -12.233, 8.601 ], [ -12.236, 8.601 ], [ -12.238, 8.601 ], [ -12.239, 8.602 ], [ -12.241, 8.603 ], [ -12.241, 8.605 ], [ -12.243, 8.608 ], [ -12.243, 8.61 ], [ -12.243, 8.612 ], [ -12.241, 8.614 ], [ -12.239, 8.616 ], [ -12.238, 8.618 ], [ -12.237, 8.618 ], [ -12.236, 8.618 ], [ -12.234, 8.62 ], [ -12.233, 8.621 ], [ -12.232, 8.622 ], [ -12.232, 8.623 ], [ -12.232, 8.625 ], [ -12.233, 8.626 ], [ -12.234, 8.628 ], [ -12.235, 8.629 ], [ -12.236, 8.63 ], [ -12.237, 8.632 ], [ -12.237, 8.632 ], [ -12.238, 8.633 ], [ -12.238, 8.633 ], [ -12.238, 8.634 ], [ -12.238, 8.636 ], [ -12.239, 8.637 ], [ -12.239, 8.637 ], [ -12.24, 8.638 ], [ -12.242, 8.639 ], [ -12.243, 8.639 ], [ -12.244, 8.64 ], [ -12.244, 8.641 ], [ -12.244, 8.643 ], [ -12.243, 8.645 ], [ -12.243, 8.645 ], [ -12.246, 8.645 ], [ -12.249, 8.646 ], [ -12.249, 8.646 ], [ -12.249, 8.646 ], [ -12.251, 8.648 ], [ -12.254, 8.649 ], [ -12.255, 8.65 ], [ -12.258, 8.651 ], [ -12.261, 8.652 ], [ -12.261, 8.653 ], [ -12.261, 8.654 ], [ -12.261, 8.654 ], [ -12.261, 8.655 ], [ -12.26, 8.657 ], [ -12.26, 8.658 ], [ -12.261, 8.662 ], [ -12.261, 8.664 ], [ -12.26, 8.665 ], [ -12.26, 8.667 ], [ -12.26, 8.669 ], [ -12.259, 8.673 ], [ -12.258, 8.674 ], [ -12.257, 8.674 ], [ -12.256, 8.675 ], [ -12.254, 8.675 ], [ -12.253, 8.675 ], [ -12.25, 8.675 ], [ -12.249, 8.676 ], [ -12.248, 8.678 ], [ -12.249, 8.679 ], [ -12.249, 8.681 ], [ -12.249, 8.683 ], [ -12.25, 8.685 ], [ -12.251, 8.686 ], [ -12.252, 8.688 ], [ -12.252, 8.689 ], [ -12.252, 8.69 ], [ -12.251, 8.692 ], [ -12.249, 8.693 ], [ -12.247, 8.694 ], [ -12.246, 8.695 ], [ -12.245, 8.696 ], [ -12.244, 8.697 ], [ -12.243, 8.698 ], [ -12.243, 8.7 ], [ -12.243, 8.701 ], [ -12.244, 8.702 ], [ -12.246, 8.703 ], [ -12.247, 8.703 ], [ -12.25, 8.703 ], [ -12.252, 8.703 ], [ -12.253, 8.704 ], [ -12.253, 8.704 ], [ -12.253, 8.705 ], [ -12.253, 8.705 ], [ -12.253, 8.707 ], [ -12.252, 8.708 ], [ -12.25, 8.708 ], [ -12.249, 8.708 ], [ -12.247, 8.707 ], [ -12.245, 8.706 ], [ -12.242, 8.705 ], [ -12.241, 8.704 ], [ -12.239, 8.704 ], [ -12.237, 8.704 ], [ -12.237, 8.704 ], [ -12.236, 8.705 ], [ -12.236, 8.705 ], [ -12.236, 8.705 ], [ -12.236, 8.706 ], [ -12.236, 8.707 ], [ -12.236, 8.708 ], [ -12.237, 8.709 ], [ -12.238, 8.711 ], [ -12.238, 8.711 ], [ -12.24, 8.713 ], [ -12.242, 8.715 ], [ -12.244, 8.718 ], [ -12.246, 8.719 ], [ -12.247, 8.72 ], [ -12.248, 8.721 ], [ -12.248, 8.723 ], [ -12.249, 8.724 ], [ -12.249, 8.727 ], [ -12.249, 8.729 ], [ -12.249, 8.731 ], [ -12.25, 8.732 ], [ -12.251, 8.736 ], [ -12.253, 8.74 ], [ -12.256, 8.744 ], [ -12.258, 8.746 ], [ -12.259, 8.747 ], [ -12.262, 8.744 ], [ -12.263, 8.74 ], [ -12.262, 8.734 ], [ -12.262, 8.73 ], [ -12.262, 8.727 ], [ -12.263, 8.721 ], [ -12.265, 8.718 ], [ -12.267, 8.715 ], [ -12.27, 8.713 ], [ -12.274, 8.712 ], [ -12.278, 8.711 ], [ -12.28, 8.714 ], [ -12.281, 8.718 ], [ -12.279, 8.721 ], [ -12.275, 8.722 ], [ -12.272, 8.723 ], [ -12.271, 8.726 ], [ -12.271, 8.73 ], [ -12.271, 8.736 ], [ -12.272, 8.741 ], [ -12.269, 8.744 ], [ -12.266, 8.747 ], [ -12.268, 8.75 ], [ -12.268, 8.75 ], [ -12.269, 8.751 ], [ -12.27, 8.751 ], [ -12.273, 8.752 ], [ -12.273, 8.752 ], [ -12.278, 8.752 ], [ -12.282, 8.749 ], [ -12.284, 8.746 ], [ -12.287, 8.745 ], [ -12.291, 8.747 ], [ -12.293, 8.749 ], [ -12.294, 8.752 ], [ -12.295, 8.756 ], [ -12.297, 8.759 ], [ -12.301, 8.761 ], [ -12.301, 8.761 ], [ -12.304, 8.761 ], [ -12.304, 8.761 ], [ -12.306, 8.758 ], [ -12.308, 8.755 ], [ -12.309, 8.751 ], [ -12.309, 8.748 ], [ -12.31, 8.742 ], [ -12.311, 8.738 ], [ -12.314, 8.733 ], [ -12.314, 8.733 ], [ -12.318, 8.731 ], [ -12.32, 8.73 ], [ -12.321, 8.73 ], [ -12.324, 8.733 ], [ -12.327, 8.732 ], [ -12.331, 8.732 ], [ -12.334, 8.733 ], [ -12.337, 8.735 ], [ -12.341, 8.74 ], [ -12.347, 8.748 ], [ -12.354, 8.755 ], [ -12.361, 8.759 ], [ -12.367, 8.764 ], [ -12.371, 8.775 ], [ -12.371, 8.777 ], [ -12.372, 8.784 ], [ -12.37, 8.791 ], [ -12.366, 8.792 ], [ -12.36, 8.797 ], [ -12.358, 8.799 ], [ -12.355, 8.798 ], [ -12.348, 8.795 ], [ -12.343, 8.793 ], [ -12.337, 8.793 ], [ -12.336, 8.794 ], [ -12.333, 8.798 ], [ -12.326, 8.801 ], [ -12.324, 8.808 ], [ -12.323, 8.809 ], [ -12.319, 8.815 ], [ -12.317, 8.825 ], [ -12.318, 8.827 ], [ -12.32, 8.836 ], [ -12.324, 8.84 ], [ -12.326, 8.845 ], [ -12.329, 8.849 ], [ -12.329, 8.851 ], [ -12.332, 8.856 ], [ -12.334, 8.859 ], [ -12.334, 8.859 ], [ -12.336, 8.86 ], [ -12.338, 8.863 ], [ -12.341, 8.866 ], [ -12.341, 8.871 ], [ -12.342, 8.871 ], [ -12.343, 8.874 ], [ -12.343, 8.875 ], [ -12.343, 8.881 ], [ -12.344, 8.889 ], [ -12.348, 8.894 ], [ -12.352, 8.899 ], [ -12.354, 8.902 ], [ -12.353, 8.903 ], [ -12.351, 8.903 ], [ -12.349, 8.903 ], [ -12.347, 8.904 ], [ -12.345, 8.906 ], [ -12.342, 8.907 ], [ -12.34, 8.908 ], [ -12.337, 8.908 ], [ -12.331, 8.908 ], [ -12.326, 8.908 ], [ -12.323, 8.908 ], [ -12.321, 8.908 ], [ -12.32, 8.908 ], [ -12.317, 8.908 ], [ -12.316, 8.904 ], [ -12.316, 8.902 ], [ -12.315, 8.901 ], [ -12.315, 8.899 ], [ -12.314, 8.896 ], [ -12.314, 8.895 ], [ -12.313, 8.892 ], [ -12.31, 8.891 ], [ -12.306, 8.891 ], [ -12.305, 8.891 ], [ -12.303, 8.893 ], [ -12.303, 8.893 ], [ -12.299, 8.895 ], [ -12.295, 8.898 ], [ -12.295, 8.898 ], [ -12.292, 8.9 ], [ -12.289, 8.903 ], [ -12.287, 8.904 ], [ -12.282, 8.906 ], [ -12.279, 8.908 ], [ -12.278, 8.908 ], [ -12.284, 8.917 ], [ -12.286, 8.923 ], [ -12.285, 8.925 ], [ -12.282, 8.932 ], [ -12.28, 8.938 ], [ -12.277, 8.944 ], [ -12.276, 8.946 ], [ -12.274, 8.946 ], [ -12.273, 8.948 ], [ -12.271, 8.95 ], [ -12.27, 8.95 ], [ -12.268, 8.949 ], [ -12.266, 8.949 ], [ -12.264, 8.95 ], [ -12.263, 8.952 ], [ -12.262, 8.954 ], [ -12.263, 8.954 ], [ -12.264, 8.955 ], [ -12.266, 8.954 ], [ -12.269, 8.954 ], [ -12.271, 8.955 ], [ -12.273, 8.955 ], [ -12.276, 8.954 ], [ -12.278, 8.952 ], [ -12.28, 8.952 ], [ -12.282, 8.953 ], [ -12.283, 8.954 ], [ -12.283, 8.956 ], [ -12.282, 8.958 ], [ -12.281, 8.96 ], [ -12.282, 8.96 ], [ -12.282, 8.96 ], [ -12.284, 8.961 ], [ -12.286, 8.96 ], [ -12.289, 8.961 ], [ -12.291, 8.961 ], [ -12.292, 8.961 ], [ -12.293, 8.96 ], [ -12.296, 8.959 ], [ -12.299, 8.959 ], [ -12.301, 8.959 ], [ -12.304, 8.96 ], [ -12.306, 8.961 ], [ -12.31, 8.963 ], [ -12.313, 8.964 ], [ -12.316, 8.965 ], [ -12.317, 8.966 ], [ -12.318, 8.967 ], [ -12.321, 8.968 ], [ -12.323, 8.969 ], [ -12.327, 8.968 ], [ -12.329, 8.969 ], [ -12.331, 8.97 ], [ -12.334, 8.968 ], [ -12.335, 8.968 ], [ -12.336, 8.97 ], [ -12.337, 8.972 ], [ -12.338, 8.974 ], [ -12.339, 8.976 ], [ -12.339, 8.979 ], [ -12.339, 8.979 ], [ -12.341, 8.982 ], [ -12.342, 8.983 ], [ -12.343, 8.984 ], [ -12.342, 8.986 ], [ -12.341, 8.987 ], [ -12.34, 8.989 ], [ -12.342, 8.991 ], [ -12.342, 8.993 ], [ -12.342, 8.995 ], [ -12.342, 8.997 ], [ -12.343, 8.998 ], [ -12.344, 9.0 ], [ -12.344, 9.003 ], [ -12.344, 9.004 ], [ -12.344, 9.006 ], [ -12.344, 9.007 ], [ -12.347, 9.007 ], [ -12.35, 9.01 ], [ -12.352, 9.013 ], [ -12.358, 9.015 ], [ -12.36, 9.018 ], [ -12.36, 9.018 ], [ -12.36, 9.022 ], [ -12.36, 9.024 ], [ -12.361, 9.025 ], [ -12.362, 9.026 ], [ -12.364, 9.028 ], [ -12.364, 9.032 ], [ -12.362, 9.033 ], [ -12.358, 9.033 ], [ -12.359, 9.036 ], [ -12.359, 9.037 ], [ -12.359, 9.04 ], [ -12.359, 9.041 ], [ -12.36, 9.042 ], [ -12.362, 9.046 ], [ -12.364, 9.046 ], [ -12.367, 9.048 ], [ -12.371, 9.052 ], [ -12.373, 9.05 ], [ -12.375, 9.051 ], [ -12.379, 9.051 ], [ -12.379, 9.053 ], [ -12.384, 9.056 ], [ -12.385, 9.056 ], [ -12.386, 9.058 ], [ -12.387, 9.06 ], [ -12.387, 9.061 ], [ -12.388, 9.064 ], [ -12.389, 9.065 ], [ -12.389, 9.069 ], [ -12.384, 9.073 ], [ -12.384, 9.072 ], [ -12.38, 9.067 ], [ -12.378, 9.066 ], [ -12.374, 9.067 ], [ -12.37, 9.069 ], [ -12.366, 9.073 ], [ -12.362, 9.075 ], [ -12.358, 9.078 ], [ -12.357, 9.083 ], [ -12.355, 9.088 ], [ -12.353, 9.09 ], [ -12.352, 9.09 ], [ -12.351, 9.091 ], [ -12.353, 9.094 ], [ -12.352, 9.095 ], [ -12.351, 9.096 ], [ -12.347, 9.094 ], [ -12.344, 9.097 ], [ -12.34, 9.098 ], [ -12.338, 9.098 ], [ -12.336, 9.1 ], [ -12.329, 9.097 ], [ -12.326, 9.096 ], [ -12.324, 9.095 ], [ -12.322, 9.094 ], [ -12.32, 9.093 ], [ -12.322, 9.089 ], [ -12.321, 9.087 ], [ -12.321, 9.083 ], [ -12.317, 9.084 ], [ -12.313, 9.085 ], [ -12.31, 9.086 ], [ -12.307, 9.089 ], [ -12.303, 9.091 ], [ -12.299, 9.093 ], [ -12.295, 9.093 ], [ -12.29, 9.094 ], [ -12.288, 9.094 ], [ -12.284, 9.094 ], [ -12.277, 9.096 ], [ -12.272, 9.095 ], [ -12.267, 9.096 ], [ -12.266, 9.097 ], [ -12.265, 9.099 ], [ -12.263, 9.099 ], [ -12.262, 9.101 ], [ -12.259, 9.102 ], [ -12.259, 9.102 ], [ -12.258, 9.103 ], [ -12.257, 9.104 ], [ -12.256, 9.107 ], [ -12.252, 9.11 ], [ -12.249, 9.112 ], [ -12.246, 9.114 ], [ -12.245, 9.114 ], [ -12.244, 9.115 ], [ -12.244, 9.116 ], [ -12.242, 9.117 ], [ -12.24, 9.119 ], [ -12.238, 9.119 ], [ -12.234, 9.119 ], [ -12.235, 9.121 ], [ -12.237, 9.123 ], [ -12.236, 9.125 ], [ -12.235, 9.126 ], [ -12.234, 9.129 ], [ -12.23, 9.128 ], [ -12.232, 9.129 ], [ -12.232, 9.131 ], [ -12.233, 9.132 ], [ -12.235, 9.134 ], [ -12.234, 9.135 ], [ -12.232, 9.137 ], [ -12.227, 9.14 ], [ -12.223, 9.143 ], [ -12.221, 9.143 ], [ -12.218, 9.144 ], [ -12.218, 9.145 ], [ -12.216, 9.146 ], [ -12.215, 9.149 ], [ -12.213, 9.152 ], [ -12.214, 9.156 ], [ -12.215, 9.159 ], [ -12.215, 9.16 ], [ -12.215, 9.163 ], [ -12.214, 9.163 ], [ -12.209, 9.167 ], [ -12.204, 9.17 ], [ -12.204, 9.17 ], [ -12.201, 9.173 ], [ -12.197, 9.174 ], [ -12.195, 9.178 ], [ -12.192, 9.18 ], [ -12.186, 9.186 ], [ -12.186, 9.189 ], [ -12.182, 9.188 ], [ -12.182, 9.191 ], [ -12.181, 9.193 ], [ -12.18, 9.193 ], [ -12.181, 9.193 ], [ -12.183, 9.195 ], [ -12.182, 9.196 ], [ -12.182, 9.197 ], [ -12.179, 9.203 ], [ -12.177, 9.207 ], [ -12.175, 9.213 ], [ -12.175, 9.215 ], [ -12.175, 9.217 ], [ -12.173, 9.219 ], [ -12.168, 9.226 ], [ -12.167, 9.226 ], [ -12.163, 9.23 ], [ -12.157, 9.233 ], [ -12.156, 9.234 ], [ -12.154, 9.232 ], [ -12.152, 9.235 ], [ -12.151, 9.237 ], [ -12.15, 9.237 ], [ -12.15, 9.238 ], [ -12.149, 9.239 ], [ -12.15, 9.239 ], [ -12.151, 9.238 ], [ -12.152, 9.238 ], [ -12.159, 9.239 ], [ -12.164, 9.239 ], [ -12.171, 9.239 ], [ -12.179, 9.239 ], [ -12.18, 9.239 ], [ -12.185, 9.241 ], [ -12.186, 9.243 ], [ -12.191, 9.245 ], [ -12.193, 9.246 ], [ -12.195, 9.246 ], [ -12.201, 9.247 ], [ -12.203, 9.247 ], [ -12.209, 9.248 ], [ -12.217, 9.247 ], [ -12.217, 9.246 ], [ -12.224, 9.245 ], [ -12.227, 9.244 ], [ -12.23, 9.245 ], [ -12.232, 9.247 ], [ -12.233, 9.248 ], [ -12.234, 9.249 ], [ -12.237, 9.25 ], [ -12.24, 9.252 ], [ -12.248, 9.26 ], [ -12.251, 9.262 ], [ -12.253, 9.264 ], [ -12.255, 9.265 ], [ -12.258, 9.268 ], [ -12.26, 9.27 ], [ -12.258, 9.271 ], [ -12.256, 9.272 ], [ -12.251, 9.275 ], [ -12.25, 9.275 ], [ -12.249, 9.276 ], [ -12.247, 9.279 ], [ -12.246, 9.279 ], [ -12.243, 9.283 ], [ -12.239, 9.285 ], [ -12.234, 9.287 ], [ -12.238, 9.289 ], [ -12.243, 9.292 ], [ -12.244, 9.292 ], [ -12.242, 9.296 ], [ -12.242, 9.296 ], [ -12.241, 9.298 ], [ -12.24, 9.3 ], [ -12.239, 9.302 ], [ -12.239, 9.305 ], [ -12.236, 9.308 ], [ -12.234, 9.311 ], [ -12.232, 9.314 ], [ -12.233, 9.316 ], [ -12.234, 9.316 ], [ -12.235, 9.318 ], [ -12.238, 9.318 ], [ -12.239, 9.319 ], [ -12.24, 9.32 ], [ -12.242, 9.321 ], [ -12.242, 9.321 ], [ -12.245, 9.323 ], [ -12.247, 9.324 ], [ -12.249, 9.324 ], [ -12.251, 9.326 ], [ -12.251, 9.327 ], [ -12.254, 9.327 ], [ -12.256, 9.328 ], [ -12.259, 9.328 ], [ -12.259, 9.329 ], [ -12.261, 9.333 ], [ -12.262, 9.336 ], [ -12.262, 9.336 ], [ -12.261, 9.34 ], [ -12.261, 9.34 ], [ -12.258, 9.338 ], [ -12.255, 9.337 ], [ -12.251, 9.338 ], [ -12.247, 9.34 ], [ -12.247, 9.342 ], [ -12.247, 9.344 ], [ -12.245, 9.344 ], [ -12.244, 9.344 ], [ -12.241, 9.344 ], [ -12.238, 9.346 ], [ -12.238, 9.346 ], [ -12.236, 9.346 ], [ -12.232, 9.348 ], [ -12.232, 9.349 ], [ -12.229, 9.351 ], [ -12.228, 9.352 ], [ -12.226, 9.354 ], [ -12.223, 9.357 ], [ -12.222, 9.362 ], [ -12.222, 9.362 ], [ -12.222, 9.365 ], [ -12.221, 9.366 ], [ -12.219, 9.368 ], [ -12.217, 9.368 ], [ -12.215, 9.369 ], [ -12.213, 9.369 ], [ -12.211, 9.369 ], [ -12.212, 9.363 ], [ -12.212, 9.359 ], [ -12.211, 9.354 ], [ -12.21, 9.35 ], [ -12.207, 9.347 ], [ -12.207, 9.347 ], [ -12.205, 9.344 ], [ -12.205, 9.344 ], [ -12.202, 9.341 ], [ -12.199, 9.339 ], [ -12.198, 9.338 ], [ -12.196, 9.337 ], [ -12.195, 9.336 ], [ -12.192, 9.335 ], [ -12.192, 9.334 ], [ -12.19, 9.333 ], [ -12.189, 9.332 ], [ -12.187, 9.331 ], [ -12.186, 9.331 ], [ -12.182, 9.331 ], [ -12.179, 9.331 ], [ -12.172, 9.33 ], [ -12.171, 9.33 ], [ -12.168, 9.329 ], [ -12.164, 9.33 ], [ -12.161, 9.329 ], [ -12.158, 9.329 ], [ -12.156, 9.329 ], [ -12.156, 9.325 ], [ -12.153, 9.324 ], [ -12.151, 9.324 ], [ -12.149, 9.324 ], [ -12.147, 9.324 ], [ -12.145, 9.324 ], [ -12.143, 9.324 ], [ -12.142, 9.324 ], [ -12.142, 9.324 ], [ -12.136, 9.321 ], [ -12.126, 9.318 ], [ -12.122, 9.322 ], [ -12.121, 9.325 ], [ -12.118, 9.327 ], [ -12.116, 9.329 ], [ -12.114, 9.331 ], [ -12.112, 9.333 ], [ -12.111, 9.335 ], [ -12.109, 9.337 ], [ -12.105, 9.339 ], [ -12.104, 9.341 ], [ -12.102, 9.343 ], [ -12.1, 9.345 ], [ -12.1, 9.345 ], [ -12.096, 9.348 ], [ -12.094, 9.351 ], [ -12.094, 9.354 ], [ -12.095, 9.355 ], [ -12.098, 9.356 ], [ -12.1, 9.356 ], [ -12.101, 9.36 ], [ -12.099, 9.363 ], [ -12.099, 9.365 ], [ -12.097, 9.368 ], [ -12.096, 9.371 ], [ -12.096, 9.375 ], [ -12.096, 9.378 ], [ -12.096, 9.379 ], [ -12.095, 9.38 ], [ -12.09, 9.382 ], [ -12.086, 9.38 ], [ -12.081, 9.379 ], [ -12.076, 9.378 ], [ -12.072, 9.378 ], [ -12.07, 9.377 ], [ -12.067, 9.375 ], [ -12.067, 9.375 ], [ -12.065, 9.373 ], [ -12.064, 9.373 ], [ -12.064, 9.373 ], [ -12.059, 9.37 ], [ -12.057, 9.369 ], [ -12.055, 9.369 ], [ -12.051, 9.368 ], [ -12.05, 9.368 ], [ -12.046, 9.368 ], [ -12.041, 9.369 ], [ -12.037, 9.369 ], [ -12.033, 9.371 ], [ -12.03, 9.372 ], [ -12.028, 9.373 ], [ -12.026, 9.374 ], [ -12.024, 9.373 ], [ -12.023, 9.373 ], [ -12.022, 9.371 ], [ -12.021, 9.368 ], [ -12.018, 9.367 ], [ -12.016, 9.367 ], [ -12.014, 9.367 ], [ -12.012, 9.37 ], [ -12.013, 9.373 ], [ -12.011, 9.375 ], [ -12.009, 9.374 ], [ -12.007, 9.374 ], [ -12.004, 9.372 ], [ -12.002, 9.372 ], [ -12.002, 9.373 ], [ -11.999, 9.372 ], [ -11.997, 9.37 ], [ -11.994, 9.368 ], [ -11.991, 9.373 ], [ -11.992, 9.38 ], [ -11.991, 9.382 ], [ -11.99, 9.385 ], [ -11.99, 9.389 ], [ -11.993, 9.39 ], [ -11.995, 9.393 ], [ -11.996, 9.394 ], [ -11.996, 9.397 ], [ -11.994, 9.4 ], [ -11.992, 9.403 ], [ -11.991, 9.405 ], [ -11.988, 9.409 ], [ -11.986, 9.41 ], [ -11.984, 9.41 ], [ -11.982, 9.41 ], [ -11.98, 9.411 ], [ -11.981, 9.411 ], [ -11.982, 9.416 ], [ -11.984, 9.42 ], [ -11.984, 9.422 ], [ -11.982, 9.425 ], [ -11.98, 9.427 ], [ -11.982, 9.432 ], [ -11.981, 9.435 ], [ -11.98, 9.438 ], [ -11.981, 9.443 ], [ -11.981, 9.445 ], [ -11.978, 9.447 ], [ -11.979, 9.448 ], [ -11.977, 9.456 ], [ -11.976, 9.46 ], [ -11.973, 9.461 ], [ -11.973, 9.464 ], [ -11.974, 9.468 ], [ -11.975, 9.471 ], [ -11.975, 9.482 ], [ -11.974, 9.483 ], [ -11.97, 9.482 ], [ -11.97, 9.486 ], [ -11.97, 9.489 ], [ -11.97, 9.493 ], [ -11.97, 9.495 ], [ -11.969, 9.501 ], [ -11.966, 9.506 ], [ -11.962, 9.507 ], [ -11.961, 9.507 ], [ -11.961, 9.507 ], [ -11.961, 9.507 ], [ -11.961, 9.507 ], [ -11.96, 9.513 ], [ -11.964, 9.513 ], [ -11.962, 9.517 ], [ -11.961, 9.521 ], [ -11.956, 9.522 ], [ -11.953, 9.526 ], [ -11.952, 9.529 ], [ -11.95, 9.534 ], [ -11.943, 9.531 ], [ -11.941, 9.534 ], [ -11.937, 9.534 ], [ -11.934, 9.536 ], [ -11.934, 9.537 ], [ -11.927, 9.538 ], [ -11.92, 9.539 ], [ -11.914, 9.538 ], [ -11.906, 9.539 ], [ -11.906, 9.539 ], [ -11.9, 9.54 ], [ -11.897, 9.54 ], [ -11.895, 9.541 ], [ -11.891, 9.539 ], [ -11.885, 9.539 ], [ -11.886, 9.534 ], [ -11.886, 9.529 ], [ -11.888, 9.527 ], [ -11.889, 9.522 ], [ -11.889, 9.518 ], [ -11.89, 9.514 ], [ -11.887, 9.511 ], [ -11.885, 9.516 ], [ -11.882, 9.521 ], [ -11.877, 9.519 ], [ -11.874, 9.516 ], [ -11.871, 9.512 ], [ -11.867, 9.508 ], [ -11.868, 9.504 ], [ -11.873, 9.505 ], [ -11.876, 9.502 ], [ -11.874, 9.496 ], [ -11.877, 9.491 ], [ -11.878, 9.49 ], [ -11.88, 9.488 ], [ -11.88, 9.488 ], [ -11.877, 9.48 ], [ -11.877, 9.477 ], [ -11.876, 9.473 ], [ -11.873, 9.466 ], [ -11.867, 9.462 ], [ -11.862, 9.461 ], [ -11.859, 9.456 ], [ -11.855, 9.451 ], [ -11.849, 9.449 ], [ -11.841, 9.446 ], [ -11.843, 9.439 ], [ -11.842, 9.436 ], [ -11.842, 9.434 ], [ -11.841, 9.433 ], [ -11.841, 9.431 ], [ -11.835, 9.427 ], [ -11.833, 9.423 ], [ -11.832, 9.42 ], [ -11.823, 9.409 ], [ -11.822, 9.407 ], [ -11.819, 9.403 ], [ -11.812, 9.398 ], [ -11.813, 9.397 ], [ -11.816, 9.39 ], [ -11.816, 9.39 ], [ -11.817, 9.384 ], [ -11.82, 9.376 ], [ -11.821, 9.374 ], [ -11.822, 9.372 ], [ -11.824, 9.365 ], [ -11.825, 9.361 ], [ -11.818, 9.361 ], [ -11.811, 9.355 ], [ -11.808, 9.347 ], [ -11.818, 9.339 ], [ -11.825, 9.333 ], [ -11.83, 9.329 ], [ -11.842, 9.319 ], [ -11.843, 9.318 ], [ -11.844, 9.317 ], [ -11.845, 9.315 ], [ -11.848, 9.309 ], [ -11.847, 9.301 ], [ -11.845, 9.295 ], [ -11.844, 9.292 ], [ -11.844, 9.292 ], [ -11.844, 9.291 ], [ -11.843, 9.282 ], [ -11.838, 9.273 ], [ -11.837, 9.266 ], [ -11.844, 9.266 ], [ -11.85, 9.265 ], [ -11.854, 9.268 ], [ -11.86, 9.268 ], [ -11.865, 9.267 ], [ -11.865, 9.261 ], [ -11.864, 9.261 ], [ -11.859, 9.26 ], [ -11.857, 9.261 ], [ -11.854, 9.26 ], [ -11.852, 9.253 ], [ -11.851, 9.25 ], [ -11.846, 9.253 ], [ -11.841, 9.253 ], [ -11.839, 9.248 ], [ -11.839, 9.241 ], [ -11.836, 9.234 ], [ -11.833, 9.231 ], [ -11.832, 9.229 ], [ -11.825, 9.228 ], [ -11.824, 9.229 ], [ -11.823, 9.23 ], [ -11.821, 9.232 ], [ -11.81, 9.233 ], [ -11.805, 9.233 ], [ -11.801, 9.23 ], [ -11.797, 9.231 ], [ -11.796, 9.231 ], [ -11.796, 9.229 ], [ -11.796, 9.224 ], [ -11.796, 9.216 ], [ -11.797, 9.21 ], [ -11.799, 9.207 ], [ -11.803, 9.204 ], [ -11.806, 9.202 ], [ -11.813, 9.2 ], [ -11.816, 9.195 ], [ -11.817, 9.193 ], [ -11.822, 9.186 ], [ -11.82, 9.18 ], [ -11.818, 9.17 ], [ -11.825, 9.162 ], [ -11.833, 9.157 ], [ -11.834, 9.157 ], [ -11.838, 9.148 ], [ -11.838, 9.141 ], [ -11.841, 9.131 ], [ -11.841, 9.126 ], [ -11.842, 9.121 ], [ -11.839, 9.115 ], [ -11.834, 9.109 ], [ -11.834, 9.108 ], [ -11.827, 9.106 ], [ -11.82, 9.106 ], [ -11.819, 9.106 ], [ -11.816, 9.1 ], [ -11.817, 9.091 ], [ -11.813, 9.083 ], [ -11.808, 9.079 ], [ -11.805, 9.078 ], [ -11.798, 9.074 ], [ -11.794, 9.073 ], [ -11.792, 9.073 ], [ -11.786, 9.073 ], [ -11.781, 9.069 ], [ -11.78, 9.068 ], [ -11.773, 9.065 ], [ -11.764, 9.061 ], [ -11.762, 9.056 ], [ -11.768, 9.055 ], [ -11.767, 9.044 ], [ -11.769, 9.041 ], [ -11.774, 9.043 ], [ -11.779, 9.04 ], [ -11.78, 9.035 ], [ -11.78, 9.032 ], [ -11.785, 9.031 ], [ -11.787, 9.027 ], [ -11.789, 9.022 ], [ -11.792, 9.022 ], [ -11.795, 9.021 ], [ -11.798, 9.02 ], [ -11.798, 9.015 ], [ -11.8, 9.013 ], [ -11.804, 9.013 ], [ -11.806, 9.013 ], [ -11.811, 9.015 ], [ -11.813, 9.016 ], [ -11.815, 9.018 ], [ -11.817, 9.022 ], [ -11.819, 9.026 ], [ -11.822, 9.029 ], [ -11.824, 9.027 ], [ -11.822, 9.024 ], [ -11.82, 9.02 ], [ -11.822, 9.017 ], [ -11.823, 9.018 ], [ -11.825, 9.021 ], [ -11.827, 9.021 ], [ -11.83, 9.022 ], [ -11.832, 9.021 ], [ -11.833, 9.018 ], [ -11.829, 9.011 ], [ -11.832, 9.005 ], [ -11.835, 9.002 ], [ -11.838, 8.999 ], [ -11.841, 8.997 ], [ -11.845, 9.0 ], [ -11.849, 9.001 ], [ -11.851, 9.001 ], [ -11.854, 9.0 ], [ -11.86, 8.997 ], [ -11.863, 8.995 ], [ -11.864, 8.994 ], [ -11.866, 8.993 ], [ -11.868, 8.992 ], [ -11.871, 8.988 ], [ -11.871, 8.988 ], [ -11.865, 8.983 ], [ -11.868, 8.976 ], [ -11.871, 8.973 ], [ -11.879, 8.974 ], [ -11.883, 8.974 ], [ -11.884, 8.974 ], [ -11.887, 8.972 ], [ -11.887, 8.971 ], [ -11.885, 8.966 ], [ -11.882, 8.965 ], [ -11.882, 8.964 ], [ -11.88, 8.962 ], [ -11.88, 8.958 ], [ -11.879, 8.956 ], [ -11.878, 8.956 ], [ -11.874, 8.955 ], [ -11.871, 8.953 ], [ -11.873, 8.949 ], [ -11.875, 8.947 ], [ -11.873, 8.946 ], [ -11.87, 8.945 ], [ -11.871, 8.937 ], [ -11.872, 8.931 ], [ -11.873, 8.926 ], [ -11.873, 8.925 ], [ -11.873, 8.919 ], [ -11.873, 8.914 ], [ -11.873, 8.913 ], [ -11.873, 8.909 ], [ -11.873, 8.905 ], [ -11.87, 8.9 ], [ -11.868, 8.897 ], [ -11.869, 8.892 ], [ -11.867, 8.883 ], [ -11.867, 8.879 ], [ -11.871, 8.878 ], [ -11.871, 8.876 ], [ -11.871, 8.875 ], [ -11.871, 8.874 ], [ -11.875, 8.868 ], [ -11.879, 8.865 ], [ -11.882, 8.862 ], [ -11.884, 8.86 ], [ -11.885, 8.86 ], [ -11.881, 8.856 ], [ -11.882, 8.851 ], [ -11.882, 8.851 ], [ -11.882, 8.846 ], [ -11.884, 8.842 ], [ -11.884, 8.839 ], [ -11.883, 8.833 ], [ -11.886, 8.827 ], [ -11.886, 8.821 ], [ -11.885, 8.818 ], [ -11.885, 8.818 ], [ -11.885, 8.816 ], [ -11.884, 8.81 ], [ -11.882, 8.805 ], [ -11.884, 8.801 ], [ -11.885, 8.797 ], [ -11.881, 8.793 ], [ -11.881, 8.791 ], [ -11.879, 8.788 ], [ -11.881, 8.783 ], [ -11.883, 8.779 ], [ -11.886, 8.781 ], [ -11.888, 8.781 ], [ -11.889, 8.779 ], [ -11.886, 8.775 ], [ -11.888, 8.77 ], [ -11.89, 8.766 ], [ -11.892, 8.765 ], [ -11.896, 8.764 ], [ -11.896, 8.764 ], [ -11.898, 8.761 ], [ -11.9, 8.757 ], [ -11.903, 8.753 ], [ -11.905, 8.752 ], [ -11.908, 8.755 ], [ -11.91, 8.754 ], [ -11.911, 8.75 ], [ -11.913, 8.748 ], [ -11.916, 8.748 ], [ -11.918, 8.75 ], [ -11.922, 8.748 ], [ -11.927, 8.744 ], [ -11.93, 8.743 ], [ -11.93, 8.743 ], [ -11.932, 8.742 ], [ -11.935, 8.739 ], [ -11.936, 8.739 ], [ -11.941, 8.737 ], [ -11.945, 8.734 ], [ -11.946, 8.734 ], [ -11.947, 8.733 ], [ -11.947, 8.732 ], [ -11.948, 8.731 ], [ -11.949, 8.73 ], [ -11.953, 8.727 ], [ -11.956, 8.726 ], [ -11.956, 8.726 ], [ -11.961, 8.724 ], [ -11.967, 8.721 ], [ -11.969, 8.72 ], [ -11.971, 8.719 ], [ -11.975, 8.716 ], [ -11.981, 8.713 ], [ -11.985, 8.711 ], [ -11.99, 8.709 ], [ -11.995, 8.707 ], [ -11.996, 8.706 ], [ -11.997, 8.703 ], [ -11.998, 8.702 ], [ -11.998, 8.702 ], [ -11.998, 8.701 ], [ -12.0, 8.698 ], [ -12.0, 8.693 ], [ -12.0, 8.69 ], [ -12.003, 8.684 ], [ -12.004, 8.682 ], [ -12.005, 8.681 ], [ -12.008, 8.68 ], [ -12.011, 8.68 ], [ -12.015, 8.68 ], [ -12.019, 8.683 ], [ -12.022, 8.684 ], [ -12.025, 8.683 ], [ -12.025, 8.686 ], [ -12.025, 8.688 ], [ -12.028, 8.689 ], [ -12.029, 8.688 ], [ -12.03, 8.686 ], [ -12.032, 8.682 ], [ -12.034, 8.68 ], [ -12.038, 8.679 ], [ -12.04, 8.68 ], [ -12.041, 8.681 ], [ -12.04, 8.684 ], [ -12.04, 8.688 ], [ -12.04, 8.69 ], [ -12.044, 8.692 ], [ -12.049, 8.692 ], [ -12.053, 8.692 ], [ -12.056, 8.689 ], [ -12.058, 8.686 ], [ -12.06, 8.686 ], [ -12.062, 8.689 ], [ -12.063, 8.695 ], [ -12.062, 8.699 ], [ -12.06, 8.703 ], [ -12.063, 8.705 ], [ -12.067, 8.705 ], [ -12.067, 8.705 ], [ -12.069, 8.705 ], [ -12.069, 8.705 ], [ -12.073, 8.704 ], [ -12.075, 8.699 ], [ -12.076, 8.693 ], [ -12.074, 8.687 ], [ -12.072, 8.684 ], [ -12.073, 8.681 ], [ -12.077, 8.682 ], [ -12.081, 8.683 ], [ -12.082, 8.683 ], [ -12.084, 8.681 ], [ -12.087, 8.68 ], [ -12.091, 8.678 ], [ -12.094, 8.675 ], [ -12.098, 8.675 ], [ -12.102, 8.675 ], [ -12.103, 8.674 ], [ -12.106, 8.668 ], [ -12.108, 8.664 ], [ -12.111, 8.663 ], [ -12.115, 8.664 ], [ -12.115, 8.664 ], [ -12.116, 8.663 ], [ -12.117, 8.663 ], [ -12.117, 8.662 ], [ -12.118, 8.662 ], [ -12.119, 8.661 ], [ -12.12, 8.66 ], [ -12.122, 8.659 ], [ -12.123, 8.657 ], [ -12.123, 8.655 ], [ -12.124, 8.652 ], [ -12.124, 8.65 ], [ -12.124, 8.649 ], [ -12.124, 8.649 ], [ -12.125, 8.648 ], [ -12.125, 8.644 ], [ -12.128, 8.642 ], [ -12.132, 8.641 ], [ -12.133, 8.641 ], [ -12.136, 8.641 ], [ -12.139, 8.64 ], [ -12.144, 8.639 ], [ -12.149, 8.639 ], [ -12.149, 8.639 ], [ -12.152, 8.637 ], [ -12.156, 8.637 ], [ -12.16, 8.635 ], [ -12.161, 8.635 ], [ -12.162, 8.635 ], [ -12.164, 8.634 ], [ -12.166, 8.633 ], [ -12.166, 8.632 ], [ -12.167, 8.63 ], [ -12.167, 8.627 ], [ -12.168, 8.626 ], [ -12.169, 8.624 ], [ -12.17, 8.622 ], [ -12.172, 8.619 ], [ -12.172, 8.619 ], [ -12.174, 8.617 ], [ -12.177, 8.617 ], [ -12.179, 8.619 ], [ -12.181, 8.621 ], [ -12.183, 8.623 ], [ -12.185, 8.623 ], [ -12.185, 8.622 ], [ -12.186, 8.621 ], [ -12.185, 8.618 ], [ -12.183, 8.617 ], [ -12.181, 8.616 ], [ -12.181, 8.615 ], [ -12.182, 8.613 ], [ -12.183, 8.613 ], [ -12.184, 8.611 ], [ -12.185, 8.61 ], [ -12.187, 8.609 ], [ -12.189, 8.608 ], [ -12.19, 8.605 ], [ -12.19, 8.602 ], [ -12.191, 8.599 ], [ -12.191, 8.598 ], [ -12.193, 8.597 ], [ -12.194, 8.596 ], [ -12.195, 8.595 ], [ -12.197, 8.595 ], [ -12.198, 8.596 ], [ -12.198, 8.597 ], [ -12.199, 8.599 ], [ -12.199, 8.602 ], [ -12.2, 8.605 ], [ -12.2, 8.606 ], [ -12.2, 8.607 ] ] ] ] } },
{ "type": "Feature", "properties": { "NEW_DIST": "Bonthe", "NEW_PROV": "Southern", "CS_Pro_Num": 3, "CS_Pro_Nam": "Southern", "CS_Dis_Num": 32, "CS_Dis_Nam": "Bonthe", "layer": "Bonthe District" }, "geometry": { "type": "MultiPolygon", "coordinates": [ [ [ [ -12.563, 7.376 ], [ -12.563, 7.376 ], [ -12.563, 7.376 ], [ -12.563, 7.377 ], [ -12.563, 7.377 ], [ -12.563, 7.377 ], [ -12.562, 7.378 ], [ -12.562, 7.378 ], [ -12.562, 7.378 ], [ -12.562, 7.378 ], [ -12.562, 7.379 ], [ -12.562, 7.379 ], [ -12.562, 7.379 ], [ -12.562, 7.379 ], [ -12.562, 7.379 ], [ -12.562, 7.379 ], [ -12.561, 7.379 ], [ -12.561, 7.379 ], [ -12.561, 7.379 ], [ -12.561, 7.378 ], [ -12.561, 7.378 ], [ -12.561, 7.378 ], [ -12.561, 7.378 ], [ -12.561, 7.378 ], [ -12.561, 7.378 ], [ -12.561, 7.378 ], [ -12.561, 7.377 ], [ -12.561, 7.377 ], [ -12.562, 7.377 ], [ -12.562, 7.377 ], [ -12.562, 7.377 ], [ -12.562, 7.377 ], [ -12.562, 7.377 ], [ -12.562, 7.377 ], [ -12.563, 7.376 ], [ -12.563, 7.376 ] ] ], [ [ [ -12.569, 7.4 ], [ -12.568, 7.399 ], [ -12.569, 7.398 ], [ -12.569, 7.397 ], [ -12.569, 7.397 ], [ -12.569, 7.396 ], [ -12.569, 7.395 ], [ -12.569, 7.394 ], [ -12.569, 7.394 ], [ -12.569, 7.393 ], [ -12.569, 7.393 ], [ -12.568, 7.392 ], [ -12.568, 7.392 ], [ -12.568, 7.392 ], [ -12.569, 7.392 ], [ -12.569, 7.393 ], [ -12.57, 7.393 ], [ -12.57, 7.393 ], [ -12.57, 7.393 ], [ -12.571, 7.393 ], [ -12.571, 7.393 ], [ -12.571, 7.394 ], [ -12.571, 7.394 ], [ -12.57, 7.395 ], [ -12.57, 7.395 ], [ -12.57, 7.395 ], [ -12.57, 7.397 ], [ -12.57, 7.398 ], [ -12.57, 7.398 ], [ -12.57, 7.399 ], [ -12.57, 7.4 ], [ -12.57, 7.4 ], [ -12.57, 7.4 ], [ -12.57, 7.4 ], [ -12.569, 7.4 ], [ -12.569, 7.4 ], [ -12.569, 7.4 ], [ -12.569, 7.4 ] ] ], [ [ [ -12.567, 7.42 ], [ -12.566, 7.42 ], [ -12.566, 7.42 ], [ -12.565, 7.42 ], [ -12.566, 7.419 ], [ -12.567, 7.419 ], [ -12.567, 7.418 ], [ -12.568, 7.417 ], [ -12.569, 7.415 ], [ -12.57, 7.415 ], [ -12.57, 7.416 ], [ -12.57, 7.417 ], [ -12.569, 7.419 ], [ -12.567, 7.42 ] ] ], [ [ [ -12.57, 7.401 ], [ -12.571, 7.401 ], [ -12.572, 7.403 ], [ -12.573, 7.406 ], [ -12.574, 7.407 ], [ -12.575, 7.409 ], [ -12.575, 7.41 ], [ -12.573, 7.411 ], [ -12.572, 7.411 ], [ -12.572, 7.41 ], [ -12.574, 7.409 ], [ -12.573, 7.409 ], [ -12.573, 7.408 ], [ -12.572, 7.407 ], [ -12.571, 7.405 ], [ -12.57, 7.404 ], [ -12.569, 7.402 ], [ -12.57, 7.401 ] ] ], [ [ [ -11.942, 7.225 ], [ -11.944, 7.221 ], [ -11.95, 7.206 ], [ -11.954, 7.2 ], [ -11.96, 7.193 ], [ -11.96, 7.192 ], [ -11.96, 7.192 ], [ -11.972, 7.196 ], [ -11.984, 7.201 ], [ -11.99, 7.203 ], [ -11.994, 7.204 ], [ -12.02, 7.214 ], [ -12.047, 7.224 ], [ -12.053, 7.226 ], [ -12.056, 7.227 ], [ -12.068, 7.232 ], [ -12.093, 7.242 ], [ -12.128, 7.256 ], [ -12.134, 7.258 ], [ -12.135, 7.258 ], [ -12.148, 7.263 ], [ -12.154, 7.265 ], [ -12.166, 7.27 ], [ -12.173, 7.272 ], [ -12.193, 7.28 ], [ -12.201, 7.283 ], [ -12.216, 7.288 ], [ -12.218, 7.289 ], [ -12.251, 7.302 ], [ -12.269, 7.31 ], [ -12.287, 7.316 ], [ -12.287, 7.316 ], [ -12.318, 7.328 ], [ -12.325, 7.331 ], [ -12.36, 7.342 ], [ -12.388, 7.353 ], [ -12.393, 7.355 ], [ -12.394, 7.355 ], [ -12.394, 7.355 ], [ -12.44, 7.369 ], [ -12.441, 7.369 ], [ -12.447, 7.372 ], [ -12.45, 7.373 ], [ -12.452, 7.38 ], [ -12.46, 7.392 ], [ -12.466, 7.401 ], [ -12.47, 7.407 ], [ -12.469, 7.407 ], [ -12.464, 7.407 ], [ -12.455, 7.407 ], [ -12.45, 7.407 ], [ -12.444, 7.408 ], [ -12.436, 7.41 ], [ -12.43, 7.411 ], [ -12.425, 7.412 ], [ -12.42, 7.413 ], [ -12.413, 7.409 ], [ -12.414, 7.409 ], [ -12.413, 7.409 ], [ -12.412, 7.413 ], [ -12.412, 7.414 ], [ -12.412, 7.414 ], [ -12.412, 7.414 ], [ -12.414, 7.416 ], [ -12.418, 7.419 ], [ -12.422, 7.42 ], [ -12.427, 7.422 ], [ -12.432, 7.423 ], [ -12.435, 7.425 ], [ -12.439, 7.428 ], [ -12.439, 7.428 ], [ -12.443, 7.428 ], [ -12.451, 7.425 ], [ -12.454, 7.424 ], [ -12.459, 7.423 ], [ -12.466, 7.425 ], [ -12.47, 7.429 ], [ -12.475, 7.434 ], [ -12.477, 7.439 ], [ -12.483, 7.444 ], [ -12.487, 7.446 ], [ -12.489, 7.448 ], [ -12.49, 7.449 ], [ -12.488, 7.454 ], [ -12.484, 7.458 ], [ -12.484, 7.459 ], [ -12.48, 7.462 ], [ -12.475, 7.47 ], [ -12.473, 7.475 ], [ -12.469, 7.479 ], [ -12.468, 7.482 ], [ -12.467, 7.483 ], [ -12.466, 7.485 ], [ -12.464, 7.488 ], [ -12.462, 7.49 ], [ -12.46, 7.497 ], [ -12.459, 7.502 ], [ -12.457, 7.506 ], [ -12.453, 7.51 ], [ -12.449, 7.513 ], [ -12.446, 7.515 ], [ -12.444, 7.517 ], [ -12.443, 7.52 ], [ -12.433, 7.527 ], [ -12.43, 7.53 ], [ -12.43, 7.53 ], [ -12.428, 7.53 ], [ -12.422, 7.53 ], [ -12.42, 7.527 ], [ -12.418, 7.528 ], [ -12.414, 7.53 ], [ -12.405, 7.531 ], [ -12.4, 7.533 ], [ -12.392, 7.536 ], [ -12.386, 7.534 ], [ -12.38, 7.537 ], [ -12.381, 7.541 ], [ -12.382, 7.542 ], [ -12.383, 7.543 ], [ -12.383, 7.543 ], [ -12.385, 7.544 ], [ -12.386, 7.544 ], [ -12.386, 7.545 ], [ -12.387, 7.545 ], [ -12.387, 7.545 ], [ -12.388, 7.545 ], [ -12.39, 7.545 ], [ -12.391, 7.546 ], [ -12.392, 7.547 ], [ -12.392, 7.548 ], [ -12.393, 7.549 ], [ -12.393, 7.551 ], [ -12.393, 7.553 ], [ -12.395, 7.554 ], [ -12.396, 7.554 ], [ -12.397, 7.552 ], [ -12.398, 7.55 ], [ -12.399, 7.549 ], [ -12.401, 7.549 ], [ -12.403, 7.549 ], [ -12.408, 7.55 ], [ -12.411, 7.552 ], [ -12.414, 7.553 ], [ -12.417, 7.554 ], [ -12.42, 7.555 ], [ -12.422, 7.556 ], [ -12.423, 7.557 ], [ -12.425, 7.557 ], [ -12.428, 7.557 ], [ -12.432, 7.556 ], [ -12.434, 7.555 ], [ -12.435, 7.555 ], [ -12.437, 7.554 ], [ -12.439, 7.554 ], [ -12.441, 7.554 ], [ -12.444, 7.555 ], [ -12.447, 7.556 ], [ -12.448, 7.556 ], [ -12.45, 7.557 ], [ -12.451, 7.557 ], [ -12.453, 7.557 ], [ -12.455, 7.556 ], [ -12.456, 7.555 ], [ -12.457, 7.555 ], [ -12.457, 7.554 ], [ -12.459, 7.554 ], [ -12.461, 7.554 ], [ -12.463, 7.555 ], [ -12.465, 7.556 ], [ -12.466, 7.558 ], [ -12.467, 7.559 ], [ -12.467, 7.559 ], [ -12.468, 7.559 ], [ -12.469, 7.561 ], [ -12.47, 7.562 ], [ -12.47, 7.564 ], [ -12.469, 7.565 ], [ -12.469, 7.566 ], [ -12.469, 7.567 ], [ -12.469, 7.569 ], [ -12.469, 7.57 ], [ -12.469, 7.572 ], [ -12.469, 7.573 ], [ -12.467, 7.575 ], [ -12.467, 7.577 ], [ -12.468, 7.58 ], [ -12.468, 7.583 ], [ -12.469, 7.586 ], [ -12.47, 7.588 ], [ -12.471, 7.592 ], [ -12.472, 7.594 ], [ -12.473, 7.597 ], [ -12.474, 7.6 ], [ -12.474, 7.601 ], [ -12.475, 7.603 ], [ -12.475, 7.605 ], [ -12.476, 7.607 ], [ -12.476, 7.609 ], [ -12.476, 7.609 ], [ -12.476, 7.611 ], [ -12.477, 7.612 ], [ -12.477, 7.613 ], [ -12.477, 7.614 ], [ -12.478, 7.615 ], [ -12.479, 7.615 ], [ -12.48, 7.616 ], [ -12.481, 7.618 ], [ -12.484, 7.621 ], [ -12.485, 7.623 ], [ -12.487, 7.625 ], [ -12.488, 7.626 ], [ -12.49, 7.627 ], [ -12.492, 7.627 ], [ -12.494, 7.628 ], [ -12.495, 7.629 ], [ -12.496, 7.629 ], [ -12.498, 7.629 ], [ -12.499, 7.63 ], [ -12.5, 7.633 ], [ -12.5, 7.635 ], [ -12.5, 7.637 ], [ -12.499, 7.639 ], [ -12.499, 7.64 ], [ -12.499, 7.643 ], [ -12.499, 7.645 ], [ -12.5, 7.646 ], [ -12.502, 7.646 ], [ -12.504, 7.645 ], [ -12.505, 7.643 ], [ -12.506, 7.64 ], [ -12.507, 7.639 ], [ -12.508, 7.637 ], [ -12.509, 7.636 ], [ -12.51, 7.636 ], [ -12.511, 7.636 ], [ -12.512, 7.637 ], [ -12.514, 7.638 ], [ -12.515, 7.64 ], [ -12.517, 7.641 ], [ -12.518, 7.642 ], [ -12.519, 7.643 ], [ -12.519, 7.644 ], [ -12.521, 7.645 ], [ -12.522, 7.646 ], [ -12.523, 7.647 ], [ -12.524, 7.648 ], [ -12.526, 7.649 ], [ -12.527, 7.649 ], [ -12.527, 7.649 ], [ -12.53, 7.649 ], [ -12.532, 7.648 ], [ -12.534, 7.649 ], [ -12.537, 7.65 ], [ -12.539, 7.652 ], [ -12.54, 7.654 ], [ -12.541, 7.656 ], [ -12.542, 7.658 ], [ -12.543, 7.66 ], [ -12.543, 7.661 ], [ -12.544, 7.662 ], [ -12.545, 7.662 ], [ -12.545, 7.664 ], [ -12.546, 7.665 ], [ -12.548, 7.667 ], [ -12.549, 7.668 ], [ -12.551, 7.669 ], [ -12.552, 7.67 ], [ -12.552, 7.671 ], [ -12.551, 7.672 ], [ -12.549, 7.676 ], [ -12.547, 7.679 ], [ -12.547, 7.681 ], [ -12.546, 7.682 ], [ -12.545, 7.683 ], [ -12.543, 7.684 ], [ -12.541, 7.684 ], [ -12.539, 7.685 ], [ -12.537, 7.685 ], [ -12.535, 7.685 ], [ -12.533, 7.685 ], [ -12.53, 7.686 ], [ -12.528, 7.686 ], [ -12.526, 7.687 ], [ -12.526, 7.687 ], [ -12.525, 7.688 ], [ -12.522, 7.689 ], [ -12.52, 7.69 ], [ -12.518, 7.692 ], [ -12.517, 7.694 ], [ -12.516, 7.697 ], [ -12.514, 7.701 ], [ -12.513, 7.704 ], [ -12.513, 7.706 ], [ -12.512, 7.708 ], [ -12.511, 7.71 ], [ -12.51, 7.713 ], [ -12.509, 7.716 ], [ -12.508, 7.718 ], [ -12.507, 7.72 ], [ -12.507, 7.722 ], [ -12.506, 7.724 ], [ -12.504, 7.726 ], [ -12.503, 7.728 ], [ -12.501, 7.73 ], [ -12.501, 7.732 ], [ -12.5, 7.734 ], [ -12.497, 7.736 ], [ -12.494, 7.74 ], [ -12.493, 7.741 ], [ -12.492, 7.743 ], [ -12.491, 7.744 ], [ -12.491, 7.745 ], [ -12.489, 7.745 ], [ -12.488, 7.745 ], [ -12.487, 7.744 ], [ -12.485, 7.742 ], [ -12.484, 7.74 ], [ -12.482, 7.736 ], [ -12.48, 7.733 ], [ -12.478, 7.73 ], [ -12.476, 7.728 ], [ -12.473, 7.725 ], [ -12.471, 7.723 ], [ -12.467, 7.721 ], [ -12.464, 7.721 ], [ -12.464, 7.721 ], [ -12.459, 7.721 ], [ -12.457, 7.722 ], [ -12.456, 7.722 ], [ -12.455, 7.723 ], [ -12.454, 7.724 ], [ -12.452, 7.725 ], [ -12.451, 7.727 ], [ -12.45, 7.728 ], [ -12.449, 7.73 ], [ -12.448, 7.731 ], [ -12.448, 7.733 ], [ -12.447, 7.734 ], [ -12.446, 7.737 ], [ -12.444, 7.738 ], [ -12.441, 7.74 ], [ -12.442, 7.741 ], [ -12.443, 7.741 ], [ -12.444, 7.741 ], [ -12.446, 7.741 ], [ -12.446, 7.741 ], [ -12.447, 7.742 ], [ -12.448, 7.742 ], [ -12.449, 7.742 ], [ -12.449, 7.745 ], [ -12.449, 7.747 ], [ -12.449, 7.75 ], [ -12.448, 7.751 ], [ -12.446, 7.753 ], [ -12.444, 7.754 ], [ -12.441, 7.755 ], [ -12.439, 7.755 ], [ -12.436, 7.756 ], [ -12.434, 7.756 ], [ -12.432, 7.756 ], [ -12.432, 7.757 ], [ -12.43, 7.757 ], [ -12.429, 7.758 ], [ -12.426, 7.76 ], [ -12.423, 7.763 ], [ -12.415, 7.765 ], [ -12.408, 7.766 ], [ -12.401, 7.764 ], [ -12.399, 7.763 ], [ -12.398, 7.761 ], [ -12.398, 7.758 ], [ -12.397, 7.756 ], [ -12.396, 7.756 ], [ -12.395, 7.756 ], [ -12.392, 7.758 ], [ -12.39, 7.761 ], [ -12.392, 7.764 ], [ -12.391, 7.767 ], [ -12.389, 7.769 ], [ -12.389, 7.772 ], [ -12.387, 7.773 ], [ -12.382, 7.775 ], [ -12.379, 7.776 ], [ -12.376, 7.777 ], [ -12.373, 7.778 ], [ -12.371, 7.779 ], [ -12.369, 7.783 ], [ -12.368, 7.785 ], [ -12.365, 7.789 ], [ -12.364, 7.795 ], [ -12.363, 7.797 ], [ -12.359, 7.801 ], [ -12.358, 7.803 ], [ -12.356, 7.805 ], [ -12.354, 7.808 ], [ -12.352, 7.808 ], [ -12.347, 7.805 ], [ -12.342, 7.805 ], [ -12.339, 7.805 ], [ -12.336, 7.803 ], [ -12.335, 7.803 ], [ -12.332, 7.801 ], [ -12.329, 7.801 ], [ -12.323, 7.801 ], [ -12.318, 7.801 ], [ -12.314, 7.8 ], [ -12.314, 7.8 ], [ -12.31, 7.8 ], [ -12.306, 7.801 ], [ -12.304, 7.801 ], [ -12.3, 7.801 ], [ -12.298, 7.801 ], [ -12.298, 7.8 ], [ -12.298, 7.8 ], [ -12.297, 7.799 ], [ -12.297, 7.798 ], [ -12.296, 7.798 ], [ -12.296, 7.798 ], [ -12.296, 7.798 ], [ -12.296, 7.797 ], [ -12.296, 7.797 ], [ -12.296, 7.797 ], [ -12.296, 7.796 ], [ -12.296, 7.796 ], [ -12.296, 7.796 ], [ -12.296, 7.794 ], [ -12.296, 7.793 ], [ -12.295, 7.794 ], [ -12.295, 7.793 ], [ -12.295, 7.793 ], [ -12.297, 7.792 ], [ -12.297, 7.792 ], [ -12.297, 7.791 ], [ -12.296, 7.791 ], [ -12.295, 7.791 ], [ -12.294, 7.791 ], [ -12.294, 7.791 ], [ -12.295, 7.791 ], [ -12.295, 7.79 ], [ -12.294, 7.789 ], [ -12.294, 7.789 ], [ -12.295, 7.788 ], [ -12.296, 7.786 ], [ -12.296, 7.785 ], [ -12.297, 7.784 ], [ -12.297, 7.782 ], [ -12.297, 7.782 ], [ -12.297, 7.782 ], [ -12.298, 7.781 ], [ -12.298, 7.778 ], [ -12.298, 7.776 ], [ -12.298, 7.775 ], [ -12.298, 7.774 ], [ -12.298, 7.768 ], [ -12.296, 7.764 ], [ -12.295, 7.761 ], [ -12.291, 7.754 ], [ -12.287, 7.748 ], [ -12.284, 7.744 ], [ -12.283, 7.743 ], [ -12.28, 7.739 ], [ -12.279, 7.737 ], [ -12.279, 7.737 ], [ -12.279, 7.736 ], [ -12.277, 7.734 ], [ -12.273, 7.729 ], [ -12.269, 7.726 ], [ -12.269, 7.725 ], [ -12.267, 7.723 ], [ -12.266, 7.721 ], [ -12.262, 7.718 ], [ -12.259, 7.716 ], [ -12.257, 7.714 ], [ -12.253, 7.711 ], [ -12.25, 7.704 ], [ -12.249, 7.699 ], [ -12.249, 7.699 ], [ -12.248, 7.695 ], [ -12.248, 7.695 ], [ -12.248, 7.694 ], [ -12.245, 7.692 ], [ -12.241, 7.69 ], [ -12.236, 7.689 ], [ -12.23, 7.689 ], [ -12.23, 7.689 ], [ -12.225, 7.689 ], [ -12.22, 7.688 ], [ -12.217, 7.687 ], [ -12.214, 7.686 ], [ -12.213, 7.685 ], [ -12.209, 7.682 ], [ -12.205, 7.679 ], [ -12.201, 7.675 ], [ -12.197, 7.671 ], [ -12.195, 7.669 ], [ -12.194, 7.668 ], [ -12.19, 7.666 ], [ -12.186, 7.664 ], [ -12.183, 7.666 ], [ -12.18, 7.666 ], [ -12.178, 7.667 ], [ -12.174, 7.666 ], [ -12.171, 7.665 ], [ -12.168, 7.668 ], [ -12.165, 7.67 ], [ -12.16, 7.67 ], [ -12.157, 7.667 ], [ -12.157, 7.666 ], [ -12.155, 7.664 ], [ -12.152, 7.663 ], [ -12.147, 7.663 ], [ -12.145, 7.664 ], [ -12.143, 7.664 ], [ -12.141, 7.664 ], [ -12.14, 7.663 ], [ -12.136, 7.662 ], [ -12.133, 7.662 ], [ -12.131, 7.662 ], [ -12.129, 7.662 ], [ -12.127, 7.662 ], [ -12.125, 7.662 ], [ -12.122, 7.663 ], [ -12.12, 7.664 ], [ -12.116, 7.668 ], [ -12.111, 7.672 ], [ -12.111, 7.672 ], [ -12.11, 7.672 ], [ -12.107, 7.676 ], [ -12.106, 7.677 ], [ -12.108, 7.679 ], [ -12.106, 7.679 ], [ -12.104, 7.679 ], [ -12.101, 7.681 ], [ -12.096, 7.683 ], [ -12.09, 7.687 ], [ -12.085, 7.689 ], [ -12.08, 7.691 ], [ -12.078, 7.691 ], [ -12.077, 7.691 ], [ -12.074, 7.692 ], [ -12.069, 7.692 ], [ -12.066, 7.692 ], [ -12.063, 7.691 ], [ -12.058, 7.691 ], [ -12.055, 7.691 ], [ -12.054, 7.691 ], [ -12.05, 7.691 ], [ -12.046, 7.689 ], [ -12.044, 7.687 ], [ -12.042, 7.685 ], [ -12.039, 7.683 ], [ -12.037, 7.68 ], [ -12.034, 7.676 ], [ -12.033, 7.674 ], [ -12.032, 7.672 ], [ -12.031, 7.67 ], [ -12.03, 7.667 ], [ -12.028, 7.665 ], [ -12.026, 7.662 ], [ -12.025, 7.661 ], [ -12.024, 7.66 ], [ -12.022, 7.658 ], [ -12.017, 7.658 ], [ -12.015, 7.66 ], [ -12.013, 7.661 ], [ -12.012, 7.664 ], [ -12.011, 7.666 ], [ -12.009, 7.668 ], [ -12.007, 7.669 ], [ -12.004, 7.669 ], [ -12.002, 7.668 ], [ -12.001, 7.665 ], [ -12.0, 7.662 ], [ -12.0, 7.661 ], [ -11.998, 7.662 ], [ -11.993, 7.662 ], [ -11.993, 7.662 ], [ -11.992, 7.662 ], [ -11.99, 7.662 ], [ -11.988, 7.66 ], [ -11.987, 7.656 ], [ -11.986, 7.655 ], [ -11.986, 7.653 ], [ -11.983, 7.651 ], [ -11.983, 7.651 ], [ -11.98, 7.651 ], [ -11.977, 7.652 ], [ -11.976, 7.654 ], [ -11.974, 7.655 ], [ -11.974, 7.655 ], [ -11.974, 7.655 ], [ -11.974, 7.654 ], [ -11.973, 7.654 ], [ -11.972, 7.652 ], [ -11.972, 7.652 ], [ -11.972, 7.652 ], [ -11.972, 7.652 ], [ -11.972, 7.651 ], [ -11.972, 7.65 ], [ -11.972, 7.649 ], [ -11.972, 7.647 ], [ -11.972, 7.646 ], [ -11.973, 7.643 ], [ -11.973, 7.643 ], [ -11.973, 7.642 ], [ -11.974, 7.641 ], [ -11.975, 7.64 ], [ -11.976, 7.637 ], [ -11.981, 7.635 ], [ -11.987, 7.637 ], [ -11.99, 7.638 ], [ -11.991, 7.639 ], [ -11.992, 7.639 ], [ -11.996, 7.64 ], [ -12.0, 7.639 ], [ -12.001, 7.639 ], [ -12.003, 7.637 ], [ -12.006, 7.633 ], [ -12.007, 7.63 ], [ -12.006, 7.626 ], [ -12.004, 7.621 ], [ -12.003, 7.616 ], [ -12.002, 7.613 ], [ -12.002, 7.612 ], [ -12.001, 7.609 ], [ -12.001, 7.609 ], [ -11.999, 7.604 ], [ -11.999, 7.603 ], [ -11.998, 7.599 ], [ -11.997, 7.595 ], [ -11.993, 7.595 ], [ -11.988, 7.597 ], [ -11.985, 7.598 ], [ -11.981, 7.599 ], [ -11.976, 7.6 ], [ -11.972, 7.601 ], [ -11.968, 7.602 ], [ -11.964, 7.603 ], [ -11.959, 7.603 ], [ -11.954, 7.604 ], [ -11.952, 7.603 ], [ -11.954, 7.6 ], [ -11.955, 7.599 ], [ -11.957, 7.598 ], [ -11.959, 7.596 ], [ -11.963, 7.595 ], [ -11.966, 7.591 ], [ -11.969, 7.588 ], [ -11.972, 7.584 ], [ -11.973, 7.58 ], [ -11.974, 7.577 ], [ -11.978, 7.572 ], [ -11.982, 7.568 ], [ -11.984, 7.565 ], [ -11.986, 7.562 ], [ -11.987, 7.56 ], [ -11.987, 7.56 ], [ -11.987, 7.559 ], [ -11.988, 7.558 ], [ -11.989, 7.555 ], [ -11.989, 7.553 ], [ -11.989, 7.55 ], [ -11.987, 7.548 ], [ -11.986, 7.546 ], [ -11.985, 7.544 ], [ -11.983, 7.542 ], [ -11.983, 7.541 ], [ -11.982, 7.54 ], [ -11.978, 7.538 ], [ -11.976, 7.537 ], [ -11.974, 7.536 ], [ -11.972, 7.534 ], [ -11.97, 7.533 ], [ -11.967, 7.531 ], [ -11.962, 7.531 ], [ -11.961, 7.53 ], [ -11.96, 7.53 ], [ -11.956, 7.53 ], [ -11.953, 7.53 ], [ -11.95, 7.531 ], [ -11.947, 7.529 ], [ -11.944, 7.53 ], [ -11.944, 7.53 ], [ -11.939, 7.531 ], [ -11.932, 7.531 ], [ -11.929, 7.531 ], [ -11.927, 7.531 ], [ -11.925, 7.531 ], [ -11.923, 7.532 ], [ -11.922, 7.533 ], [ -11.919, 7.535 ], [ -11.916, 7.536 ], [ -11.914, 7.535 ], [ -11.911, 7.533 ], [ -11.909, 7.532 ], [ -11.909, 7.532 ], [ -11.906, 7.53 ], [ -11.904, 7.529 ], [ -11.903, 7.528 ], [ -11.9, 7.526 ], [ -11.9, 7.526 ], [ -11.899, 7.525 ], [ -11.897, 7.523 ], [ -11.896, 7.521 ], [ -11.895, 7.52 ], [ -11.895, 7.519 ], [ -11.892, 7.518 ], [ -11.89, 7.516 ], [ -11.888, 7.515 ], [ -11.885, 7.514 ], [ -11.882, 7.512 ], [ -11.879, 7.51 ], [ -11.883, 7.506 ], [ -11.886, 7.503 ], [ -11.889, 7.5 ], [ -11.89, 7.5 ], [ -11.893, 7.496 ], [ -11.896, 7.495 ], [ -11.9, 7.491 ], [ -11.898, 7.489 ], [ -11.897, 7.488 ], [ -11.895, 7.485 ], [ -11.895, 7.485 ], [ -11.894, 7.483 ], [ -11.89, 7.482 ], [ -11.89, 7.48 ], [ -11.89, 7.478 ], [ -11.888, 7.476 ], [ -11.889, 7.475 ], [ -11.889, 7.474 ], [ -11.89, 7.471 ], [ -11.889, 7.469 ], [ -11.888, 7.468 ], [ -11.888, 7.468 ], [ -11.887, 7.464 ], [ -11.89, 7.464 ], [ -11.892, 7.461 ], [ -11.894, 7.461 ], [ -11.894, 7.459 ], [ -11.894, 7.457 ], [ -11.894, 7.456 ], [ -11.894, 7.455 ], [ -11.893, 7.452 ], [ -11.894, 7.45 ], [ -11.894, 7.447 ], [ -11.895, 7.445 ], [ -11.896, 7.441 ], [ -11.897, 7.44 ], [ -11.898, 7.44 ], [ -11.898, 7.44 ], [ -11.897, 7.438 ], [ -11.894, 7.437 ], [ -11.893, 7.435 ], [ -11.893, 7.433 ], [ -11.892, 7.431 ], [ -11.891, 7.43 ], [ -11.886, 7.427 ], [ -11.884, 7.423 ], [ -11.886, 7.421 ], [ -11.884, 7.419 ], [ -11.882, 7.419 ], [ -11.88, 7.418 ], [ -11.881, 7.417 ], [ -11.882, 7.416 ], [ -11.885, 7.415 ], [ -11.885, 7.413 ], [ -11.885, 7.412 ], [ -11.883, 7.41 ], [ -11.881, 7.408 ], [ -11.886, 7.409 ], [ -11.886, 7.403 ], [ -11.889, 7.401 ], [ -11.887, 7.399 ], [ -11.884, 7.399 ], [ -11.884, 7.396 ], [ -11.884, 7.394 ], [ -11.88, 7.395 ], [ -11.878, 7.394 ], [ -11.879, 7.385 ], [ -11.88, 7.38 ], [ -11.884, 7.374 ], [ -11.885, 7.373 ], [ -11.889, 7.364 ], [ -11.892, 7.353 ], [ -11.888, 7.349 ], [ -11.891, 7.347 ], [ -11.892, 7.346 ], [ -11.898, 7.34 ], [ -11.902, 7.338 ], [ -11.902, 7.337 ], [ -11.9, 7.334 ], [ -11.899, 7.333 ], [ -11.899, 7.328 ], [ -11.899, 7.326 ], [ -11.899, 7.321 ], [ -11.899, 7.31 ], [ -11.899, 7.302 ], [ -11.9, 7.299 ], [ -11.898, 7.292 ], [ -11.897, 7.291 ], [ -11.895, 7.289 ], [ -11.891, 7.287 ], [ -11.887, 7.284 ], [ -11.885, 7.284 ], [ -11.883, 7.283 ], [ -11.882, 7.283 ], [ -11.88, 7.281 ], [ -11.88, 7.281 ], [ -11.879, 7.277 ], [ -11.88, 7.274 ], [ -11.881, 7.272 ], [ -11.883, 7.265 ], [ -11.883, 7.259 ], [ -11.886, 7.254 ], [ -11.889, 7.25 ], [ -11.891, 7.242 ], [ -11.891, 7.24 ], [ -11.892, 7.236 ], [ -11.892, 7.228 ], [ -11.893, 7.225 ], [ -11.893, 7.223 ], [ -11.895, 7.214 ], [ -11.898, 7.211 ], [ -11.899, 7.21 ], [ -11.903, 7.212 ], [ -11.906, 7.213 ], [ -11.906, 7.213 ], [ -11.907, 7.213 ], [ -11.909, 7.214 ], [ -11.911, 7.217 ], [ -11.915, 7.218 ], [ -11.919, 7.214 ], [ -11.922, 7.213 ], [ -11.923, 7.213 ], [ -11.926, 7.217 ], [ -11.926, 7.217 ], [ -11.928, 7.223 ], [ -11.932, 7.227 ], [ -11.935, 7.228 ], [ -11.937, 7.229 ], [ -11.938, 7.228 ], [ -11.94, 7.228 ], [ -11.942, 7.225 ] ] ], [ [ [ -12.508, 7.39 ], [ -12.504, 7.391 ], [ -12.502, 7.39 ], [ -12.5, 7.391 ], [ -12.499, 7.392 ], [ -12.498, 7.394 ], [ -12.498, 7.395 ], [ -12.495, 7.397 ], [ -12.49, 7.401 ], [ -12.483, 7.404 ], [ -12.482, 7.405 ], [ -12.477, 7.407 ], [ -12.47, 7.407 ], [ -12.466, 7.401 ], [ -12.46, 7.392 ], [ -12.452, 7.38 ], [ -12.45, 7.373 ], [ -12.455, 7.374 ], [ -12.465, 7.376 ], [ -12.466, 7.376 ], [ -12.477, 7.378 ], [ -12.487, 7.38 ], [ -12.489, 7.38 ], [ -12.5, 7.382 ], [ -12.51, 7.383 ], [ -12.517, 7.384 ], [ -12.52, 7.384 ], [ -12.522, 7.385 ], [ -12.522, 7.387 ], [ -12.515, 7.388 ], [ -12.513, 7.389 ], [ -12.51, 7.39 ], [ -12.508, 7.39 ] ] ], [ [ [ -12.441, 7.41 ], [ -12.448, 7.41 ], [ -12.448, 7.413 ], [ -12.45, 7.415 ], [ -12.448, 7.416 ], [ -12.443, 7.418 ], [ -12.438, 7.419 ], [ -12.434, 7.421 ], [ -12.43, 7.42 ], [ -12.426, 7.419 ], [ -12.427, 7.416 ], [ -12.43, 7.414 ], [ -12.433, 7.413 ], [ -12.435, 7.412 ], [ -12.441, 7.41 ] ] ], [ [ [ -12.501, 7.429 ], [ -12.502, 7.427 ], [ -12.502, 7.428 ], [ -12.503, 7.429 ], [ -12.504, 7.43 ], [ -12.505, 7.432 ], [ -12.504, 7.434 ], [ -12.503, 7.435 ], [ -12.502, 7.435 ], [ -12.502, 7.434 ], [ -12.501, 7.433 ], [ -12.5, 7.431 ], [ -12.5, 7.43 ], [ -12.501, 7.429 ] ] ], [ [ [ -12.481, 7.431 ], [ -12.483, 7.431 ], [ -12.484, 7.432 ], [ -12.483, 7.433 ], [ -12.483, 7.434 ], [ -12.483, 7.435 ], [ -12.482, 7.436 ], [ -12.481, 7.437 ], [ -12.48, 7.436 ], [ -12.479, 7.434 ], [ -12.479, 7.433 ], [ -12.48, 7.432 ], [ -12.481, 7.431 ] ] ], [ [ [ -12.485, 7.432 ], [ -12.485, 7.431 ], [ -12.487, 7.431 ], [ -12.489, 7.432 ], [ -12.49, 7.434 ], [ -12.492, 7.436 ], [ -12.495, 7.44 ], [ -12.496, 7.442 ], [ -12.496, 7.443 ], [ -12.494, 7.446 ], [ -12.493, 7.448 ], [ -12.492, 7.446 ], [ -12.491, 7.444 ], [ -12.489, 7.442 ], [ -12.486, 7.44 ], [ -12.484, 7.438 ], [ -12.482, 7.438 ], [ -12.482, 7.437 ], [ -12.483, 7.435 ], [ -12.484, 7.433 ], [ -12.485, 7.432 ] ] ], [ [ [ -12.483, 7.441 ], [ -12.483, 7.44 ], [ -12.485, 7.441 ], [ -12.486, 7.442 ], [ -12.487, 7.443 ], [ -12.488, 7.444 ], [ -12.489, 7.445 ], [ -12.488, 7.445 ], [ -12.485, 7.444 ], [ -12.484, 7.444 ], [ -12.483, 7.442 ], [ -12.483, 7.441 ] ] ], [ [ [ -12.473, 7.513 ], [ -12.473, 7.513 ], [ -12.475, 7.513 ], [ -12.476, 7.513 ], [ -12.477, 7.513 ], [ -12.478, 7.514 ], [ -12.477, 7.515 ], [ -12.477, 7.517 ], [ -12.477, 7.519 ], [ -12.476, 7.521 ], [ -12.475, 7.523 ], [ -12.475, 7.523 ], [ -12.474, 7.523 ], [ -12.473, 7.521 ], [ -12.472, 7.518 ], [ -12.472, 7.515 ], [ -12.472, 7.515 ], [ -12.473, 7.513 ] ] ], [ [ [ -12.496, 7.447 ], [ -12.497, 7.446 ], [ -12.499, 7.447 ], [ -12.499, 7.448 ], [ -12.498, 7.451 ], [ -12.497, 7.452 ], [ -12.496, 7.453 ], [ -12.495, 7.454 ], [ -12.494, 7.453 ], [ -12.495, 7.452 ], [ -12.496, 7.449 ], [ -12.496, 7.447 ] ] ], [ [ [ -12.519, 7.454 ], [ -12.52, 7.453 ], [ -12.521, 7.454 ], [ -12.52, 7.455 ], [ -12.519, 7.455 ], [ -12.519, 7.454 ], [ -12.519, 7.454 ] ] ], [ [ [ -12.497, 7.469 ], [ -12.497, 7.469 ], [ -12.498, 7.468 ], [ -12.498, 7.467 ], [ -12.498, 7.467 ], [ -12.499, 7.466 ], [ -12.5, 7.466 ], [ -12.5, 7.465 ], [ -12.5, 7.465 ], [ -12.501, 7.466 ], [ -12.501, 7.467 ], [ -12.501, 7.467 ], [ -12.501, 7.468 ], [ -12.501, 7.468 ], [ -12.5, 7.469 ], [ -12.499, 7.469 ], [ -12.498, 7.469 ], [ -12.498, 7.469 ], [ -12.497, 7.469 ] ] ], [ [ [ -12.509, 7.47 ], [ -12.509, 7.469 ], [ -12.509, 7.468 ], [ -12.51, 7.467 ], [ -12.511, 7.467 ], [ -12.512, 7.466 ], [ -12.512, 7.466 ], [ -12.513, 7.465 ], [ -12.514, 7.465 ], [ -12.515, 7.465 ], [ -12.516, 7.465 ], [ -12.516, 7.466 ], [ -12.516, 7.466 ], [ -12.516, 7.467 ], [ -12.516, 7.468 ], [ -12.516, 7.468 ], [ -12.516, 7.469 ], [ -12.515, 7.47 ], [ -12.515, 7.47 ], [ -12.514, 7.47 ], [ -12.513, 7.47 ], [ -12.513, 7.469 ], [ -12.512, 7.469 ], [ -12.512, 7.47 ], [ -12.511, 7.47 ], [ -12.51, 7.47 ], [ -12.509, 7.47 ] ] ], [ [ [ -12.545, 7.389 ], [ -12.545, 7.389 ], [ -12.551, 7.388 ], [ -12.552, 7.388 ], [ -12.559, 7.388 ], [ -12.563, 7.39 ], [ -12.565, 7.39 ], [ -12.568, 7.393 ], [ -12.569, 7.395 ], [ -12.568, 7.399 ], [ -12.567, 7.404 ], [ -12.566, 7.405 ], [ -12.564, 7.408 ], [ -12.564, 7.411 ], [ -12.563, 7.414 ], [ -12.563, 7.417 ], [ -12.562, 7.418 ], [ -12.562, 7.423 ], [ -12.564, 7.43 ], [ -12.565, 7.431 ], [ -12.569, 7.436 ], [ -12.575, 7.444 ], [ -12.578, 7.449 ], [ -12.578, 7.449 ], [ -12.58, 7.452 ], [ -12.595, 7.461 ], [ -12.618, 7.473 ], [ -12.621, 7.474 ], [ -12.627, 7.477 ], [ -12.65, 7.487 ], [ -12.652, 7.487 ], [ -12.667, 7.493 ], [ -12.676, 7.496 ], [ -12.676, 7.496 ], [ -12.68, 7.498 ], [ -12.696, 7.502 ], [ -12.709, 7.507 ], [ -12.722, 7.511 ], [ -12.73, 7.514 ], [ -12.734, 7.515 ], [ -12.738, 7.516 ], [ -12.738, 7.516 ], [ -12.75, 7.52 ], [ -12.752, 7.521 ], [ -12.753, 7.521 ], [ -12.766, 7.525 ], [ -12.779, 7.529 ], [ -12.793, 7.533 ], [ -12.802, 7.535 ], [ -12.812, 7.538 ], [ -12.839, 7.545 ], [ -12.854, 7.549 ], [ -12.854, 7.549 ], [ -12.863, 7.552 ], [ -12.866, 7.551 ], [ -12.866, 7.551 ], [ -12.885, 7.557 ], [ -12.886, 7.557 ], [ -12.886, 7.557 ], [ -12.891, 7.558 ], [ -12.892, 7.559 ], [ -12.896, 7.56 ], [ -12.896, 7.56 ], [ -12.896, 7.56 ], [ -12.897, 7.56 ], [ -12.897, 7.56 ], [ -12.902, 7.561 ], [ -12.905, 7.562 ], [ -12.91, 7.563 ], [ -12.915, 7.564 ], [ -12.921, 7.565 ], [ -12.927, 7.566 ], [ -12.933, 7.567 ], [ -12.943, 7.568 ], [ -12.951, 7.568 ], [ -12.953, 7.568 ], [ -12.953, 7.568 ], [ -12.955, 7.568 ], [ -12.956, 7.568 ], [ -12.957, 7.57 ], [ -12.957, 7.57 ], [ -12.959, 7.571 ], [ -12.959, 7.575 ], [ -12.957, 7.576 ], [ -12.956, 7.576 ], [ -12.954, 7.578 ], [ -12.951, 7.579 ], [ -12.949, 7.58 ], [ -12.943, 7.58 ], [ -12.94, 7.577 ], [ -12.934, 7.577 ], [ -12.934, 7.576 ], [ -12.926, 7.576 ], [ -12.922, 7.579 ], [ -12.917, 7.58 ], [ -12.912, 7.579 ], [ -12.911, 7.578 ], [ -12.904, 7.576 ], [ -12.901, 7.576 ], [ -12.896, 7.571 ], [ -12.897, 7.574 ], [ -12.898, 7.577 ], [ -12.9, 7.58 ], [ -12.903, 7.581 ], [ -12.904, 7.582 ], [ -12.905, 7.582 ], [ -12.908, 7.583 ], [ -12.908, 7.583 ], [ -12.908, 7.583 ], [ -12.913, 7.585 ], [ -12.917, 7.587 ], [ -12.921, 7.591 ], [ -12.92, 7.592 ], [ -12.922, 7.592 ], [ -12.921, 7.594 ], [ -12.921, 7.594 ], [ -12.92, 7.595 ], [ -12.916, 7.599 ], [ -12.914, 7.601 ], [ -12.91, 7.604 ], [ -12.908, 7.606 ], [ -12.905, 7.606 ], [ -12.904, 7.606 ], [ -12.9, 7.606 ], [ -12.895, 7.609 ], [ -12.894, 7.609 ], [ -12.894, 7.61 ], [ -12.891, 7.611 ], [ -12.888, 7.612 ], [ -12.882, 7.614 ], [ -12.873, 7.618 ], [ -12.872, 7.619 ], [ -12.87, 7.619 ], [ -12.867, 7.617 ], [ -12.863, 7.617 ], [ -12.86, 7.619 ], [ -12.857, 7.619 ], [ -12.855, 7.617 ], [ -12.852, 7.617 ], [ -12.847, 7.617 ], [ -12.845, 7.616 ], [ -12.844, 7.616 ], [ -12.842, 7.617 ], [ -12.84, 7.618 ], [ -12.83, 7.621 ], [ -12.827, 7.622 ], [ -12.821, 7.625 ], [ -12.816, 7.622 ], [ -12.815, 7.62 ], [ -12.814, 7.619 ], [ -12.811, 7.618 ], [ -12.808, 7.625 ], [ -12.804, 7.627 ], [ -12.797, 7.628 ], [ -12.789, 7.629 ], [ -12.784, 7.628 ], [ -12.771, 7.628 ], [ -12.765, 7.626 ], [ -12.76, 7.625 ], [ -12.754, 7.625 ], [ -12.753, 7.625 ], [ -12.751, 7.625 ], [ -12.75, 7.625 ], [ -12.746, 7.625 ], [ -12.745, 7.626 ], [ -12.745, 7.626 ], [ -12.743, 7.627 ], [ -12.739, 7.627 ], [ -12.739, 7.627 ], [ -12.734, 7.627 ], [ -12.727, 7.629 ], [ -12.725, 7.626 ], [ -12.725, 7.626 ], [ -12.724, 7.626 ], [ -12.718, 7.629 ], [ -12.713, 7.629 ], [ -12.708, 7.632 ], [ -12.704, 7.635 ], [ -12.701, 7.639 ], [ -12.7, 7.639 ], [ -12.695, 7.641 ], [ -12.692, 7.641 ], [ -12.686, 7.64 ], [ -12.68, 7.641 ], [ -12.675, 7.64 ], [ -12.674, 7.639 ], [ -12.674, 7.638 ], [ -12.674, 7.638 ], [ -12.673, 7.637 ], [ -12.669, 7.64 ], [ -12.665, 7.64 ], [ -12.661, 7.638 ], [ -12.652, 7.64 ], [ -12.643, 7.641 ], [ -12.636, 7.643 ], [ -12.635, 7.643 ], [ -12.627, 7.643 ], [ -12.618, 7.642 ], [ -12.614, 7.641 ], [ -12.613, 7.641 ], [ -12.611, 7.641 ], [ -12.602, 7.639 ], [ -12.592, 7.639 ], [ -12.588, 7.637 ], [ -12.587, 7.636 ], [ -12.586, 7.635 ], [ -12.584, 7.633 ], [ -12.578, 7.625 ], [ -12.575, 7.621 ], [ -12.577, 7.619 ], [ -12.585, 7.615 ], [ -12.587, 7.612 ], [ -12.588, 7.612 ], [ -12.588, 7.612 ], [ -12.587, 7.612 ], [ -12.583, 7.612 ], [ -12.583, 7.612 ], [ -12.582, 7.611 ], [ -12.581, 7.611 ], [ -12.575, 7.613 ], [ -12.569, 7.617 ], [ -12.559, 7.615 ], [ -12.548, 7.612 ], [ -12.537, 7.607 ], [ -12.534, 7.606 ], [ -12.527, 7.601 ], [ -12.517, 7.594 ], [ -12.508, 7.589 ], [ -12.506, 7.586 ], [ -12.505, 7.586 ], [ -12.5, 7.58 ], [ -12.497, 7.574 ], [ -12.494, 7.569 ], [ -12.494, 7.569 ], [ -12.494, 7.568 ], [ -12.495, 7.564 ], [ -12.497, 7.56 ], [ -12.5, 7.553 ], [ -12.502, 7.551 ], [ -12.504, 7.547 ], [ -12.507, 7.549 ], [ -12.51, 7.549 ], [ -12.512, 7.551 ], [ -12.514, 7.556 ], [ -12.516, 7.556 ], [ -12.516, 7.554 ], [ -12.516, 7.55 ], [ -12.515, 7.549 ], [ -12.515, 7.548 ], [ -12.514, 7.547 ], [ -12.513, 7.545 ], [ -12.513, 7.544 ], [ -12.511, 7.542 ], [ -12.51, 7.54 ], [ -12.509, 7.539 ], [ -12.507, 7.538 ], [ -12.507, 7.538 ], [ -12.507, 7.538 ], [ -12.506, 7.538 ], [ -12.505, 7.537 ], [ -12.505, 7.536 ], [ -12.504, 7.536 ], [ -12.504, 7.536 ], [ -12.504, 7.536 ], [ -12.502, 7.534 ], [ -12.502, 7.534 ], [ -12.502, 7.532 ], [ -12.501, 7.531 ], [ -12.501, 7.531 ], [ -12.501, 7.53 ], [ -12.501, 7.529 ], [ -12.501, 7.529 ], [ -12.5, 7.528 ], [ -12.5, 7.527 ], [ -12.5, 7.527 ], [ -12.5, 7.526 ], [ -12.5, 7.526 ], [ -12.5, 7.525 ], [ -12.5, 7.523 ], [ -12.5, 7.523 ], [ -12.5, 7.522 ], [ -12.5, 7.522 ], [ -12.5, 7.522 ], [ -12.5, 7.521 ], [ -12.5, 7.521 ], [ -12.5, 7.52 ], [ -12.5, 7.52 ], [ -12.499, 7.52 ], [ -12.498, 7.52 ], [ -12.496, 7.519 ], [ -12.496, 7.518 ], [ -12.495, 7.516 ], [ -12.495, 7.515 ], [ -12.494, 7.514 ], [ -12.493, 7.514 ], [ -12.493, 7.516 ], [ -12.492, 7.516 ], [ -12.49, 7.514 ], [ -12.489, 7.511 ], [ -12.489, 7.509 ], [ -12.49, 7.506 ], [ -12.491, 7.506 ], [ -12.491, 7.507 ], [ -12.492, 7.507 ], [ -12.492, 7.507 ], [ -12.492, 7.507 ], [ -12.492, 7.505 ], [ -12.491, 7.504 ], [ -12.491, 7.503 ], [ -12.492, 7.502 ], [ -12.493, 7.5 ], [ -12.494, 7.499 ], [ -12.495, 7.499 ], [ -12.495, 7.499 ], [ -12.496, 7.499 ], [ -12.495, 7.498 ], [ -12.496, 7.497 ], [ -12.497, 7.496 ], [ -12.498, 7.497 ], [ -12.498, 7.497 ], [ -12.499, 7.497 ], [ -12.5, 7.498 ], [ -12.5, 7.498 ], [ -12.501, 7.497 ], [ -12.501, 7.497 ], [ -12.5, 7.496 ], [ -12.501, 7.495 ], [ -12.502, 7.493 ], [ -12.503, 7.492 ], [ -12.504, 7.492 ], [ -12.504, 7.491 ], [ -12.504, 7.491 ], [ -12.505, 7.49 ], [ -12.505, 7.49 ], [ -12.506, 7.49 ], [ -12.506, 7.489 ], [ -12.515, 7.484 ], [ -12.523, 7.477 ], [ -12.527, 7.473 ], [ -12.527, 7.473 ], [ -12.53, 7.468 ], [ -12.531, 7.468 ], [ -12.532, 7.459 ], [ -12.532, 7.458 ], [ -12.533, 7.446 ], [ -12.533, 7.442 ], [ -12.534, 7.434 ], [ -12.536, 7.426 ], [ -12.535, 7.419 ], [ -12.535, 7.416 ], [ -12.533, 7.411 ], [ -12.53, 7.408 ], [ -12.53, 7.406 ], [ -12.529, 7.404 ], [ -12.53, 7.4 ], [ -12.529, 7.397 ], [ -12.529, 7.396 ], [ -12.528, 7.395 ], [ -12.528, 7.392 ], [ -12.531, 7.391 ], [ -12.536, 7.391 ], [ -12.545, 7.389 ] ] ], [ [ [ -12.483, 7.521 ], [ -12.484, 7.521 ], [ -12.484, 7.521 ], [ -12.484, 7.521 ], [ -12.485, 7.521 ], [ -12.486, 7.522 ], [ -12.487, 7.524 ], [ -12.488, 7.526 ], [ -12.49, 7.527 ], [ -12.492, 7.529 ], [ -12.492, 7.531 ], [ -12.491, 7.532 ], [ -12.49, 7.535 ], [ -12.489, 7.536 ], [ -12.489, 7.535 ], [ -12.488, 7.534 ], [ -12.488, 7.533 ], [ -12.487, 7.531 ], [ -12.486, 7.529 ], [ -12.484, 7.528 ], [ -12.484, 7.526 ], [ -12.483, 7.524 ], [ -12.483, 7.523 ], [ -12.483, 7.521 ], [ -12.483, 7.521 ] ] ], [ [ [ -12.495, 7.532 ], [ -12.495, 7.532 ], [ -12.496, 7.532 ], [ -12.497, 7.532 ], [ -12.498, 7.533 ], [ -12.498, 7.536 ], [ -12.498, 7.537 ], [ -12.497, 7.538 ], [ -12.497, 7.54 ], [ -12.497, 7.541 ], [ -12.497, 7.542 ], [ -12.494, 7.542 ], [ -12.493, 7.542 ], [ -12.492, 7.542 ], [ -12.492, 7.539 ], [ -12.492, 7.538 ], [ -12.492, 7.536 ], [ -12.493, 7.536 ], [ -12.495, 7.534 ], [ -12.495, 7.533 ], [ -12.495, 7.532 ] ] ], [ [ [ -12.468, 7.522 ], [ -12.469, 7.522 ], [ -12.471, 7.523 ], [ -12.473, 7.526 ], [ -12.474, 7.528 ], [ -12.474, 7.529 ], [ -12.475, 7.531 ], [ -12.476, 7.534 ], [ -12.477, 7.536 ], [ -12.478, 7.538 ], [ -12.477, 7.54 ], [ -12.473, 7.542 ], [ -12.471, 7.543 ], [ -12.47, 7.544 ], [ -12.469, 7.545 ], [ -12.468, 7.544 ], [ -12.467, 7.544 ], [ -12.466, 7.544 ], [ -12.464, 7.543 ], [ -12.462, 7.542 ], [ -12.46, 7.541 ], [ -12.459, 7.541 ], [ -12.459, 7.54 ], [ -12.459, 7.539 ], [ -12.459, 7.538 ], [ -12.459, 7.536 ], [ -12.459, 7.535 ], [ -12.46, 7.534 ], [ -12.461, 7.534 ], [ -12.461, 7.534 ], [ -12.461, 7.533 ], [ -12.461, 7.53 ], [ -12.461, 7.529 ], [ -12.461, 7.528 ], [ -12.463, 7.527 ], [ -12.465, 7.526 ], [ -12.465, 7.526 ], [ -12.467, 7.525 ], [ -12.467, 7.524 ], [ -12.467, 7.522 ], [ -12.468, 7.522 ], [ -12.468, 7.522 ] ] ], [ [ [ -12.494, 7.543 ], [ -12.494, 7.543 ], [ -12.495, 7.544 ], [ -12.496, 7.544 ], [ -12.497, 7.545 ], [ -12.496, 7.546 ], [ -12.495, 7.547 ], [ -12.494, 7.548 ], [ -12.493, 7.547 ], [ -12.493, 7.547 ], [ -12.492, 7.546 ], [ -12.492, 7.545 ], [ -12.493, 7.544 ], [ -12.493, 7.543 ], [ -12.493, 7.543 ], [ -12.494, 7.543 ] ] ], [ [ [ -12.473, 7.545 ], [ -12.474, 7.545 ], [ -12.476, 7.545 ], [ -12.476, 7.545 ], [ -12.477, 7.544 ], [ -12.477, 7.544 ], [ -12.479, 7.543 ], [ -12.479, 7.542 ], [ -12.48, 7.543 ], [ -12.481, 7.543 ], [ -12.482, 7.544 ], [ -12.482, 7.545 ], [ -12.482, 7.546 ], [ -12.483, 7.548 ], [ -12.483, 7.549 ], [ -12.483, 7.55 ], [ -12.483, 7.551 ], [ -12.482, 7.551 ], [ -12.481, 7.551 ], [ -12.481, 7.55 ], [ -12.478, 7.549 ], [ -12.478, 7.549 ], [ -12.475, 7.547 ], [ -12.474, 7.547 ], [ -12.474, 7.547 ], [ -12.473, 7.546 ], [ -12.473, 7.545 ] ] ], [ [ [ -12.972, 7.564 ], [ -12.972, 7.563 ], [ -12.972, 7.562 ], [ -12.972, 7.562 ], [ -12.973, 7.562 ], [ -12.973, 7.561 ], [ -12.973, 7.561 ], [ -12.974, 7.562 ], [ -12.974, 7.562 ], [ -12.974, 7.563 ], [ -12.974, 7.563 ], [ -12.974, 7.564 ], [ -12.973, 7.564 ], [ -12.973, 7.564 ], [ -12.973, 7.564 ], [ -12.972, 7.564 ] ] ], [ [ [ -12.99, 7.586 ], [ -12.989, 7.586 ], [ -12.989, 7.586 ], [ -12.988, 7.588 ], [ -12.988, 7.589 ], [ -12.988, 7.59 ], [ -12.99, 7.59 ], [ -12.99, 7.591 ], [ -12.989, 7.593 ], [ -12.988, 7.594 ], [ -12.987, 7.594 ], [ -12.986, 7.592 ], [ -12.984, 7.591 ], [ -12.983, 7.589 ], [ -12.982, 7.589 ], [ -12.981, 7.589 ], [ -12.979, 7.588 ], [ -12.979, 7.588 ], [ -12.978, 7.589 ], [ -12.975, 7.589 ], [ -12.972, 7.589 ], [ -12.97, 7.589 ], [ -12.969, 7.588 ], [ -12.968, 7.586 ], [ -12.967, 7.585 ], [ -12.967, 7.583 ], [ -12.967, 7.582 ], [ -12.966, 7.582 ], [ -12.965, 7.581 ], [ -12.966, 7.579 ], [ -12.965, 7.578 ], [ -12.965, 7.578 ], [ -12.965, 7.577 ], [ -12.966, 7.577 ], [ -12.966, 7.576 ], [ -12.968, 7.576 ], [ -12.969, 7.574 ], [ -12.97, 7.571 ], [ -12.979, 7.57 ], [ -12.982, 7.571 ], [ -12.986, 7.573 ], [ -12.991, 7.576 ], [ -12.994, 7.578 ], [ -12.997, 7.579 ], [ -12.999, 7.579 ], [ -13.003, 7.581 ], [ -13.005, 7.583 ], [ -13.005, 7.584 ], [ -13.003, 7.585 ], [ -13.001, 7.585 ], [ -13.0, 7.586 ], [ -12.999, 7.588 ], [ -12.999, 7.589 ], [ -12.998, 7.591 ], [ -12.997, 7.59 ], [ -12.996, 7.591 ], [ -12.995, 7.591 ], [ -12.993, 7.591 ], [ -12.994, 7.59 ], [ -12.995, 7.589 ], [ -12.993, 7.587 ], [ -12.992, 7.586 ], [ -12.991, 7.588 ], [ -12.991, 7.589 ], [ -12.99, 7.59 ], [ -12.989, 7.59 ], [ -12.989, 7.589 ], [ -12.989, 7.588 ], [ -12.989, 7.587 ], [ -12.99, 7.587 ], [ -12.99, 7.586 ], [ -12.99, 7.586 ] ], [ [ -12.991, 7.581 ], [ -12.991, 7.581 ], [ -12.995, 7.585 ], [ -12.997, 7.585 ], [ -12.997, 7.585 ], [ -12.997, 7.584 ], [ -12.996, 7.582 ], [ -12.995, 7.581 ], [ -12.995, 7.583 ], [ -12.996, 7.584 ], [ -12.994, 7.583 ], [ -12.994, 7.581 ], [ -12.992, 7.58 ], [ -12.991, 7.579 ], [ -12.99, 7.579 ], [ -12.991, 7.581 ] ] ], [ [ [ -12.478, 7.585 ], [ -12.48, 7.585 ], [ -12.482, 7.586 ], [ -12.483, 7.587 ], [ -12.483, 7.587 ], [ -12.483, 7.588 ], [ -12.484, 7.59 ], [ -12.485, 7.591 ], [ -12.485, 7.593 ], [ -12.485, 7.594 ], [ -12.485, 7.596 ], [ -12.484, 7.597 ], [ -12.483, 7.596 ], [ -12.482, 7.595 ], [ -12.48, 7.594 ], [ -12.479, 7.592 ], [ -12.478, 7.591 ], [ -12.477, 7.591 ], [ -12.476, 7.59 ], [ -12.476, 7.589 ], [ -12.477, 7.588 ], [ -12.477, 7.586 ], [ -12.478, 7.585 ] ] ], [ [ [ -12.98, 7.592 ], [ -12.981, 7.591 ], [ -12.981, 7.591 ], [ -12.981, 7.591 ], [ -12.981, 7.592 ], [ -12.981, 7.592 ], [ -12.981, 7.592 ], [ -12.981, 7.592 ], [ -12.98, 7.593 ], [ -12.98, 7.593 ], [ -12.98, 7.593 ], [ -12.979, 7.594 ], [ -12.979, 7.594 ], [ -12.979, 7.593 ], [ -12.979, 7.593 ], [ -12.979, 7.593 ], [ -12.979, 7.593 ], [ -12.979, 7.592 ], [ -12.979, 7.592 ], [ -12.98, 7.592 ], [ -12.98, 7.592 ], [ -12.98, 7.592 ], [ -12.98, 7.592 ] ] ], [ [ [ -12.924, 7.585 ], [ -12.927, 7.584 ], [ -12.929, 7.586 ], [ -12.929, 7.587 ], [ -12.929, 7.589 ], [ -12.928, 7.59 ], [ -12.927, 7.591 ], [ -12.926, 7.592 ], [ -12.925, 7.592 ], [ -12.924, 7.591 ], [ -12.923, 7.59 ], [ -12.923, 7.589 ], [ -12.922, 7.588 ], [ -12.921, 7.587 ], [ -12.921, 7.587 ], [ -12.923, 7.586 ], [ -12.924, 7.585 ] ] ], [ [ [ -13.014, 7.593 ], [ -13.014, 7.593 ], [ -13.013, 7.592 ], [ -13.012, 7.592 ], [ -13.012, 7.592 ], [ -13.012, 7.592 ], [ -13.011, 7.592 ], [ -13.01, 7.593 ], [ -13.009, 7.593 ], [ -13.008, 7.593 ], [ -13.007, 7.592 ], [ -13.006, 7.593 ], [ -13.006, 7.593 ], [ -13.005, 7.593 ], [ -13.005, 7.594 ], [ -13.004, 7.595 ], [ -13.004, 7.595 ], [ -13.004, 7.595 ], [ -13.004, 7.594 ], [ -13.003, 7.594 ], [ -13.002, 7.593 ], [ -13.002, 7.593 ], [ -13.001, 7.593 ], [ -13.002, 7.592 ], [ -13.002, 7.592 ], [ -13.003, 7.592 ], [ -13.003, 7.591 ], [ -13.003, 7.589 ], [ -13.006, 7.588 ], [ -13.009, 7.588 ], [ -13.012, 7.587 ], [ -13.014, 7.586 ], [ -13.015, 7.588 ], [ -13.018, 7.591 ], [ -13.019, 7.592 ], [ -13.017, 7.59 ], [ -13.015, 7.591 ], [ -13.013, 7.591 ], [ -13.011, 7.591 ], [ -13.009, 7.591 ], [ -13.007, 7.592 ], [ -13.005, 7.592 ], [ -13.005, 7.592 ], [ -13.008, 7.592 ], [ -13.012, 7.592 ], [ -13.012, 7.592 ], [ -13.013, 7.592 ], [ -13.013, 7.592 ], [ -13.013, 7.592 ], [ -13.014, 7.592 ], [ -13.014, 7.592 ], [ -13.014, 7.592 ], [ -13.015, 7.591 ], [ -13.017, 7.591 ], [ -13.017, 7.592 ], [ -13.018, 7.594 ], [ -13.02, 7.595 ], [ -13.02, 7.595 ], [ -13.02, 7.596 ], [ -13.02, 7.597 ], [ -13.021, 7.598 ], [ -13.021, 7.599 ], [ -13.022, 7.599 ], [ -13.022, 7.599 ], [ -13.022, 7.6 ], [ -13.021, 7.6 ], [ -13.021, 7.601 ], [ -13.021, 7.602 ], [ -13.022, 7.603 ], [ -13.022, 7.604 ], [ -13.021, 7.604 ], [ -13.021, 7.603 ], [ -13.019, 7.603 ], [ -13.018, 7.602 ], [ -13.019, 7.602 ], [ -13.019, 7.602 ], [ -13.019, 7.601 ], [ -13.019, 7.601 ], [ -13.019, 7.601 ], [ -13.019, 7.602 ], [ -13.018, 7.602 ], [ -13.018, 7.602 ], [ -13.018, 7.602 ], [ -13.018, 7.601 ], [ -13.017, 7.6 ], [ -13.017, 7.6 ], [ -13.017, 7.602 ], [ -13.017, 7.6 ], [ -13.016, 7.6 ], [ -13.016, 7.601 ], [ -13.016, 7.6 ], [ -13.014, 7.601 ], [ -13.014, 7.601 ], [ -13.014, 7.603 ], [ -13.012, 7.604 ], [ -13.011, 7.604 ], [ -13.01, 7.603 ], [ -13.009, 7.604 ], [ -13.007, 7.604 ], [ -13.007, 7.604 ], [ -13.005, 7.603 ], [ -13.004, 7.602 ], [ -13.004, 7.601 ], [ -13.006, 7.599 ], [ -13.007, 7.596 ], [ -13.007, 7.594 ], [ -13.007, 7.594 ], [ -13.007, 7.594 ], [ -13.007, 7.593 ], [ -13.008, 7.593 ], [ -13.008, 7.594 ], [ -13.008, 7.594 ], [ -13.008, 7.594 ], [ -13.008, 7.594 ], [ -13.008, 7.594 ], [ -13.009, 7.594 ], [ -13.01, 7.594 ], [ -13.011, 7.595 ], [ -13.01, 7.596 ], [ -13.01, 7.596 ], [ -13.01, 7.596 ], [ -13.009, 7.596 ], [ -13.009, 7.597 ], [ -13.01, 7.597 ], [ -13.011, 7.597 ], [ -13.011, 7.596 ], [ -13.011, 7.595 ], [ -13.012, 7.594 ], [ -13.012, 7.594 ], [ -13.012, 7.593 ], [ -13.013, 7.593 ], [ -13.014, 7.593 ], [ -13.014, 7.593 ], [ -13.014, 7.593 ], [ -13.014, 7.593 ], [ -13.014, 7.593 ], [ -13.014, 7.593 ], [ -13.014, 7.593 ], [ -13.014, 7.593 ] ], [ [ -13.015, 7.598 ], [ -13.014, 7.595 ], [ -13.015, 7.595 ], [ -13.014, 7.595 ], [ -13.014, 7.596 ], [ -13.014, 7.596 ], [ -13.014, 7.599 ], [ -13.015, 7.598 ] ] ], [ [ [ -12.945, 7.608 ], [ -12.944, 7.608 ], [ -12.944, 7.608 ], [ -12.943, 7.608 ], [ -12.942, 7.608 ], [ -12.942, 7.607 ], [ -12.941, 7.607 ], [ -12.941, 7.607 ], [ -12.94, 7.607 ], [ -12.94, 7.607 ], [ -12.94, 7.607 ], [ -12.94, 7.606 ], [ -12.94, 7.606 ], [ -12.943, 7.606 ], [ -12.943, 7.606 ], [ -12.944, 7.607 ], [ -12.945, 7.607 ], [ -12.945, 7.607 ], [ -12.945, 7.608 ], [ -12.945, 7.608 ] ] ], [ [ [ -12.476, 7.594 ], [ -12.477, 7.593 ], [ -12.479, 7.594 ], [ -12.479, 7.594 ], [ -12.481, 7.595 ], [ -12.482, 7.595 ], [ -12.483, 7.596 ], [ -12.483, 7.597 ], [ -12.483, 7.598 ], [ -12.483, 7.598 ], [ -12.482, 7.598 ], [ -12.482, 7.598 ], [ -12.482, 7.599 ], [ -12.48, 7.598 ], [ -12.479, 7.597 ], [ -12.478, 7.595 ], [ -12.477, 7.594 ], [ -12.476, 7.594 ] ] ], [ [ [ -12.494, 7.621 ], [ -12.492, 7.621 ], [ -12.491, 7.621 ], [ -12.489, 7.621 ], [ -12.488, 7.62 ], [ -12.487, 7.619 ], [ -12.486, 7.618 ], [ -12.484, 7.617 ], [ -12.483, 7.615 ], [ -12.482, 7.613 ], [ -12.481, 7.611 ], [ -12.48, 7.609 ], [ -12.479, 7.608 ], [ -12.479, 7.606 ], [ -12.479, 7.606 ], [ -12.479, 7.605 ], [ -12.479, 7.605 ], [ -12.481, 7.604 ], [ -12.482, 7.604 ], [ -12.484, 7.605 ], [ -12.486, 7.605 ], [ -12.487, 7.605 ], [ -12.488, 7.606 ], [ -12.49, 7.606 ], [ -12.491, 7.607 ], [ -12.492, 7.608 ], [ -12.493, 7.608 ], [ -12.494, 7.609 ], [ -12.495, 7.61 ], [ -12.497, 7.611 ], [ -12.499, 7.612 ], [ -12.5, 7.613 ], [ -12.502, 7.614 ], [ -12.503, 7.615 ], [ -12.504, 7.616 ], [ -12.505, 7.616 ], [ -12.506, 7.617 ], [ -12.508, 7.618 ], [ -12.509, 7.618 ], [ -12.507, 7.619 ], [ -12.504, 7.619 ], [ -12.501, 7.62 ], [ -12.5, 7.62 ], [ -12.499, 7.621 ], [ -12.497, 7.621 ], [ -12.494, 7.621 ] ] ], [ [ [ -12.918, 7.617 ], [ -12.917, 7.619 ], [ -12.916, 7.62 ], [ -12.914, 7.622 ], [ -12.911, 7.623 ], [ -12.909, 7.622 ], [ -12.914, 7.617 ], [ -12.917, 7.616 ], [ -12.918, 7.617 ] ] ], [ [ [ -13.075, 7.653 ], [ -13.075, 7.653 ], [ -13.076, 7.653 ], [ -13.077, 7.655 ], [ -13.079, 7.656 ], [ -13.081, 7.658 ], [ -13.084, 7.661 ], [ -13.086, 7.663 ], [ -13.086, 7.664 ], [ -13.086, 7.664 ], [ -13.085, 7.664 ], [ -13.085, 7.663 ], [ -13.083, 7.662 ], [ -13.082, 7.66 ], [ -13.079, 7.658 ], [ -13.078, 7.656 ], [ -13.076, 7.654 ], [ -13.075, 7.654 ], [ -13.075, 7.653 ] ] ], [ [ [ -13.068, 7.673 ], [ -13.068, 7.674 ], [ -13.067, 7.674 ], [ -13.066, 7.674 ], [ -13.065, 7.675 ], [ -13.064, 7.675 ], [ -13.063, 7.676 ], [ -13.062, 7.676 ], [ -13.062, 7.676 ], [ -13.06, 7.677 ], [ -13.058, 7.677 ], [ -13.058, 7.677 ], [ -13.057, 7.677 ], [ -13.056, 7.676 ], [ -13.056, 7.676 ], [ -13.055, 7.675 ], [ -13.056, 7.675 ], [ -13.056, 7.675 ], [ -13.056, 7.674 ], [ -13.057, 7.674 ], [ -13.057, 7.674 ], [ -13.058, 7.673 ], [ -13.057, 7.673 ], [ -13.057, 7.672 ], [ -13.058, 7.672 ], [ -13.06, 7.672 ], [ -13.063, 7.67 ], [ -13.065, 7.67 ], [ -13.068, 7.669 ], [ -13.07, 7.669 ], [ -13.073, 7.668 ], [ -13.075, 7.667 ], [ -13.076, 7.667 ], [ -13.076, 7.666 ], [ -13.076, 7.665 ], [ -13.077, 7.665 ], [ -13.077, 7.665 ], [ -13.077, 7.666 ], [ -13.076, 7.667 ], [ -13.076, 7.668 ], [ -13.075, 7.669 ], [ -13.073, 7.67 ], [ -13.071, 7.672 ], [ -13.068, 7.673 ], [ -13.068, 7.673 ] ] ], [ [ [ -12.684, 7.681 ], [ -12.683, 7.681 ], [ -12.681, 7.681 ], [ -12.68, 7.68 ], [ -12.68, 7.679 ], [ -12.68, 7.678 ], [ -12.681, 7.677 ], [ -12.682, 7.677 ], [ -12.683, 7.677 ], [ -12.685, 7.675 ], [ -12.686, 7.675 ], [ -12.688, 7.674 ], [ -12.689, 7.674 ], [ -12.691, 7.673 ], [ -12.693, 7.671 ], [ -12.695, 7.671 ], [ -12.697, 7.671 ], [ -12.697, 7.671 ], [ -12.699, 7.67 ], [ -12.7, 7.67 ], [ -12.701, 7.67 ], [ -12.702, 7.671 ], [ -12.703, 7.672 ], [ -12.702, 7.672 ], [ -12.701, 7.673 ], [ -12.699, 7.674 ], [ -12.698, 7.676 ], [ -12.698, 7.679 ], [ -12.697, 7.681 ], [ -12.695, 7.682 ], [ -12.693, 7.682 ], [ -12.688, 7.681 ], [ -12.687, 7.681 ], [ -12.684, 7.681 ] ] ], [ [ [ -12.518, 7.716 ], [ -12.517, 7.715 ], [ -12.516, 7.716 ], [ -12.516, 7.715 ], [ -12.516, 7.714 ], [ -12.516, 7.713 ], [ -12.517, 7.712 ], [ -12.517, 7.71 ], [ -12.517, 7.708 ], [ -12.517, 7.705 ], [ -12.518, 7.703 ], [ -12.518, 7.699 ], [ -12.519, 7.696 ], [ -12.521, 7.695 ], [ -12.524, 7.694 ], [ -12.526, 7.694 ], [ -12.528, 7.693 ], [ -12.529, 7.693 ], [ -12.531, 7.692 ], [ -12.534, 7.692 ], [ -12.536, 7.692 ], [ -12.538, 7.692 ], [ -12.539, 7.693 ], [ -12.541, 7.694 ], [ -12.541, 7.696 ], [ -12.541, 7.696 ], [ -12.542, 7.697 ], [ -12.541, 7.699 ], [ -12.54, 7.701 ], [ -12.538, 7.703 ], [ -12.537, 7.704 ], [ -12.536, 7.706 ], [ -12.535, 7.707 ], [ -12.534, 7.708 ], [ -12.533, 7.708 ], [ -12.532, 7.71 ], [ -12.53, 7.711 ], [ -12.528, 7.712 ], [ -12.526, 7.712 ], [ -12.525, 7.713 ], [ -12.524, 7.713 ], [ -12.522, 7.715 ], [ -12.52, 7.715 ], [ -12.519, 7.716 ], [ -12.518, 7.717 ], [ -12.518, 7.716 ], [ -12.518, 7.716 ] ] ], [ [ [ -12.503, 7.627 ], [ -12.503, 7.626 ], [ -12.504, 7.627 ], [ -12.505, 7.627 ], [ -12.506, 7.628 ], [ -12.505, 7.629 ], [ -12.505, 7.629 ], [ -12.504, 7.63 ], [ -12.504, 7.631 ], [ -12.504, 7.631 ], [ -12.503, 7.631 ], [ -12.503, 7.63 ], [ -12.502, 7.629 ], [ -12.502, 7.629 ], [ -12.502, 7.628 ], [ -12.503, 7.627 ], [ -12.503, 7.627 ] ] ], [ [ [ -13.069, 7.653 ], [ -13.068, 7.653 ], [ -13.068, 7.653 ], [ -13.068, 7.653 ], [ -13.068, 7.653 ], [ -13.068, 7.652 ], [ -13.068, 7.652 ], [ -13.068, 7.652 ], [ -13.068, 7.652 ], [ -13.069, 7.651 ], [ -13.068, 7.651 ], [ -13.068, 7.651 ], [ -13.068, 7.65 ], [ -13.069, 7.65 ], [ -13.069, 7.65 ], [ -13.069, 7.65 ], [ -13.07, 7.651 ], [ -13.07, 7.651 ], [ -13.07, 7.651 ], [ -13.069, 7.652 ], [ -13.069, 7.652 ], [ -13.069, 7.652 ], [ -13.069, 7.652 ], [ -13.069, 7.653 ], [ -13.069, 7.653 ], [ -13.069, 7.653 ] ] ], [ [ [ -13.017, 7.617 ], [ -13.016, 7.614 ], [ -13.018, 7.615 ], [ -13.019, 7.618 ], [ -13.02, 7.62 ], [ -13.022, 7.622 ], [ -13.022, 7.625 ], [ -13.021, 7.625 ], [ -13.021, 7.623 ], [ -13.02, 7.622 ], [ -13.02, 7.621 ], [ -13.019, 7.621 ], [ -13.018, 7.62 ], [ -13.017, 7.617 ] ] ], [ [ [ -12.955, 7.632 ], [ -12.956, 7.632 ], [ -12.957, 7.631 ], [ -12.957, 7.63 ], [ -12.957, 7.63 ], [ -12.957, 7.63 ], [ -12.957, 7.63 ], [ -12.957, 7.63 ], [ -12.957, 7.63 ], [ -12.957, 7.63 ], [ -12.957, 7.629 ], [ -12.957, 7.629 ], [ -12.957, 7.629 ], [ -12.958, 7.629 ], [ -12.958, 7.629 ], [ -12.958, 7.63 ], [ -12.958, 7.63 ], [ -12.958, 7.63 ], [ -12.958, 7.63 ], [ -12.958, 7.631 ], [ -12.957, 7.631 ], [ -12.957, 7.632 ], [ -12.957, 7.632 ], [ -12.956, 7.633 ], [ -12.956, 7.633 ], [ -12.954, 7.634 ], [ -12.954, 7.633 ], [ -12.953, 7.633 ], [ -12.953, 7.632 ], [ -12.953, 7.632 ], [ -12.953, 7.632 ], [ -12.953, 7.632 ], [ -12.953, 7.632 ], [ -12.953, 7.632 ], [ -12.954, 7.632 ], [ -12.954, 7.632 ], [ -12.954, 7.632 ], [ -12.955, 7.632 ], [ -12.955, 7.632 ] ] ], [ [ [ -12.554, 7.63 ], [ -12.554, 7.629 ], [ -12.555, 7.629 ], [ -12.555, 7.629 ], [ -12.557, 7.629 ], [ -12.557, 7.629 ], [ -12.558, 7.63 ], [ -12.559, 7.63 ], [ -12.56, 7.631 ], [ -12.561, 7.632 ], [ -12.561, 7.633 ], [ -12.561, 7.635 ], [ -12.562, 7.636 ], [ -12.56, 7.636 ], [ -12.559, 7.636 ], [ -12.557, 7.636 ], [ -12.556, 7.634 ], [ -12.555, 7.633 ], [ -12.554, 7.632 ], [ -12.554, 7.631 ], [ -12.554, 7.63 ] ] ], [ [ [ -12.523, 7.625 ], [ -12.524, 7.624 ], [ -12.525, 7.624 ], [ -12.528, 7.625 ], [ -12.53, 7.625 ], [ -12.532, 7.626 ], [ -12.534, 7.626 ], [ -12.536, 7.627 ], [ -12.538, 7.628 ], [ -12.54, 7.63 ], [ -12.542, 7.631 ], [ -12.543, 7.633 ], [ -12.545, 7.635 ], [ -12.546, 7.637 ], [ -12.548, 7.638 ], [ -12.55, 7.64 ], [ -12.551, 7.642 ], [ -12.552, 7.644 ], [ -12.553, 7.646 ], [ -12.554, 7.648 ], [ -12.555, 7.65 ], [ -12.555, 7.651 ], [ -12.555, 7.653 ], [ -12.556, 7.654 ], [ -12.556, 7.656 ], [ -12.555, 7.657 ], [ -12.554, 7.657 ], [ -12.553, 7.658 ], [ -12.551, 7.658 ], [ -12.549, 7.658 ], [ -12.547, 7.657 ], [ -12.546, 7.656 ], [ -12.545, 7.655 ], [ -12.545, 7.653 ], [ -12.544, 7.652 ], [ -12.543, 7.651 ], [ -12.542, 7.649 ], [ -12.54, 7.647 ], [ -12.538, 7.646 ], [ -12.536, 7.645 ], [ -12.533, 7.643 ], [ -12.529, 7.642 ], [ -12.527, 7.641 ], [ -12.525, 7.64 ], [ -12.524, 7.639 ], [ -12.524, 7.638 ], [ -12.523, 7.637 ], [ -12.523, 7.636 ], [ -12.522, 7.634 ], [ -12.523, 7.633 ], [ -12.523, 7.633 ], [ -12.523, 7.632 ], [ -12.522, 7.631 ], [ -12.521, 7.63 ], [ -12.521, 7.629 ], [ -12.521, 7.628 ], [ -12.522, 7.627 ], [ -12.523, 7.626 ], [ -12.523, 7.625 ] ] ], [ [ [ -12.994, 7.633 ], [ -12.995, 7.633 ], [ -13.001, 7.632 ], [ -13.003, 7.633 ], [ -13.004, 7.633 ], [ -13.004, 7.635 ], [ -13.001, 7.637 ], [ -12.997, 7.639 ], [ -12.996, 7.641 ], [ -12.995, 7.642 ], [ -12.993, 7.643 ], [ -12.993, 7.641 ], [ -12.993, 7.641 ], [ -12.991, 7.639 ], [ -12.99, 7.638 ], [ -12.99, 7.637 ], [ -12.992, 7.636 ], [ -12.993, 7.635 ], [ -12.994, 7.633 ] ] ], [ [ [ -13.058, 7.641 ], [ -13.057, 7.641 ], [ -13.056, 7.642 ], [ -13.054, 7.642 ], [ -13.053, 7.642 ], [ -13.052, 7.643 ], [ -13.051, 7.644 ], [ -13.05, 7.645 ], [ -13.05, 7.646 ], [ -13.049, 7.646 ], [ -13.049, 7.647 ], [ -13.048, 7.647 ], [ -13.047, 7.648 ], [ -13.047, 7.648 ], [ -13.045, 7.649 ], [ -13.045, 7.65 ], [ -13.045, 7.65 ], [ -13.044, 7.651 ], [ -13.044, 7.652 ], [ -13.043, 7.653 ], [ -13.042, 7.653 ], [ -13.041, 7.654 ], [ -13.04, 7.655 ], [ -13.038, 7.656 ], [ -13.037, 7.656 ], [ -13.036, 7.657 ], [ -13.035, 7.657 ], [ -13.035, 7.658 ], [ -13.033, 7.658 ], [ -13.032, 7.659 ], [ -13.031, 7.66 ], [ -13.031, 7.66 ], [ -13.029, 7.66 ], [ -13.028, 7.66 ], [ -13.026, 7.661 ], [ -13.026, 7.661 ], [ -13.025, 7.661 ], [ -13.025, 7.661 ], [ -13.025, 7.661 ], [ -13.024, 7.66 ], [ -13.023, 7.659 ], [ -13.021, 7.658 ], [ -13.02, 7.657 ], [ -13.023, 7.656 ], [ -13.029, 7.654 ], [ -13.035, 7.652 ], [ -13.035, 7.651 ], [ -13.038, 7.649 ], [ -13.042, 7.646 ], [ -13.043, 7.645 ], [ -13.044, 7.642 ], [ -13.045, 7.641 ], [ -13.046, 7.639 ], [ -13.047, 7.639 ], [ -13.047, 7.639 ], [ -13.047, 7.638 ], [ -13.047, 7.637 ], [ -13.047, 7.633 ], [ -13.046, 7.63 ], [ -13.045, 7.628 ], [ -13.044, 7.628 ], [ -13.044, 7.628 ], [ -13.044, 7.628 ], [ -13.043, 7.627 ], [ -13.042, 7.626 ], [ -13.041, 7.623 ], [ -13.038, 7.622 ], [ -13.039, 7.621 ], [ -13.039, 7.621 ], [ -13.04, 7.62 ], [ -13.042, 7.618 ], [ -13.043, 7.619 ], [ -13.043, 7.619 ], [ -13.044, 7.619 ], [ -13.045, 7.618 ], [ -13.047, 7.619 ], [ -13.05, 7.619 ], [ -13.052, 7.619 ], [ -13.055, 7.619 ], [ -13.059, 7.619 ], [ -13.062, 7.618 ], [ -13.065, 7.618 ], [ -13.066, 7.619 ], [ -13.066, 7.621 ], [ -13.065, 7.622 ], [ -13.063, 7.621 ], [ -13.064, 7.62 ], [ -13.064, 7.621 ], [ -13.065, 7.621 ], [ -13.065, 7.62 ], [ -13.065, 7.619 ], [ -13.063, 7.62 ], [ -13.062, 7.621 ], [ -13.062, 7.62 ], [ -13.061, 7.62 ], [ -13.06, 7.621 ], [ -13.06, 7.622 ], [ -13.058, 7.623 ], [ -13.057, 7.624 ], [ -13.056, 7.624 ], [ -13.055, 7.623 ], [ -13.054, 7.623 ], [ -13.053, 7.622 ], [ -13.052, 7.621 ], [ -13.051, 7.621 ], [ -13.051, 7.622 ], [ -13.052, 7.623 ], [ -13.052, 7.624 ], [ -13.053, 7.625 ], [ -13.055, 7.625 ], [ -13.056, 7.626 ], [ -13.058, 7.626 ], [ -13.06, 7.626 ], [ -13.061, 7.626 ], [ -13.062, 7.626 ], [ -13.062, 7.626 ], [ -13.062, 7.626 ], [ -13.062, 7.626 ], [ -13.062, 7.626 ], [ -13.062, 7.623 ], [ -13.063, 7.622 ], [ -13.064, 7.622 ], [ -13.065, 7.622 ], [ -13.066, 7.624 ], [ -13.066, 7.625 ], [ -13.065, 7.626 ], [ -13.066, 7.626 ], [ -13.066, 7.627 ], [ -13.067, 7.628 ], [ -13.067, 7.629 ], [ -13.068, 7.63 ], [ -13.069, 7.631 ], [ -13.069, 7.631 ], [ -13.07, 7.632 ], [ -13.071, 7.632 ], [ -13.071, 7.632 ], [ -13.072, 7.633 ], [ -13.072, 7.634 ], [ -13.072, 7.634 ], [ -13.072, 7.635 ], [ -13.072, 7.636 ], [ -13.072, 7.636 ], [ -13.071, 7.637 ], [ -13.071, 7.638 ], [ -13.071, 7.638 ], [ -13.071, 7.639 ], [ -13.071, 7.639 ], [ -13.07, 7.639 ], [ -13.069, 7.639 ], [ -13.069, 7.639 ], [ -13.069, 7.639 ], [ -13.069, 7.639 ], [ -13.068, 7.639 ], [ -13.067, 7.639 ], [ -13.067, 7.64 ], [ -13.066, 7.64 ], [ -13.065, 7.64 ], [ -13.065, 7.641 ], [ -13.064, 7.641 ], [ -13.064, 7.641 ], [ -13.064, 7.643 ], [ -13.062, 7.643 ], [ -13.06, 7.642 ], [ -13.058, 7.642 ], [ -13.058, 7.641 ] ] ] ] } },
{ "type": "Feature", "properties": { "NEW_DIST": "Falaba", "NEW_PROV": "Northern", "CS_Pro_Num": 2, "CS_Pro_Nam": "Northern", "CS_Dis_Num": 51, "CS_Dis_Nam": "Falaba", "layer": "Falaba District" }, "geometry": { "type": "MultiPolygon", "coordinates": [ [ [ [ -10.728, 9.082 ], [ -10.687, 9.08 ], [ -10.686, 9.08 ], [ -10.684, 9.084 ], [ -10.681, 9.086 ], [ -10.678, 9.085 ], [ -10.675, 9.083 ], [ -10.675, 9.082 ], [ -10.673, 9.084 ], [ -10.667, 9.081 ], [ -10.665, 9.08 ], [ -10.663, 9.081 ], [ -10.662, 9.081 ], [ -10.658, 9.083 ], [ -10.653, 9.083 ], [ -10.649, 9.083 ], [ -10.648, 9.083 ], [ -10.645, 9.083 ], [ -10.641, 9.08 ], [ -10.638, 9.079 ], [ -10.633, 9.077 ], [ -10.627, 9.072 ], [ -10.625, 9.073 ], [ -10.621, 9.074 ], [ -10.617, 9.073 ], [ -10.613, 9.07 ], [ -10.609, 9.068 ], [ -10.603, 9.066 ], [ -10.596, 9.062 ], [ -10.593, 9.062 ], [ -10.589, 9.059 ], [ -10.587, 9.055 ], [ -10.583, 9.052 ], [ -10.582, 9.053 ], [ -10.579, 9.051 ], [ -10.579, 9.048 ], [ -10.58, 9.049 ], [ -10.589, 9.043 ], [ -10.597, 9.041 ], [ -10.6, 9.042 ], [ -10.604, 9.042 ], [ -10.609, 9.041 ], [ -10.615, 9.041 ], [ -10.622, 9.042 ], [ -10.626, 9.037 ], [ -10.629, 9.035 ], [ -10.631, 9.033 ], [ -10.634, 9.031 ], [ -10.636, 9.029 ], [ -10.642, 9.025 ], [ -10.647, 9.024 ], [ -10.65, 9.023 ], [ -10.66, 9.021 ], [ -10.663, 9.02 ], [ -10.673, 9.018 ], [ -10.677, 9.016 ], [ -10.678, 9.015 ], [ -10.678, 9.015 ], [ -10.679, 9.009 ], [ -10.682, 9.009 ], [ -10.684, 9.002 ], [ -10.683, 8.999 ], [ -10.682, 8.995 ], [ -10.685, 8.987 ], [ -10.687, 8.982 ], [ -10.694, 8.972 ], [ -10.694, 8.966 ], [ -10.687, 8.965 ], [ -10.679, 8.963 ], [ -10.675, 8.956 ], [ -10.675, 8.953 ], [ -10.674, 8.945 ], [ -10.674, 8.937 ], [ -10.674, 8.935 ], [ -10.69, 8.936 ], [ -10.692, 8.936 ], [ -10.703, 8.936 ], [ -10.717, 8.935 ], [ -10.724, 8.932 ], [ -10.729, 8.931 ], [ -10.738, 8.933 ], [ -10.741, 8.939 ], [ -10.748, 8.937 ], [ -10.754, 8.934 ], [ -10.756, 8.933 ], [ -10.761, 8.935 ], [ -10.769, 8.94 ], [ -10.776, 8.94 ], [ -10.778, 8.941 ], [ -10.781, 8.944 ], [ -10.786, 8.943 ], [ -10.79, 8.943 ], [ -10.796, 8.937 ], [ -10.8, 8.934 ], [ -10.803, 8.934 ], [ -10.805, 8.935 ], [ -10.807, 8.934 ], [ -10.815, 8.935 ], [ -10.816, 8.935 ], [ -10.826, 8.936 ], [ -10.836, 8.938 ], [ -10.844, 8.948 ], [ -10.853, 8.955 ], [ -10.868, 8.951 ], [ -10.874, 8.949 ], [ -10.876, 8.951 ], [ -10.877, 8.953 ], [ -10.876, 8.954 ], [ -10.881, 8.956 ], [ -10.883, 8.958 ], [ -10.885, 8.961 ], [ -10.887, 8.964 ], [ -10.89, 8.967 ], [ -10.892, 8.969 ], [ -10.894, 8.971 ], [ -10.896, 8.974 ], [ -10.897, 8.974 ], [ -10.898, 8.974 ], [ -10.899, 8.973 ], [ -10.902, 8.969 ], [ -10.906, 8.965 ], [ -10.908, 8.962 ], [ -10.91, 8.96 ], [ -10.911, 8.958 ], [ -10.913, 8.958 ], [ -10.914, 8.958 ], [ -10.914, 8.959 ], [ -10.915, 8.96 ], [ -10.915, 8.961 ], [ -10.916, 8.962 ], [ -10.917, 8.963 ], [ -10.918, 8.963 ], [ -10.918, 8.964 ], [ -10.92, 8.966 ], [ -10.92, 8.967 ], [ -10.921, 8.968 ], [ -10.922, 8.97 ], [ -10.923, 8.972 ], [ -10.924, 8.972 ], [ -10.925, 8.973 ], [ -10.925, 8.974 ], [ -10.926, 8.975 ], [ -10.926, 8.976 ], [ -10.927, 8.977 ], [ -10.928, 8.978 ], [ -10.929, 8.979 ], [ -10.929, 8.98 ], [ -10.93, 8.981 ], [ -10.931, 8.982 ], [ -10.931, 8.983 ], [ -10.932, 8.985 ], [ -10.932, 8.986 ], [ -10.931, 8.987 ], [ -10.928, 8.989 ], [ -10.924, 8.994 ], [ -10.921, 8.997 ], [ -10.918, 9.001 ], [ -10.913, 9.008 ], [ -10.924, 9.015 ], [ -10.927, 9.017 ], [ -10.938, 9.025 ], [ -10.947, 9.028 ], [ -10.953, 9.031 ], [ -10.963, 9.036 ], [ -10.963, 9.036 ], [ -10.965, 9.037 ], [ -10.969, 9.039 ], [ -10.972, 9.039 ], [ -10.977, 9.041 ], [ -10.981, 9.043 ], [ -10.984, 9.045 ], [ -10.988, 9.047 ], [ -10.994, 9.052 ], [ -10.998, 9.054 ], [ -10.998, 9.054 ], [ -11.005, 9.061 ], [ -11.005, 9.06 ], [ -11.012, 9.057 ], [ -11.014, 9.058 ], [ -11.015, 9.058 ], [ -11.016, 9.058 ], [ -11.02, 9.06 ], [ -11.024, 9.062 ], [ -11.027, 9.064 ], [ -11.03, 9.065 ], [ -11.031, 9.066 ], [ -11.035, 9.067 ], [ -11.035, 9.068 ], [ -11.037, 9.069 ], [ -11.041, 9.071 ], [ -11.046, 9.073 ], [ -11.051, 9.075 ], [ -11.055, 9.077 ], [ -11.057, 9.077 ], [ -11.06, 9.077 ], [ -11.062, 9.077 ], [ -11.067, 9.076 ], [ -11.069, 9.076 ], [ -11.07, 9.076 ], [ -11.072, 9.076 ], [ -11.073, 9.075 ], [ -11.074, 9.075 ], [ -11.076, 9.074 ], [ -11.077, 9.073 ], [ -11.078, 9.072 ], [ -11.078, 9.072 ], [ -11.079, 9.071 ], [ -11.08, 9.071 ], [ -11.081, 9.07 ], [ -11.082, 9.07 ], [ -11.082, 9.069 ], [ -11.082, 9.067 ], [ -11.082, 9.066 ], [ -11.082, 9.065 ], [ -11.083, 9.063 ], [ -11.083, 9.063 ], [ -11.084, 9.063 ], [ -11.085, 9.063 ], [ -11.091, 9.066 ], [ -11.12, 9.041 ], [ -11.122, 9.039 ], [ -11.122, 9.039 ], [ -11.123, 9.033 ], [ -11.122, 9.031 ], [ -11.124, 9.026 ], [ -11.127, 9.022 ], [ -11.135, 9.015 ], [ -11.137, 9.01 ], [ -11.136, 9.009 ], [ -11.137, 9.009 ], [ -11.139, 9.009 ], [ -11.143, 9.012 ], [ -11.147, 9.017 ], [ -11.149, 9.019 ], [ -11.148, 9.02 ], [ -11.148, 9.023 ], [ -11.148, 9.027 ], [ -11.149, 9.032 ], [ -11.149, 9.034 ], [ -11.151, 9.038 ], [ -11.153, 9.039 ], [ -11.154, 9.042 ], [ -11.155, 9.044 ], [ -11.156, 9.045 ], [ -11.156, 9.046 ], [ -11.154, 9.048 ], [ -11.153, 9.052 ], [ -11.132, 9.053 ], [ -11.125, 9.051 ], [ -11.123, 9.051 ], [ -11.118, 9.06 ], [ -11.111, 9.066 ], [ -11.109, 9.067 ], [ -11.108, 9.067 ], [ -11.104, 9.065 ], [ -11.102, 9.066 ], [ -11.1, 9.071 ], [ -11.095, 9.077 ], [ -11.095, 9.077 ], [ -11.093, 9.082 ], [ -11.118, 9.115 ], [ -11.118, 9.115 ], [ -11.179, 9.179 ], [ -11.203, 9.137 ], [ -11.207, 9.134 ], [ -11.209, 9.128 ], [ -11.211, 9.128 ], [ -11.215, 9.128 ], [ -11.215, 9.128 ], [ -11.216, 9.13 ], [ -11.214, 9.135 ], [ -11.214, 9.14 ], [ -11.217, 9.142 ], [ -11.218, 9.143 ], [ -11.222, 9.145 ], [ -11.222, 9.146 ], [ -11.225, 9.149 ], [ -11.227, 9.15 ], [ -11.228, 9.15 ], [ -11.229, 9.151 ], [ -11.234, 9.15 ], [ -11.238, 9.146 ], [ -11.239, 9.147 ], [ -11.243, 9.149 ], [ -11.244, 9.15 ], [ -11.245, 9.151 ], [ -11.248, 9.153 ], [ -11.251, 9.154 ], [ -11.253, 9.16 ], [ -11.253, 9.166 ], [ -11.252, 9.172 ], [ -11.251, 9.178 ], [ -11.249, 9.183 ], [ -11.248, 9.187 ], [ -11.251, 9.19 ], [ -11.251, 9.192 ], [ -11.25, 9.196 ], [ -11.244, 9.198 ], [ -11.244, 9.2 ], [ -11.244, 9.2 ], [ -11.244, 9.209 ], [ -11.247, 9.214 ], [ -11.249, 9.216 ], [ -11.255, 9.212 ], [ -11.259, 9.209 ], [ -11.266, 9.208 ], [ -11.283, 9.205 ], [ -11.284, 9.205 ], [ -11.299, 9.204 ], [ -11.309, 9.203 ], [ -11.314, 9.203 ], [ -11.322, 9.203 ], [ -11.325, 9.203 ], [ -11.329, 9.201 ], [ -11.337, 9.195 ], [ -11.34, 9.19 ], [ -11.373, 9.19 ], [ -11.385, 9.19 ], [ -11.386, 9.178 ], [ -11.398, 9.177 ], [ -11.413, 9.177 ], [ -11.418, 9.178 ], [ -11.413, 9.182 ], [ -11.41, 9.187 ], [ -11.408, 9.191 ], [ -11.406, 9.195 ], [ -11.406, 9.196 ], [ -11.404, 9.203 ], [ -11.404, 9.205 ], [ -11.402, 9.212 ], [ -11.401, 9.217 ], [ -11.398, 9.226 ], [ -11.398, 9.228 ], [ -11.397, 9.229 ], [ -11.397, 9.232 ], [ -11.393, 9.24 ], [ -11.39, 9.248 ], [ -11.387, 9.256 ], [ -11.389, 9.259 ], [ -11.389, 9.26 ], [ -11.39, 9.261 ], [ -11.392, 9.264 ], [ -11.393, 9.267 ], [ -11.393, 9.267 ], [ -11.394, 9.268 ], [ -11.4, 9.273 ], [ -11.402, 9.276 ], [ -11.409, 9.281 ], [ -11.418, 9.289 ], [ -11.426, 9.296 ], [ -11.434, 9.301 ], [ -11.443, 9.306 ], [ -11.447, 9.309 ], [ -11.449, 9.311 ], [ -11.45, 9.319 ], [ -11.449, 9.328 ], [ -11.448, 9.332 ], [ -11.446, 9.336 ], [ -11.446, 9.337 ], [ -11.445, 9.342 ], [ -11.446, 9.343 ], [ -11.449, 9.345 ], [ -11.451, 9.35 ], [ -11.451, 9.35 ], [ -11.455, 9.354 ], [ -11.455, 9.354 ], [ -11.456, 9.36 ], [ -11.458, 9.364 ], [ -11.458, 9.364 ], [ -11.461, 9.37 ], [ -11.461, 9.37 ], [ -11.463, 9.373 ], [ -11.465, 9.375 ], [ -11.468, 9.375 ], [ -11.472, 9.376 ], [ -11.473, 9.375 ], [ -11.476, 9.375 ], [ -11.477, 9.375 ], [ -11.482, 9.375 ], [ -11.486, 9.375 ], [ -11.497, 9.375 ], [ -11.505, 9.376 ], [ -11.508, 9.376 ], [ -11.512, 9.376 ], [ -11.514, 9.376 ], [ -11.518, 9.375 ], [ -11.524, 9.374 ], [ -11.528, 9.373 ], [ -11.534, 9.372 ], [ -11.537, 9.372 ], [ -11.537, 9.372 ], [ -11.54, 9.375 ], [ -11.542, 9.377 ], [ -11.541, 9.38 ], [ -11.543, 9.382 ], [ -11.539, 9.386 ], [ -11.536, 9.389 ], [ -11.538, 9.391 ], [ -11.538, 9.393 ], [ -11.54, 9.395 ], [ -11.54, 9.395 ], [ -11.536, 9.396 ], [ -11.537, 9.398 ], [ -11.537, 9.402 ], [ -11.535, 9.403 ], [ -11.532, 9.405 ], [ -11.532, 9.408 ], [ -11.532, 9.408 ], [ -11.534, 9.41 ], [ -11.536, 9.409 ], [ -11.539, 9.409 ], [ -11.541, 9.41 ], [ -11.542, 9.413 ], [ -11.542, 9.417 ], [ -11.54, 9.421 ], [ -11.539, 9.423 ], [ -11.539, 9.426 ], [ -11.539, 9.428 ], [ -11.539, 9.431 ], [ -11.539, 9.433 ], [ -11.54, 9.435 ], [ -11.541, 9.436 ], [ -11.542, 9.438 ], [ -11.543, 9.439 ], [ -11.544, 9.441 ], [ -11.545, 9.443 ], [ -11.545, 9.444 ], [ -11.545, 9.449 ], [ -11.547, 9.452 ], [ -11.55, 9.453 ], [ -11.55, 9.457 ], [ -11.551, 9.461 ], [ -11.555, 9.462 ], [ -11.559, 9.463 ], [ -11.558, 9.469 ], [ -11.557, 9.473 ], [ -11.556, 9.48 ], [ -11.553, 9.484 ], [ -11.551, 9.486 ], [ -11.549, 9.488 ], [ -11.544, 9.492 ], [ -11.542, 9.494 ], [ -11.54, 9.496 ], [ -11.538, 9.499 ], [ -11.538, 9.5 ], [ -11.538, 9.505 ], [ -11.537, 9.508 ], [ -11.537, 9.51 ], [ -11.535, 9.514 ], [ -11.535, 9.519 ], [ -11.536, 9.522 ], [ -11.534, 9.521 ], [ -11.532, 9.52 ], [ -11.529, 9.522 ], [ -11.524, 9.525 ], [ -11.522, 9.524 ], [ -11.518, 9.524 ], [ -11.514, 9.521 ], [ -11.51, 9.521 ], [ -11.503, 9.52 ], [ -11.5, 9.519 ], [ -11.496, 9.52 ], [ -11.492, 9.522 ], [ -11.489, 9.523 ], [ -11.485, 9.527 ], [ -11.483, 9.531 ], [ -11.481, 9.534 ], [ -11.479, 9.536 ], [ -11.478, 9.537 ], [ -11.476, 9.537 ], [ -11.474, 9.539 ], [ -11.47, 9.539 ], [ -11.467, 9.539 ], [ -11.464, 9.539 ], [ -11.46, 9.542 ], [ -11.459, 9.545 ], [ -11.458, 9.543 ], [ -11.458, 9.542 ], [ -11.453, 9.536 ], [ -11.453, 9.536 ], [ -11.45, 9.532 ], [ -11.446, 9.527 ], [ -11.442, 9.522 ], [ -11.433, 9.515 ], [ -11.432, 9.514 ], [ -11.432, 9.514 ], [ -11.429, 9.513 ], [ -11.424, 9.51 ], [ -11.419, 9.506 ], [ -11.414, 9.501 ], [ -11.411, 9.497 ], [ -11.404, 9.492 ], [ -11.394, 9.487 ], [ -11.393, 9.486 ], [ -11.389, 9.483 ], [ -11.386, 9.478 ], [ -11.383, 9.476 ], [ -11.383, 9.476 ], [ -11.378, 9.476 ], [ -11.373, 9.479 ], [ -11.368, 9.48 ], [ -11.362, 9.481 ], [ -11.357, 9.482 ], [ -11.351, 9.483 ], [ -11.345, 9.486 ], [ -11.338, 9.49 ], [ -11.336, 9.491 ], [ -11.335, 9.491 ], [ -11.335, 9.492 ], [ -11.335, 9.495 ], [ -11.335, 9.497 ], [ -11.334, 9.501 ], [ -11.333, 9.502 ], [ -11.332, 9.504 ], [ -11.334, 9.507 ], [ -11.334, 9.508 ], [ -11.332, 9.509 ], [ -11.331, 9.51 ], [ -11.331, 9.512 ], [ -11.332, 9.512 ], [ -11.331, 9.515 ], [ -11.332, 9.517 ], [ -11.33, 9.518 ], [ -11.329, 9.52 ], [ -11.329, 9.522 ], [ -11.331, 9.524 ], [ -11.333, 9.525 ], [ -11.332, 9.526 ], [ -11.33, 9.526 ], [ -11.329, 9.526 ], [ -11.329, 9.526 ], [ -11.328, 9.528 ], [ -11.327, 9.529 ], [ -11.328, 9.53 ], [ -11.327, 9.533 ], [ -11.327, 9.534 ], [ -11.331, 9.536 ], [ -11.336, 9.542 ], [ -11.339, 9.545 ], [ -11.345, 9.551 ], [ -11.348, 9.553 ], [ -11.351, 9.554 ], [ -11.357, 9.56 ], [ -11.362, 9.563 ], [ -11.366, 9.565 ], [ -11.369, 9.567 ], [ -11.369, 9.567 ], [ -11.367, 9.571 ], [ -11.36, 9.577 ], [ -11.357, 9.581 ], [ -11.355, 9.583 ], [ -11.354, 9.587 ], [ -11.351, 9.591 ], [ -11.348, 9.594 ], [ -11.343, 9.601 ], [ -11.343, 9.603 ], [ -11.345, 9.608 ], [ -11.346, 9.612 ], [ -11.346, 9.613 ], [ -11.348, 9.619 ], [ -11.348, 9.622 ], [ -11.348, 9.624 ], [ -11.351, 9.629 ], [ -11.353, 9.632 ], [ -11.354, 9.636 ], [ -11.357, 9.638 ], [ -11.362, 9.639 ], [ -11.369, 9.638 ], [ -11.374, 9.638 ], [ -11.376, 9.639 ], [ -11.376, 9.641 ], [ -11.376, 9.642 ], [ -11.374, 9.645 ], [ -11.373, 9.648 ], [ -11.375, 9.648 ], [ -11.381, 9.648 ], [ -11.388, 9.649 ], [ -11.389, 9.649 ], [ -11.396, 9.649 ], [ -11.401, 9.649 ], [ -11.408, 9.649 ], [ -11.413, 9.649 ], [ -11.418, 9.65 ], [ -11.423, 9.65 ], [ -11.428, 9.651 ], [ -11.431, 9.651 ], [ -11.433, 9.651 ], [ -11.441, 9.643 ], [ -11.443, 9.64 ], [ -11.445, 9.638 ], [ -11.447, 9.636 ], [ -11.45, 9.637 ], [ -11.454, 9.637 ], [ -11.46, 9.637 ], [ -11.464, 9.638 ], [ -11.469, 9.639 ], [ -11.469, 9.639 ], [ -11.471, 9.639 ], [ -11.473, 9.639 ], [ -11.476, 9.639 ], [ -11.481, 9.639 ], [ -11.487, 9.639 ], [ -11.496, 9.64 ], [ -11.503, 9.64 ], [ -11.509, 9.64 ], [ -11.511, 9.642 ], [ -11.513, 9.645 ], [ -11.513, 9.646 ], [ -11.512, 9.648 ], [ -11.512, 9.649 ], [ -11.513, 9.65 ], [ -11.514, 9.652 ], [ -11.512, 9.655 ], [ -11.513, 9.656 ], [ -11.514, 9.658 ], [ -11.514, 9.66 ], [ -11.514, 9.663 ], [ -11.515, 9.664 ], [ -11.513, 9.666 ], [ -11.518, 9.666 ], [ -11.523, 9.664 ], [ -11.525, 9.666 ], [ -11.529, 9.663 ], [ -11.534, 9.661 ], [ -11.537, 9.664 ], [ -11.54, 9.662 ], [ -11.547, 9.659 ], [ -11.554, 9.656 ], [ -11.561, 9.655 ], [ -11.562, 9.655 ], [ -11.563, 9.654 ], [ -11.566, 9.654 ], [ -11.57, 9.653 ], [ -11.577, 9.65 ], [ -11.578, 9.65 ], [ -11.579, 9.65 ], [ -11.585, 9.648 ], [ -11.591, 9.645 ], [ -11.597, 9.645 ], [ -11.603, 9.647 ], [ -11.604, 9.647 ], [ -11.605, 9.647 ], [ -11.606, 9.651 ], [ -11.607, 9.661 ], [ -11.608, 9.668 ], [ -11.609, 9.671 ], [ -11.612, 9.67 ], [ -11.617, 9.671 ], [ -11.617, 9.67 ], [ -11.619, 9.671 ], [ -11.622, 9.671 ], [ -11.628, 9.67 ], [ -11.634, 9.669 ], [ -11.637, 9.669 ], [ -11.637, 9.669 ], [ -11.637, 9.672 ], [ -11.637, 9.678 ], [ -11.636, 9.685 ], [ -11.635, 9.688 ], [ -11.634, 9.691 ], [ -11.633, 9.693 ], [ -11.631, 9.701 ], [ -11.63, 9.71 ], [ -11.639, 9.718 ], [ -11.643, 9.722 ], [ -11.648, 9.726 ], [ -11.652, 9.729 ], [ -11.655, 9.731 ], [ -11.662, 9.735 ], [ -11.67, 9.738 ], [ -11.674, 9.742 ], [ -11.681, 9.747 ], [ -11.686, 9.75 ], [ -11.687, 9.751 ], [ -11.687, 9.753 ], [ -11.688, 9.756 ], [ -11.687, 9.761 ], [ -11.685, 9.765 ], [ -11.683, 9.768 ], [ -11.68, 9.773 ], [ -11.68, 9.773 ], [ -11.678, 9.777 ], [ -11.676, 9.779 ], [ -11.677, 9.783 ], [ -11.678, 9.786 ], [ -11.681, 9.792 ], [ -11.681, 9.796 ], [ -11.682, 9.797 ], [ -11.684, 9.801 ], [ -11.687, 9.802 ], [ -11.687, 9.807 ], [ -11.69, 9.81 ], [ -11.694, 9.813 ], [ -11.696, 9.817 ], [ -11.7, 9.82 ], [ -11.701, 9.824 ], [ -11.701, 9.824 ], [ -11.708, 9.823 ], [ -11.71, 9.819 ], [ -11.715, 9.822 ], [ -11.718, 9.815 ], [ -11.721, 9.813 ], [ -11.725, 9.808 ], [ -11.73, 9.81 ], [ -11.734, 9.813 ], [ -11.734, 9.816 ], [ -11.735, 9.818 ], [ -11.735, 9.823 ], [ -11.738, 9.828 ], [ -11.744, 9.832 ], [ -11.749, 9.836 ], [ -11.753, 9.837 ], [ -11.753, 9.837 ], [ -11.754, 9.839 ], [ -11.755, 9.843 ], [ -11.754, 9.847 ], [ -11.751, 9.855 ], [ -11.755, 9.857 ], [ -11.755, 9.863 ], [ -11.756, 9.868 ], [ -11.76, 9.871 ], [ -11.758, 9.873 ], [ -11.756, 9.877 ], [ -11.756, 9.883 ], [ -11.756, 9.883 ], [ -11.759, 9.887 ], [ -11.761, 9.89 ], [ -11.761, 9.891 ], [ -11.758, 9.894 ], [ -11.758, 9.898 ], [ -11.759, 9.907 ], [ -11.758, 9.912 ], [ -11.759, 9.919 ], [ -11.755, 9.92 ], [ -11.754, 9.923 ], [ -11.755, 9.928 ], [ -11.76, 9.932 ], [ -11.759, 9.937 ], [ -11.76, 9.94 ], [ -11.76, 9.942 ], [ -11.761, 9.944 ], [ -11.759, 9.95 ], [ -11.759, 9.95 ], [ -11.759, 9.95 ], [ -11.76, 9.951 ], [ -11.763, 9.956 ], [ -11.764, 9.962 ], [ -11.764, 9.963 ], [ -11.763, 9.967 ], [ -11.76, 9.97 ], [ -11.756, 9.972 ], [ -11.756, 9.978 ], [ -11.755, 9.98 ], [ -11.754, 9.981 ], [ -11.753, 9.983 ], [ -11.752, 9.99 ], [ -11.752, 9.993 ], [ -11.753, 9.999 ], [ -11.752, 9.999 ], [ -11.752, 10.0 ], [ -11.711, 10.0 ], [ -11.711, 9.999 ], [ -11.711, 9.999 ], [ -11.711, 10.0 ], [ -11.634, 10.0 ], [ -11.634, 9.999 ], [ -11.621, 9.999 ], [ -11.555, 9.999 ], [ -11.554, 9.999 ], [ -11.554, 10.001 ], [ -11.544, 10.002 ], [ -11.527, 10.002 ], [ -11.527, 9.999 ], [ -11.519, 9.999 ], [ -11.503, 9.999 ], [ -11.501, 9.999 ], [ -11.501, 10.003 ], [ -11.497, 10.003 ], [ -11.485, 10.003 ], [ -11.485, 9.999 ], [ -11.471, 9.999 ], [ -11.465, 9.999 ], [ -11.451, 9.999 ], [ -11.441, 9.999 ], [ -11.433, 9.999 ], [ -11.419, 9.999 ], [ -11.393, 9.999 ], [ -11.376, 9.999 ], [ -11.361, 9.999 ], [ -11.322, 9.999 ], [ -11.296, 9.999 ], [ -11.288, 9.999 ], [ -11.276, 9.999 ], [ -11.255, 9.999 ], [ -11.238, 9.999 ], [ -11.238, 10.0 ], [ -11.208, 10.0 ], [ -11.208, 10.0 ], [ -11.208, 10.0 ], [ -11.209, 9.997 ], [ -11.209, 9.994 ], [ -11.209, 9.991 ], [ -11.211, 9.989 ], [ -11.211, 9.988 ], [ -11.208, 9.986 ], [ -11.207, 9.985 ], [ -11.205, 9.984 ], [ -11.201, 9.981 ], [ -11.199, 9.978 ], [ -11.197, 9.975 ], [ -11.194, 9.973 ], [ -11.194, 9.973 ], [ -11.194, 9.973 ], [ -11.194, 9.973 ], [ -11.193, 9.973 ], [ -11.193, 9.973 ], [ -11.193, 9.973 ], [ -11.191, 9.974 ], [ -11.188, 9.972 ], [ -11.185, 9.972 ], [ -11.185, 9.971 ], [ -11.184, 9.969 ], [ -11.18, 9.968 ], [ -11.179, 9.967 ], [ -11.179, 9.965 ], [ -11.179, 9.965 ], [ -11.176, 9.965 ], [ -11.17, 9.961 ], [ -11.166, 9.958 ], [ -11.162, 9.953 ], [ -11.161, 9.948 ], [ -11.16, 9.942 ], [ -11.161, 9.94 ], [ -11.162, 9.934 ], [ -11.162, 9.93 ], [ -11.162, 9.929 ], [ -11.162, 9.923 ], [ -11.161, 9.916 ], [ -11.158, 9.91 ], [ -11.156, 9.902 ], [ -11.156, 9.9 ], [ -11.156, 9.896 ], [ -11.156, 9.889 ], [ -11.156, 9.888 ], [ -11.157, 9.878 ], [ -11.157, 9.877 ], [ -11.157, 9.874 ], [ -11.155, 9.872 ], [ -11.155, 9.871 ], [ -11.151, 9.869 ], [ -11.149, 9.868 ], [ -11.147, 9.867 ], [ -11.147, 9.867 ], [ -11.141, 9.866 ], [ -11.141, 9.863 ], [ -11.138, 9.861 ], [ -11.134, 9.86 ], [ -11.133, 9.855 ], [ -11.13, 9.856 ], [ -11.123, 9.857 ], [ -11.117, 9.857 ], [ -11.114, 9.856 ], [ -11.111, 9.854 ], [ -11.108, 9.855 ], [ -11.105, 9.857 ], [ -11.103, 9.861 ], [ -11.1, 9.86 ], [ -11.1, 9.86 ], [ -11.097, 9.86 ], [ -11.095, 9.856 ], [ -11.096, 9.856 ], [ -11.093, 9.854 ], [ -11.091, 9.845 ], [ -11.087, 9.844 ], [ -11.08, 9.843 ], [ -11.075, 9.839 ], [ -11.07, 9.834 ], [ -11.065, 9.829 ], [ -11.064, 9.822 ], [ -11.063, 9.814 ], [ -11.058, 9.813 ], [ -11.058, 9.815 ], [ -11.054, 9.819 ], [ -11.051, 9.819 ], [ -11.044, 9.82 ], [ -11.043, 9.809 ], [ -11.044, 9.806 ], [ -11.04, 9.797 ], [ -11.038, 9.788 ], [ -11.028, 9.787 ], [ -11.019, 9.779 ], [ -11.009, 9.766 ], [ -11.01, 9.764 ], [ -11.002, 9.756 ], [ -11.001, 9.755 ], [ -10.999, 9.756 ], [ -10.993, 9.753 ], [ -10.992, 9.749 ], [ -10.993, 9.746 ], [ -10.99, 9.742 ], [ -10.99, 9.739 ], [ -10.991, 9.739 ], [ -10.989, 9.735 ], [ -10.989, 9.729 ], [ -10.987, 9.727 ], [ -10.985, 9.727 ], [ -10.98, 9.726 ], [ -10.977, 9.723 ], [ -10.978, 9.718 ], [ -10.977, 9.715 ], [ -10.977, 9.713 ], [ -10.979, 9.711 ], [ -10.978, 9.708 ], [ -10.973, 9.701 ], [ -10.967, 9.687 ], [ -10.965, 9.679 ], [ -10.969, 9.679 ], [ -10.966, 9.674 ], [ -10.965, 9.673 ], [ -10.962, 9.669 ], [ -10.958, 9.662 ], [ -10.954, 9.658 ], [ -10.953, 9.657 ], [ -10.95, 9.655 ], [ -10.949, 9.654 ], [ -10.945, 9.656 ], [ -10.935, 9.656 ], [ -10.921, 9.655 ], [ -10.922, 9.646 ], [ -10.923, 9.638 ], [ -10.916, 9.634 ], [ -10.918, 9.627 ], [ -10.915, 9.622 ], [ -10.911, 9.615 ], [ -10.909, 9.607 ], [ -10.904, 9.596 ], [ -10.894, 9.594 ], [ -10.889, 9.597 ], [ -10.884, 9.596 ], [ -10.878, 9.591 ], [ -10.885, 9.587 ], [ -10.877, 9.579 ], [ -10.866, 9.567 ], [ -10.866, 9.554 ], [ -10.862, 9.544 ], [ -10.867, 9.54 ], [ -10.869, 9.538 ], [ -10.865, 9.537 ], [ -10.855, 9.537 ], [ -10.851, 9.525 ], [ -10.838, 9.518 ], [ -10.825, 9.515 ], [ -10.831, 9.506 ], [ -10.837, 9.5 ], [ -10.849, 9.498 ], [ -10.846, 9.49 ], [ -10.841, 9.488 ], [ -10.84, 9.48 ], [ -10.836, 9.471 ], [ -10.838, 9.465 ], [ -10.843, 9.463 ], [ -10.845, 9.463 ], [ -10.845, 9.458 ], [ -10.846, 9.457 ], [ -10.846, 9.452 ], [ -10.844, 9.45 ], [ -10.841, 9.447 ], [ -10.836, 9.442 ], [ -10.831, 9.438 ], [ -10.824, 9.433 ], [ -10.822, 9.431 ], [ -10.82, 9.43 ], [ -10.814, 9.425 ], [ -10.811, 9.422 ], [ -10.807, 9.419 ], [ -10.803, 9.417 ], [ -10.802, 9.416 ], [ -10.799, 9.413 ], [ -10.794, 9.411 ], [ -10.788, 9.406 ], [ -10.782, 9.402 ], [ -10.778, 9.4 ], [ -10.775, 9.399 ], [ -10.771, 9.396 ], [ -10.765, 9.395 ], [ -10.76, 9.392 ], [ -10.756, 9.39 ], [ -10.752, 9.387 ], [ -10.751, 9.387 ], [ -10.748, 9.387 ], [ -10.743, 9.386 ], [ -10.742, 9.386 ], [ -10.74, 9.386 ], [ -10.735, 9.385 ], [ -10.73, 9.382 ], [ -10.725, 9.378 ], [ -10.723, 9.375 ], [ -10.722, 9.371 ], [ -10.723, 9.368 ], [ -10.723, 9.368 ], [ -10.72, 9.364 ], [ -10.72, 9.357 ], [ -10.719, 9.354 ], [ -10.718, 9.35 ], [ -10.715, 9.348 ], [ -10.712, 9.348 ], [ -10.712, 9.348 ], [ -10.708, 9.346 ], [ -10.702, 9.342 ], [ -10.701, 9.34 ], [ -10.7, 9.341 ], [ -10.694, 9.338 ], [ -10.691, 9.335 ], [ -10.685, 9.332 ], [ -10.684, 9.332 ], [ -10.677, 9.328 ], [ -10.67, 9.323 ], [ -10.663, 9.32 ], [ -10.662, 9.319 ], [ -10.662, 9.319 ], [ -10.659, 9.316 ], [ -10.655, 9.312 ], [ -10.652, 9.309 ], [ -10.653, 9.304 ], [ -10.655, 9.301 ], [ -10.656, 9.299 ], [ -10.656, 9.297 ], [ -10.656, 9.296 ], [ -10.656, 9.293 ], [ -10.654, 9.29 ], [ -10.652, 9.288 ], [ -10.65, 9.286 ], [ -10.648, 9.283 ], [ -10.644, 9.281 ], [ -10.644, 9.281 ], [ -10.642, 9.281 ], [ -10.636, 9.277 ], [ -10.637, 9.27 ], [ -10.641, 9.27 ], [ -10.643, 9.267 ], [ -10.644, 9.263 ], [ -10.643, 9.26 ], [ -10.642, 9.254 ], [ -10.643, 9.251 ], [ -10.644, 9.25 ], [ -10.644, 9.247 ], [ -10.649, 9.243 ], [ -10.651, 9.241 ], [ -10.651, 9.236 ], [ -10.652, 9.232 ], [ -10.652, 9.232 ], [ -10.655, 9.227 ], [ -10.658, 9.221 ], [ -10.659, 9.216 ], [ -10.658, 9.211 ], [ -10.657, 9.209 ], [ -10.655, 9.202 ], [ -10.656, 9.199 ], [ -10.658, 9.195 ], [ -10.662, 9.192 ], [ -10.667, 9.189 ], [ -10.668, 9.186 ], [ -10.672, 9.181 ], [ -10.676, 9.177 ], [ -10.681, 9.173 ], [ -10.684, 9.171 ], [ -10.685, 9.17 ], [ -10.688, 9.167 ], [ -10.692, 9.161 ], [ -10.698, 9.159 ], [ -10.702, 9.154 ], [ -10.704, 9.152 ], [ -10.705, 9.15 ], [ -10.708, 9.141 ], [ -10.71, 9.134 ], [ -10.713, 9.134 ], [ -10.719, 9.135 ], [ -10.72, 9.133 ], [ -10.72, 9.132 ], [ -10.72, 9.129 ], [ -10.718, 9.125 ], [ -10.715, 9.125 ], [ -10.712, 9.126 ], [ -10.709, 9.125 ], [ -10.709, 9.121 ], [ -10.712, 9.118 ], [ -10.714, 9.119 ], [ -10.717, 9.12 ], [ -10.721, 9.117 ], [ -10.724, 9.113 ], [ -10.724, 9.109 ], [ -10.724, 9.103 ], [ -10.725, 9.096 ], [ -10.725, 9.093 ], [ -10.727, 9.089 ], [ -10.728, 9.086 ], [ -10.728, 9.083 ], [ -10.728, 9.082 ] ] ] ] } },
{ "type": "Feature", "properties": { "NEW_DIST": "Kailahun", "NEW_PROV": "Eastern", "CS_Pro_Num": 1, "CS_Pro_Nam": "Eastern", "CS_Dis_Num": 11, "CS_Dis_Nam": "Kailahun", "layer": "Kailahun District" }, "geometry": { "type": "MultiPolygon", "coordinates": [ [ [ [ -10.709, 7.72 ], [ -10.71, 7.718 ], [ -10.709, 7.713 ], [ -10.716, 7.712 ], [ -10.714, 7.708 ], [ -10.72, 7.707 ], [ -10.717, 7.704 ], [ -10.725, 7.698 ], [ -10.727, 7.695 ], [ -10.727, 7.687 ], [ -10.733, 7.688 ], [ -10.734, 7.682 ], [ -10.739, 7.683 ], [ -10.742, 7.679 ], [ -10.743, 7.678 ], [ -10.748, 7.672 ], [ -10.751, 7.668 ], [ -10.747, 7.662 ], [ -10.751, 7.661 ], [ -10.756, 7.66 ], [ -10.762, 7.656 ], [ -10.765, 7.651 ], [ -10.768, 7.646 ], [ -10.772, 7.651 ], [ -10.776, 7.654 ], [ -10.776, 7.65 ], [ -10.775, 7.646 ], [ -10.775, 7.642 ], [ -10.775, 7.64 ], [ -10.775, 7.638 ], [ -10.779, 7.634 ], [ -10.783, 7.631 ], [ -10.786, 7.626 ], [ -10.787, 7.622 ], [ -10.79, 7.621 ], [ -10.791, 7.619 ], [ -10.791, 7.617 ], [ -10.792, 7.616 ], [ -10.793, 7.615 ], [ -10.794, 7.615 ], [ -10.794, 7.615 ], [ -10.796, 7.616 ], [ -10.798, 7.616 ], [ -10.802, 7.616 ], [ -10.805, 7.616 ], [ -10.808, 7.615 ], [ -10.81, 7.615 ], [ -10.811, 7.614 ], [ -10.812, 7.615 ], [ -10.813, 7.616 ], [ -10.816, 7.619 ], [ -10.821, 7.622 ], [ -10.824, 7.624 ], [ -10.827, 7.627 ], [ -10.828, 7.629 ], [ -10.83, 7.632 ], [ -10.832, 7.635 ], [ -10.833, 7.637 ], [ -10.834, 7.639 ], [ -10.835, 7.64 ], [ -10.837, 7.641 ], [ -10.84, 7.643 ], [ -10.843, 7.644 ], [ -10.849, 7.645 ], [ -10.852, 7.646 ], [ -10.856, 7.647 ], [ -10.867, 7.649 ], [ -10.878, 7.65 ], [ -10.89, 7.652 ], [ -10.899, 7.651 ], [ -10.908, 7.65 ], [ -10.913, 7.651 ], [ -10.914, 7.655 ], [ -10.915, 7.658 ], [ -10.916, 7.667 ], [ -10.918, 7.675 ], [ -10.922, 7.678 ], [ -10.927, 7.681 ], [ -10.931, 7.686 ], [ -10.931, 7.698 ], [ -10.932, 7.704 ], [ -10.929, 7.714 ], [ -10.928, 7.719 ], [ -10.924, 7.727 ], [ -10.918, 7.734 ], [ -10.914, 7.741 ], [ -10.908, 7.747 ], [ -10.908, 7.753 ], [ -10.909, 7.761 ], [ -10.911, 7.762 ], [ -10.913, 7.763 ], [ -10.916, 7.762 ], [ -10.918, 7.765 ], [ -10.92, 7.765 ], [ -10.923, 7.765 ], [ -10.925, 7.767 ], [ -10.926, 7.768 ], [ -10.927, 7.765 ], [ -10.929, 7.763 ], [ -10.929, 7.758 ], [ -10.93, 7.758 ], [ -10.933, 7.761 ], [ -10.936, 7.762 ], [ -10.937, 7.759 ], [ -10.941, 7.764 ], [ -10.943, 7.764 ], [ -10.945, 7.762 ], [ -10.947, 7.766 ], [ -10.95, 7.772 ], [ -10.952, 7.775 ], [ -10.953, 7.779 ], [ -10.954, 7.783 ], [ -10.955, 7.786 ], [ -10.96, 7.796 ], [ -10.964, 7.801 ], [ -10.964, 7.801 ], [ -10.969, 7.798 ], [ -10.975, 7.796 ], [ -10.982, 7.799 ], [ -10.985, 7.804 ], [ -10.988, 7.809 ], [ -10.99, 7.811 ], [ -10.995, 7.818 ], [ -10.999, 7.827 ], [ -11.005, 7.84 ], [ -11.007, 7.844 ], [ -11.009, 7.848 ], [ -11.009, 7.849 ], [ -11.012, 7.857 ], [ -11.017, 7.866 ], [ -11.017, 7.867 ], [ -11.02, 7.872 ], [ -11.022, 7.875 ], [ -11.025, 7.878 ], [ -11.028, 7.877 ], [ -11.029, 7.876 ], [ -11.03, 7.872 ], [ -11.033, 7.872 ], [ -11.037, 7.87 ], [ -11.04, 7.871 ], [ -11.043, 7.876 ], [ -11.043, 7.88 ], [ -11.04, 7.884 ], [ -11.034, 7.889 ], [ -11.029, 7.899 ], [ -11.028, 7.901 ], [ -11.027, 7.904 ], [ -11.027, 7.908 ], [ -11.026, 7.91 ], [ -11.023, 7.913 ], [ -11.022, 7.917 ], [ -11.024, 7.923 ], [ -11.023, 7.925 ], [ -11.02, 7.925 ], [ -11.017, 7.928 ], [ -11.017, 7.934 ], [ -11.016, 7.938 ], [ -11.015, 7.943 ], [ -11.016, 7.946 ], [ -11.017, 7.947 ], [ -11.016, 7.95 ], [ -11.015, 7.95 ], [ -11.012, 7.954 ], [ -11.012, 7.955 ], [ -11.009, 7.957 ], [ -11.01, 7.961 ], [ -11.011, 7.963 ], [ -11.01, 7.965 ], [ -11.006, 7.964 ], [ -11.004, 7.968 ], [ -11.004, 7.969 ], [ -11.002, 7.972 ], [ -11.0, 7.975 ], [ -11.0, 7.975 ], [ -10.998, 7.978 ], [ -10.994, 7.98 ], [ -10.993, 7.984 ], [ -10.991, 7.988 ], [ -10.988, 7.992 ], [ -10.987, 7.995 ], [ -10.986, 7.998 ], [ -10.985, 7.998 ], [ -10.982, 8.004 ], [ -10.98, 8.009 ], [ -10.982, 8.014 ], [ -10.979, 8.018 ], [ -10.977, 8.022 ], [ -10.976, 8.026 ], [ -10.974, 8.031 ], [ -10.973, 8.034 ], [ -10.97, 8.037 ], [ -10.969, 8.04 ], [ -10.967, 8.043 ], [ -10.967, 8.044 ], [ -10.965, 8.048 ], [ -10.965, 8.049 ], [ -10.965, 8.049 ], [ -10.963, 8.054 ], [ -10.965, 8.055 ], [ -10.955, 8.068 ], [ -10.956, 8.07 ], [ -10.961, 8.071 ], [ -10.962, 8.075 ], [ -10.959, 8.077 ], [ -10.957, 8.079 ], [ -10.96, 8.08 ], [ -10.964, 8.084 ], [ -10.96, 8.086 ], [ -10.951, 8.087 ], [ -10.945, 8.091 ], [ -10.943, 8.096 ], [ -10.942, 8.098 ], [ -10.94, 8.101 ], [ -10.937, 8.102 ], [ -10.939, 8.105 ], [ -10.935, 8.108 ], [ -10.934, 8.112 ], [ -10.933, 8.113 ], [ -10.929, 8.117 ], [ -10.925, 8.119 ], [ -10.922, 8.123 ], [ -10.917, 8.124 ], [ -10.915, 8.127 ], [ -10.914, 8.129 ], [ -10.91, 8.132 ], [ -10.907, 8.134 ], [ -10.905, 8.139 ], [ -10.907, 8.143 ], [ -10.906, 8.143 ], [ -10.905, 8.146 ], [ -10.904, 8.147 ], [ -10.9, 8.148 ], [ -10.9, 8.151 ], [ -10.899, 8.157 ], [ -10.896, 8.157 ], [ -10.895, 8.159 ], [ -10.893, 8.16 ], [ -10.892, 8.161 ], [ -10.891, 8.164 ], [ -10.889, 8.163 ], [ -10.889, 8.163 ], [ -10.889, 8.165 ], [ -10.89, 8.166 ], [ -10.887, 8.168 ], [ -10.889, 8.17 ], [ -10.887, 8.171 ], [ -10.888, 8.174 ], [ -10.888, 8.174 ], [ -10.891, 8.174 ], [ -10.893, 8.175 ], [ -10.891, 8.177 ], [ -10.889, 8.181 ], [ -10.891, 8.182 ], [ -10.89, 8.184 ], [ -10.891, 8.186 ], [ -10.89, 8.188 ], [ -10.888, 8.188 ], [ -10.889, 8.191 ], [ -10.886, 8.193 ], [ -10.886, 8.193 ], [ -10.885, 8.197 ], [ -10.887, 8.198 ], [ -10.887, 8.2 ], [ -10.888, 8.201 ], [ -10.886, 8.205 ], [ -10.884, 8.205 ], [ -10.884, 8.207 ], [ -10.882, 8.208 ], [ -10.88, 8.211 ], [ -10.878, 8.212 ], [ -10.875, 8.212 ], [ -10.874, 8.214 ], [ -10.876, 8.217 ], [ -10.875, 8.217 ], [ -10.874, 8.218 ], [ -10.875, 8.221 ], [ -10.873, 8.224 ], [ -10.871, 8.225 ], [ -10.874, 8.229 ], [ -10.871, 8.23 ], [ -10.872, 8.232 ], [ -10.871, 8.235 ], [ -10.87, 8.239 ], [ -10.867, 8.242 ], [ -10.862, 8.241 ], [ -10.867, 8.242 ], [ -10.866, 8.244 ], [ -10.866, 8.244 ], [ -10.866, 8.245 ], [ -10.866, 8.247 ], [ -10.865, 8.251 ], [ -10.865, 8.252 ], [ -10.861, 8.256 ], [ -10.858, 8.258 ], [ -10.861, 8.26 ], [ -10.858, 8.261 ], [ -10.859, 8.265 ], [ -10.857, 8.267 ], [ -10.857, 8.27 ], [ -10.855, 8.273 ], [ -10.857, 8.274 ], [ -10.858, 8.276 ], [ -10.858, 8.277 ], [ -10.857, 8.281 ], [ -10.858, 8.282 ], [ -10.858, 8.283 ], [ -10.859, 8.283 ], [ -10.861, 8.283 ], [ -10.862, 8.283 ], [ -10.864, 8.284 ], [ -10.866, 8.287 ], [ -10.866, 8.291 ], [ -10.869, 8.293 ], [ -10.872, 8.292 ], [ -10.877, 8.291 ], [ -10.88, 8.29 ], [ -10.883, 8.291 ], [ -10.886, 8.29 ], [ -10.888, 8.289 ], [ -10.891, 8.289 ], [ -10.894, 8.289 ], [ -10.897, 8.288 ], [ -10.899, 8.289 ], [ -10.901, 8.287 ], [ -10.903, 8.286 ], [ -10.906, 8.287 ], [ -10.907, 8.291 ], [ -10.903, 8.295 ], [ -10.901, 8.298 ], [ -10.9, 8.302 ], [ -10.896, 8.306 ], [ -10.894, 8.308 ], [ -10.893, 8.309 ], [ -10.89, 8.311 ], [ -10.882, 8.318 ], [ -10.878, 8.325 ], [ -10.874, 8.328 ], [ -10.873, 8.33 ], [ -10.872, 8.331 ], [ -10.871, 8.332 ], [ -10.868, 8.337 ], [ -10.871, 8.336 ], [ -10.873, 8.343 ], [ -10.872, 8.351 ], [ -10.871, 8.353 ], [ -10.871, 8.356 ], [ -10.873, 8.362 ], [ -10.874, 8.367 ], [ -10.873, 8.37 ], [ -10.87, 8.373 ], [ -10.866, 8.375 ], [ -10.865, 8.378 ], [ -10.864, 8.379 ], [ -10.864, 8.379 ], [ -10.864, 8.382 ], [ -10.861, 8.385 ], [ -10.856, 8.389 ], [ -10.855, 8.392 ], [ -10.844, 8.392 ], [ -10.844, 8.392 ], [ -10.844, 8.398 ], [ -10.846, 8.4 ], [ -10.846, 8.4 ], [ -10.848, 8.403 ], [ -10.839, 8.41 ], [ -10.838, 8.411 ], [ -10.835, 8.412 ], [ -10.83, 8.413 ], [ -10.823, 8.414 ], [ -10.813, 8.411 ], [ -10.805, 8.408 ], [ -10.803, 8.408 ], [ -10.801, 8.409 ], [ -10.797, 8.409 ], [ -10.791, 8.41 ], [ -10.781, 8.411 ], [ -10.774, 8.411 ], [ -10.767, 8.411 ], [ -10.766, 8.412 ], [ -10.765, 8.412 ], [ -10.764, 8.412 ], [ -10.763, 8.412 ], [ -10.761, 8.413 ], [ -10.759, 8.413 ], [ -10.758, 8.413 ], [ -10.757, 8.414 ], [ -10.755, 8.414 ], [ -10.752, 8.414 ], [ -10.748, 8.414 ], [ -10.746, 8.415 ], [ -10.743, 8.415 ], [ -10.737, 8.42 ], [ -10.735, 8.421 ], [ -10.731, 8.426 ], [ -10.73, 8.429 ], [ -10.729, 8.432 ], [ -10.728, 8.435 ], [ -10.728, 8.436 ], [ -10.724, 8.443 ], [ -10.719, 8.443 ], [ -10.712, 8.442 ], [ -10.712, 8.445 ], [ -10.712, 8.445 ], [ -10.709, 8.447 ], [ -10.708, 8.447 ], [ -10.706, 8.447 ], [ -10.704, 8.446 ], [ -10.703, 8.444 ], [ -10.702, 8.442 ], [ -10.699, 8.442 ], [ -10.698, 8.443 ], [ -10.696, 8.45 ], [ -10.693, 8.45 ], [ -10.69, 8.45 ], [ -10.689, 8.45 ], [ -10.683, 8.451 ], [ -10.683, 8.451 ], [ -10.681, 8.451 ], [ -10.673, 8.457 ], [ -10.671, 8.457 ], [ -10.67, 8.458 ], [ -10.661, 8.46 ], [ -10.66, 8.461 ], [ -10.658, 8.464 ], [ -10.65, 8.466 ], [ -10.648, 8.462 ], [ -10.643, 8.454 ], [ -10.643, 8.453 ], [ -10.641, 8.452 ], [ -10.643, 8.448 ], [ -10.64, 8.443 ], [ -10.644, 8.44 ], [ -10.645, 8.434 ], [ -10.647, 8.426 ], [ -10.651, 8.424 ], [ -10.65, 8.424 ], [ -10.646, 8.424 ], [ -10.646, 8.423 ], [ -10.644, 8.418 ], [ -10.645, 8.412 ], [ -10.643, 8.407 ], [ -10.642, 8.404 ], [ -10.64, 8.397 ], [ -10.641, 8.394 ], [ -10.644, 8.392 ], [ -10.648, 8.39 ], [ -10.648, 8.385 ], [ -10.652, 8.383 ], [ -10.652, 8.383 ], [ -10.656, 8.382 ], [ -10.659, 8.381 ], [ -10.664, 8.384 ], [ -10.668, 8.38 ], [ -10.668, 8.38 ], [ -10.672, 8.379 ], [ -10.675, 8.378 ], [ -10.675, 8.378 ], [ -10.675, 8.378 ], [ -10.678, 8.373 ], [ -10.679, 8.371 ], [ -10.679, 8.371 ], [ -10.679, 8.365 ], [ -10.679, 8.363 ], [ -10.679, 8.361 ], [ -10.679, 8.359 ], [ -10.679, 8.352 ], [ -10.679, 8.351 ], [ -10.679, 8.35 ], [ -10.68, 8.348 ], [ -10.683, 8.342 ], [ -10.687, 8.335 ], [ -10.688, 8.333 ], [ -10.69, 8.331 ], [ -10.691, 8.33 ], [ -10.691, 8.325 ], [ -10.696, 8.319 ], [ -10.697, 8.318 ], [ -10.698, 8.315 ], [ -10.694, 8.309 ], [ -10.698, 8.304 ], [ -10.698, 8.304 ], [ -10.698, 8.303 ], [ -10.699, 8.3 ], [ -10.699, 8.298 ], [ -10.697, 8.292 ], [ -10.699, 8.291 ], [ -10.702, 8.281 ], [ -10.701, 8.281 ], [ -10.696, 8.282 ], [ -10.695, 8.282 ], [ -10.691, 8.285 ], [ -10.685, 8.287 ], [ -10.685, 8.287 ], [ -10.686, 8.29 ], [ -10.687, 8.292 ], [ -10.687, 8.294 ], [ -10.686, 8.303 ], [ -10.685, 8.31 ], [ -10.683, 8.315 ], [ -10.681, 8.316 ], [ -10.68, 8.316 ], [ -10.679, 8.316 ], [ -10.677, 8.315 ], [ -10.677, 8.316 ], [ -10.674, 8.326 ], [ -10.674, 8.328 ], [ -10.673, 8.333 ], [ -10.669, 8.337 ], [ -10.666, 8.341 ], [ -10.662, 8.35 ], [ -10.659, 8.351 ], [ -10.655, 8.349 ], [ -10.655, 8.348 ], [ -10.65, 8.351 ], [ -10.644, 8.348 ], [ -10.64, 8.345 ], [ -10.64, 8.341 ], [ -10.636, 8.34 ], [ -10.632, 8.339 ], [ -10.623, 8.337 ], [ -10.617, 8.337 ], [ -10.616, 8.337 ], [ -10.614, 8.338 ], [ -10.611, 8.34 ], [ -10.607, 8.34 ], [ -10.603, 8.338 ], [ -10.602, 8.336 ], [ -10.594, 8.337 ], [ -10.588, 8.338 ], [ -10.583, 8.334 ], [ -10.58, 8.332 ], [ -10.579, 8.331 ], [ -10.576, 8.327 ], [ -10.573, 8.319 ], [ -10.573, 8.315 ], [ -10.572, 8.311 ], [ -10.571, 8.309 ], [ -10.569, 8.308 ], [ -10.566, 8.306 ], [ -10.563, 8.311 ], [ -10.56, 8.31 ], [ -10.557, 8.305 ], [ -10.55, 8.31 ], [ -10.541, 8.307 ], [ -10.541, 8.309 ], [ -10.538, 8.314 ], [ -10.537, 8.314 ], [ -10.531, 8.317 ], [ -10.524, 8.323 ], [ -10.523, 8.324 ], [ -10.518, 8.327 ], [ -10.513, 8.33 ], [ -10.509, 8.333 ], [ -10.505, 8.339 ], [ -10.503, 8.34 ], [ -10.498, 8.343 ], [ -10.492, 8.349 ], [ -10.49, 8.351 ], [ -10.486, 8.355 ], [ -10.486, 8.356 ], [ -10.485, 8.36 ], [ -10.479, 8.364 ], [ -10.479, 8.364 ], [ -10.477, 8.365 ], [ -10.481, 8.371 ], [ -10.477, 8.377 ], [ -10.469, 8.382 ], [ -10.463, 8.385 ], [ -10.462, 8.385 ], [ -10.462, 8.391 ], [ -10.458, 8.391 ], [ -10.452, 8.393 ], [ -10.452, 8.393 ], [ -10.449, 8.396 ], [ -10.447, 8.399 ], [ -10.447, 8.399 ], [ -10.437, 8.406 ], [ -10.437, 8.406 ], [ -10.436, 8.407 ], [ -10.435, 8.41 ], [ -10.43, 8.414 ], [ -10.429, 8.419 ], [ -10.424, 8.425 ], [ -10.421, 8.43 ], [ -10.419, 8.432 ], [ -10.419, 8.433 ], [ -10.417, 8.436 ], [ -10.413, 8.441 ], [ -10.407, 8.441 ], [ -10.404, 8.445 ], [ -10.402, 8.446 ], [ -10.399, 8.447 ], [ -10.399, 8.449 ], [ -10.397, 8.454 ], [ -10.394, 8.459 ], [ -10.394, 8.461 ], [ -10.394, 8.466 ], [ -10.394, 8.469 ], [ -10.392, 8.473 ], [ -10.39, 8.478 ], [ -10.39, 8.479 ], [ -10.386, 8.481 ], [ -10.385, 8.487 ], [ -10.384, 8.492 ], [ -10.383, 8.493 ], [ -10.379, 8.494 ], [ -10.373, 8.491 ], [ -10.369, 8.488 ], [ -10.364, 8.487 ], [ -10.36, 8.485 ], [ -10.358, 8.483 ], [ -10.358, 8.483 ], [ -10.354, 8.487 ], [ -10.351, 8.489 ], [ -10.35, 8.491 ], [ -10.345, 8.494 ], [ -10.342, 8.494 ], [ -10.339, 8.494 ], [ -10.336, 8.5 ], [ -10.333, 8.5 ], [ -10.332, 8.501 ], [ -10.329, 8.501 ], [ -10.326, 8.502 ], [ -10.324, 8.506 ], [ -10.321, 8.506 ], [ -10.317, 8.503 ], [ -10.315, 8.5 ], [ -10.315, 8.497 ], [ -10.31, 8.498 ], [ -10.308, 8.498 ], [ -10.307, 8.498 ], [ -10.306, 8.496 ], [ -10.303, 8.495 ], [ -10.302, 8.495 ], [ -10.302, 8.493 ], [ -10.297, 8.492 ], [ -10.296, 8.49 ], [ -10.293, 8.493 ], [ -10.29, 8.493 ], [ -10.287, 8.49 ], [ -10.287, 8.49 ], [ -10.284, 8.487 ], [ -10.282, 8.486 ], [ -10.278, 8.487 ], [ -10.276, 8.481 ], [ -10.275, 8.475 ], [ -10.276, 8.471 ], [ -10.277, 8.467 ], [ -10.28, 8.466 ], [ -10.281, 8.465 ], [ -10.277, 8.461 ], [ -10.274, 8.456 ], [ -10.274, 8.456 ], [ -10.276, 8.453 ], [ -10.273, 8.45 ], [ -10.271, 8.445 ], [ -10.273, 8.441 ], [ -10.276, 8.437 ], [ -10.276, 8.436 ], [ -10.278, 8.433 ], [ -10.281, 8.43 ], [ -10.279, 8.427 ], [ -10.279, 8.426 ], [ -10.279, 8.426 ], [ -10.274, 8.421 ], [ -10.275, 8.417 ], [ -10.275, 8.416 ], [ -10.276, 8.412 ], [ -10.276, 8.409 ], [ -10.28, 8.408 ], [ -10.278, 8.405 ], [ -10.28, 8.403 ], [ -10.278, 8.396 ], [ -10.281, 8.392 ], [ -10.284, 8.391 ], [ -10.285, 8.39 ], [ -10.286, 8.388 ], [ -10.286, 8.386 ], [ -10.289, 8.383 ], [ -10.288, 8.379 ], [ -10.287, 8.379 ], [ -10.286, 8.374 ], [ -10.287, 8.371 ], [ -10.289, 8.369 ], [ -10.291, 8.366 ], [ -10.293, 8.365 ], [ -10.294, 8.365 ], [ -10.294, 8.365 ], [ -10.294, 8.359 ], [ -10.294, 8.357 ], [ -10.294, 8.356 ], [ -10.289, 8.352 ], [ -10.291, 8.349 ], [ -10.293, 8.346 ], [ -10.293, 8.345 ], [ -10.289, 8.342 ], [ -10.289, 8.336 ], [ -10.289, 8.336 ], [ -10.294, 8.334 ], [ -10.294, 8.333 ], [ -10.294, 8.33 ], [ -10.297, 8.329 ], [ -10.294, 8.324 ], [ -10.297, 8.322 ], [ -10.297, 8.322 ], [ -10.296, 8.319 ], [ -10.297, 8.317 ], [ -10.298, 8.314 ], [ -10.298, 8.31 ], [ -10.298, 8.31 ], [ -10.299, 8.306 ], [ -10.303, 8.304 ], [ -10.302, 8.302 ], [ -10.302, 8.3 ], [ -10.301, 8.297 ], [ -10.304, 8.295 ], [ -10.308, 8.293 ], [ -10.31, 8.291 ], [ -10.315, 8.291 ], [ -10.315, 8.287 ], [ -10.319, 8.284 ], [ -10.319, 8.284 ], [ -10.317, 8.279 ], [ -10.317, 8.278 ], [ -10.316, 8.275 ], [ -10.314, 8.269 ], [ -10.313, 8.268 ], [ -10.311, 8.264 ], [ -10.311, 8.261 ], [ -10.311, 8.259 ], [ -10.31, 8.255 ], [ -10.31, 8.254 ], [ -10.306, 8.253 ], [ -10.308, 8.25 ], [ -10.309, 8.249 ], [ -10.309, 8.246 ], [ -10.309, 8.246 ], [ -10.309, 8.242 ], [ -10.304, 8.242 ], [ -10.303, 8.239 ], [ -10.303, 8.236 ], [ -10.3, 8.23 ], [ -10.298, 8.227 ], [ -10.297, 8.225 ], [ -10.297, 8.225 ], [ -10.296, 8.22 ], [ -10.299, 8.213 ], [ -10.299, 8.213 ], [ -10.3, 8.208 ], [ -10.3, 8.204 ], [ -10.303, 8.198 ], [ -10.31, 8.199 ], [ -10.315, 8.196 ], [ -10.318, 8.196 ], [ -10.319, 8.196 ], [ -10.32, 8.192 ], [ -10.32, 8.192 ], [ -10.32, 8.189 ], [ -10.322, 8.187 ], [ -10.324, 8.187 ], [ -10.327, 8.184 ], [ -10.328, 8.179 ], [ -10.328, 8.179 ], [ -10.331, 8.176 ], [ -10.332, 8.173 ], [ -10.336, 8.171 ], [ -10.337, 8.167 ], [ -10.34, 8.164 ], [ -10.34, 8.163 ], [ -10.341, 8.163 ], [ -10.343, 8.16 ], [ -10.344, 8.158 ], [ -10.347, 8.155 ], [ -10.351, 8.154 ], [ -10.353, 8.15 ], [ -10.356, 8.153 ], [ -10.359, 8.153 ], [ -10.361, 8.155 ], [ -10.367, 8.159 ], [ -10.366, 8.161 ], [ -10.369, 8.161 ], [ -10.37, 8.162 ], [ -10.37, 8.162 ], [ -10.371, 8.163 ], [ -10.372, 8.165 ], [ -10.373, 8.167 ], [ -10.376, 8.166 ], [ -10.377, 8.166 ], [ -10.379, 8.167 ], [ -10.381, 8.164 ], [ -10.384, 8.164 ], [ -10.385, 8.164 ], [ -10.386, 8.163 ], [ -10.388, 8.161 ], [ -10.388, 8.158 ], [ -10.391, 8.157 ], [ -10.387, 8.152 ], [ -10.389, 8.15 ], [ -10.393, 8.152 ], [ -10.396, 8.152 ], [ -10.397, 8.149 ], [ -10.402, 8.151 ], [ -10.408, 8.15 ], [ -10.41, 8.15 ], [ -10.412, 8.15 ], [ -10.417, 8.15 ], [ -10.422, 8.15 ], [ -10.426, 8.15 ], [ -10.43, 8.151 ], [ -10.434, 8.155 ], [ -10.436, 8.154 ], [ -10.44, 8.155 ], [ -10.442, 8.155 ], [ -10.443, 8.155 ], [ -10.445, 8.156 ], [ -10.446, 8.157 ], [ -10.449, 8.159 ], [ -10.451, 8.158 ], [ -10.456, 8.156 ], [ -10.463, 8.158 ], [ -10.468, 8.156 ], [ -10.471, 8.155 ], [ -10.473, 8.154 ], [ -10.474, 8.152 ], [ -10.476, 8.15 ], [ -10.479, 8.15 ], [ -10.48, 8.15 ], [ -10.484, 8.15 ], [ -10.484, 8.147 ], [ -10.489, 8.147 ], [ -10.492, 8.147 ], [ -10.492, 8.147 ], [ -10.499, 8.146 ], [ -10.505, 8.142 ], [ -10.508, 8.139 ], [ -10.512, 8.136 ], [ -10.516, 8.133 ], [ -10.52, 8.132 ], [ -10.524, 8.129 ], [ -10.527, 8.126 ], [ -10.527, 8.126 ], [ -10.523, 8.122 ], [ -10.527, 8.119 ], [ -10.53, 8.116 ], [ -10.531, 8.113 ], [ -10.531, 8.112 ], [ -10.531, 8.109 ], [ -10.532, 8.109 ], [ -10.534, 8.108 ], [ -10.535, 8.108 ], [ -10.536, 8.101 ], [ -10.543, 8.094 ], [ -10.543, 8.094 ], [ -10.543, 8.091 ], [ -10.546, 8.088 ], [ -10.547, 8.085 ], [ -10.552, 8.083 ], [ -10.554, 8.082 ], [ -10.555, 8.082 ], [ -10.555, 8.082 ], [ -10.561, 8.071 ], [ -10.564, 8.062 ], [ -10.566, 8.06 ], [ -10.57, 8.056 ], [ -10.573, 8.051 ], [ -10.573, 8.051 ], [ -10.575, 8.049 ], [ -10.582, 8.047 ], [ -10.593, 8.044 ], [ -10.597, 8.042 ], [ -10.605, 8.041 ], [ -10.605, 8.04 ], [ -10.606, 8.025 ], [ -10.606, 8.015 ], [ -10.606, 8.014 ], [ -10.606, 8.001 ], [ -10.606, 7.979 ], [ -10.606, 7.968 ], [ -10.606, 7.957 ], [ -10.606, 7.929 ], [ -10.606, 7.923 ], [ -10.606, 7.917 ], [ -10.606, 7.906 ], [ -10.606, 7.892 ], [ -10.606, 7.869 ], [ -10.606, 7.818 ], [ -10.606, 7.817 ], [ -10.606, 7.813 ], [ -10.607, 7.775 ], [ -10.615, 7.771 ], [ -10.624, 7.771 ], [ -10.629, 7.767 ], [ -10.636, 7.767 ], [ -10.644, 7.77 ], [ -10.645, 7.766 ], [ -10.65, 7.765 ], [ -10.654, 7.761 ], [ -10.658, 7.765 ], [ -10.659, 7.758 ], [ -10.661, 7.753 ], [ -10.665, 7.752 ], [ -10.67, 7.752 ], [ -10.669, 7.749 ], [ -10.673, 7.749 ], [ -10.675, 7.747 ], [ -10.678, 7.75 ], [ -10.679, 7.75 ], [ -10.681, 7.747 ], [ -10.685, 7.742 ], [ -10.689, 7.744 ], [ -10.691, 7.743 ], [ -10.691, 7.74 ], [ -10.694, 7.74 ], [ -10.695, 7.74 ], [ -10.695, 7.735 ], [ -10.698, 7.737 ], [ -10.708, 7.729 ], [ -10.706, 7.722 ], [ -10.709, 7.72 ] ] ] ] } },
{ "type": "Feature", "properties": { "NEW_DIST": "Kambia", "NEW_PROV": "North Western", "CS_Pro_Num": 5, "CS_Pro_Nam": "North Western", "CS_Dis_Num": 22, "CS_Dis_Nam": "Kambia", "layer": "Kambia District" }, "geometry": { "type": "MultiPolygon", "coordinates": [ [ [ [ -12.926, 8.844 ], [ -12.932, 8.843 ], [ -12.939, 8.842 ], [ -12.946, 8.84 ], [ -12.954, 8.838 ], [ -12.963, 8.837 ], [ -12.967, 8.839 ], [ -12.973, 8.842 ], [ -12.98, 8.845 ], [ -12.987, 8.848 ], [ -12.997, 8.853 ], [ -12.998, 8.853 ], [ -13.002, 8.854 ], [ -13.014, 8.855 ], [ -13.015, 8.855 ], [ -13.016, 8.854 ], [ -13.02, 8.852 ], [ -13.023, 8.852 ], [ -13.023, 8.852 ], [ -13.025, 8.852 ], [ -13.035, 8.85 ], [ -13.035, 8.85 ], [ -13.046, 8.848 ], [ -13.048, 8.847 ], [ -13.05, 8.847 ], [ -13.054, 8.846 ], [ -13.056, 8.845 ], [ -13.056, 8.845 ], [ -13.064, 8.845 ], [ -13.068, 8.845 ], [ -13.073, 8.845 ], [ -13.073, 8.845 ], [ -13.074, 8.845 ], [ -13.075, 8.845 ], [ -13.078, 8.846 ], [ -13.081, 8.847 ], [ -13.083, 8.848 ], [ -13.084, 8.848 ], [ -13.097, 8.846 ], [ -13.097, 8.846 ], [ -13.098, 8.846 ], [ -13.098, 8.846 ], [ -13.105, 8.846 ], [ -13.108, 8.846 ], [ -13.117, 8.846 ], [ -13.117, 8.846 ], [ -13.117, 8.846 ], [ -13.119, 8.847 ], [ -13.125, 8.848 ], [ -13.128, 8.849 ], [ -13.13, 8.849 ], [ -13.136, 8.849 ], [ -13.146, 8.853 ], [ -13.148, 8.855 ], [ -13.151, 8.858 ], [ -13.151, 8.858 ], [ -13.154, 8.86 ], [ -13.158, 8.865 ], [ -13.161, 8.868 ], [ -13.162, 8.869 ], [ -13.165, 8.872 ], [ -13.169, 8.874 ], [ -13.173, 8.876 ], [ -13.176, 8.878 ], [ -13.179, 8.88 ], [ -13.182, 8.882 ], [ -13.185, 8.883 ], [ -13.188, 8.884 ], [ -13.191, 8.885 ], [ -13.196, 8.886 ], [ -13.198, 8.887 ], [ -13.199, 8.888 ], [ -13.2, 8.89 ], [ -13.199, 8.891 ], [ -13.197, 8.891 ], [ -13.195, 8.893 ], [ -13.193, 8.893 ], [ -13.192, 8.893 ], [ -13.19, 8.893 ], [ -13.189, 8.893 ], [ -13.188, 8.893 ], [ -13.186, 8.893 ], [ -13.185, 8.893 ], [ -13.184, 8.892 ], [ -13.183, 8.892 ], [ -13.181, 8.891 ], [ -13.179, 8.891 ], [ -13.179, 8.892 ], [ -13.18, 8.894 ], [ -13.18, 8.895 ], [ -13.18, 8.896 ], [ -13.179, 8.896 ], [ -13.177, 8.896 ], [ -13.175, 8.896 ], [ -13.173, 8.895 ], [ -13.171, 8.895 ], [ -13.169, 8.894 ], [ -13.168, 8.894 ], [ -13.166, 8.894 ], [ -13.163, 8.893 ], [ -13.161, 8.893 ], [ -13.159, 8.892 ], [ -13.158, 8.892 ], [ -13.158, 8.891 ], [ -13.156, 8.891 ], [ -13.154, 8.892 ], [ -13.153, 8.892 ], [ -13.152, 8.892 ], [ -13.151, 8.892 ], [ -13.149, 8.892 ], [ -13.148, 8.892 ], [ -13.147, 8.893 ], [ -13.146, 8.894 ], [ -13.145, 8.894 ], [ -13.144, 8.895 ], [ -13.142, 8.896 ], [ -13.141, 8.896 ], [ -13.141, 8.896 ], [ -13.14, 8.897 ], [ -13.139, 8.897 ], [ -13.138, 8.899 ], [ -13.136, 8.901 ], [ -13.135, 8.902 ], [ -13.134, 8.903 ], [ -13.133, 8.906 ], [ -13.13, 8.908 ], [ -13.128, 8.911 ], [ -13.127, 8.911 ], [ -13.126, 8.912 ], [ -13.125, 8.912 ], [ -13.124, 8.912 ], [ -13.122, 8.914 ], [ -13.12, 8.918 ], [ -13.119, 8.919 ], [ -13.117, 8.922 ], [ -13.114, 8.924 ], [ -13.111, 8.927 ], [ -13.109, 8.928 ], [ -13.107, 8.928 ], [ -13.105, 8.927 ], [ -13.103, 8.927 ], [ -13.101, 8.926 ], [ -13.098, 8.925 ], [ -13.097, 8.925 ], [ -13.094, 8.924 ], [ -13.092, 8.924 ], [ -13.09, 8.924 ], [ -13.088, 8.924 ], [ -13.086, 8.924 ], [ -13.086, 8.924 ], [ -13.086, 8.924 ], [ -13.085, 8.928 ], [ -13.085, 8.928 ], [ -13.094, 8.93 ], [ -13.097, 8.93 ], [ -13.106, 8.931 ], [ -13.109, 8.931 ], [ -13.11, 8.931 ], [ -13.111, 8.931 ], [ -13.115, 8.931 ], [ -13.116, 8.931 ], [ -13.117, 8.931 ], [ -13.119, 8.933 ], [ -13.12, 8.933 ], [ -13.12, 8.933 ], [ -13.121, 8.933 ], [ -13.123, 8.933 ], [ -13.125, 8.932 ], [ -13.128, 8.932 ], [ -13.131, 8.931 ], [ -13.131, 8.931 ], [ -13.134, 8.93 ], [ -13.135, 8.928 ], [ -13.136, 8.928 ], [ -13.137, 8.927 ], [ -13.138, 8.926 ], [ -13.138, 8.926 ], [ -13.139, 8.925 ], [ -13.139, 8.925 ], [ -13.14, 8.924 ], [ -13.141, 8.924 ], [ -13.141, 8.923 ], [ -13.141, 8.923 ], [ -13.142, 8.921 ], [ -13.144, 8.919 ], [ -13.146, 8.917 ], [ -13.147, 8.916 ], [ -13.148, 8.916 ], [ -13.15, 8.915 ], [ -13.152, 8.914 ], [ -13.153, 8.913 ], [ -13.155, 8.912 ], [ -13.156, 8.91 ], [ -13.156, 8.91 ], [ -13.158, 8.909 ], [ -13.159, 8.908 ], [ -13.16, 8.908 ], [ -13.161, 8.907 ], [ -13.163, 8.908 ], [ -13.164, 8.908 ], [ -13.164, 8.908 ], [ -13.165, 8.908 ], [ -13.168, 8.908 ], [ -13.17, 8.908 ], [ -13.171, 8.909 ], [ -13.173, 8.908 ], [ -13.18, 8.909 ], [ -13.18, 8.909 ], [ -13.183, 8.908 ], [ -13.186, 8.909 ], [ -13.187, 8.91 ], [ -13.188, 8.91 ], [ -13.19, 8.911 ], [ -13.19, 8.911 ], [ -13.193, 8.911 ], [ -13.197, 8.913 ], [ -13.199, 8.915 ], [ -13.2, 8.918 ], [ -13.202, 8.92 ], [ -13.203, 8.923 ], [ -13.205, 8.925 ], [ -13.208, 8.928 ], [ -13.211, 8.93 ], [ -13.213, 8.933 ], [ -13.216, 8.934 ], [ -13.218, 8.936 ], [ -13.221, 8.938 ], [ -13.221, 8.938 ], [ -13.224, 8.941 ], [ -13.225, 8.944 ], [ -13.227, 8.944 ], [ -13.228, 8.946 ], [ -13.23, 8.947 ], [ -13.231, 8.948 ], [ -13.231, 8.949 ], [ -13.232, 8.95 ], [ -13.232, 8.952 ], [ -13.232, 8.953 ], [ -13.232, 8.954 ], [ -13.232, 8.955 ], [ -13.232, 8.956 ], [ -13.232, 8.958 ], [ -13.233, 8.959 ], [ -13.233, 8.959 ], [ -13.233, 8.96 ], [ -13.234, 8.96 ], [ -13.235, 8.96 ], [ -13.236, 8.958 ], [ -13.237, 8.956 ], [ -13.238, 8.954 ], [ -13.238, 8.952 ], [ -13.238, 8.95 ], [ -13.238, 8.946 ], [ -13.239, 8.945 ], [ -13.245, 8.943 ], [ -13.249, 8.943 ], [ -13.25, 8.943 ], [ -13.249, 8.944 ], [ -13.247, 8.946 ], [ -13.246, 8.947 ], [ -13.248, 8.952 ], [ -13.249, 8.952 ], [ -13.25, 8.953 ], [ -13.251, 8.953 ], [ -13.253, 8.953 ], [ -13.254, 8.955 ], [ -13.254, 8.956 ], [ -13.254, 8.958 ], [ -13.253, 8.96 ], [ -13.253, 8.962 ], [ -13.253, 8.964 ], [ -13.254, 8.966 ], [ -13.253, 8.968 ], [ -13.253, 8.969 ], [ -13.254, 8.971 ], [ -13.254, 8.973 ], [ -13.256, 8.975 ], [ -13.256, 8.975 ], [ -13.257, 8.975 ], [ -13.258, 8.975 ], [ -13.258, 8.974 ], [ -13.259, 8.97 ], [ -13.258, 8.969 ], [ -13.258, 8.967 ], [ -13.259, 8.965 ], [ -13.259, 8.963 ], [ -13.259, 8.961 ], [ -13.259, 8.96 ], [ -13.259, 8.959 ], [ -13.258, 8.958 ], [ -13.258, 8.956 ], [ -13.259, 8.954 ], [ -13.26, 8.953 ], [ -13.259, 8.952 ], [ -13.257, 8.951 ], [ -13.259, 8.95 ], [ -13.262, 8.95 ], [ -13.263, 8.951 ], [ -13.264, 8.951 ], [ -13.264, 8.951 ], [ -13.268, 8.949 ], [ -13.268, 8.949 ], [ -13.27, 8.948 ], [ -13.271, 8.948 ], [ -13.272, 8.948 ], [ -13.273, 8.948 ], [ -13.274, 8.948 ], [ -13.277, 8.949 ], [ -13.281, 8.951 ], [ -13.282, 8.952 ], [ -13.285, 8.952 ], [ -13.287, 8.953 ], [ -13.289, 8.952 ], [ -13.289, 8.952 ], [ -13.291, 8.951 ], [ -13.293, 8.953 ], [ -13.295, 8.954 ], [ -13.296, 8.956 ], [ -13.297, 8.959 ], [ -13.296, 8.96 ], [ -13.296, 8.961 ], [ -13.297, 8.962 ], [ -13.297, 8.963 ], [ -13.296, 8.965 ], [ -13.295, 8.967 ], [ -13.296, 8.967 ], [ -13.296, 8.969 ], [ -13.296, 8.971 ], [ -13.296, 8.972 ], [ -13.296, 8.975 ], [ -13.295, 8.977 ], [ -13.294, 8.978 ], [ -13.294, 8.978 ], [ -13.294, 8.979 ], [ -13.295, 8.98 ], [ -13.296, 8.982 ], [ -13.295, 8.983 ], [ -13.294, 8.984 ], [ -13.294, 8.986 ], [ -13.294, 8.989 ], [ -13.294, 8.995 ], [ -13.293, 8.997 ], [ -13.291, 8.998 ], [ -13.29, 8.999 ], [ -13.29, 8.999 ], [ -13.29, 8.999 ], [ -13.289, 8.999 ], [ -13.289, 9.0 ], [ -13.29, 9.001 ], [ -13.291, 9.004 ], [ -13.291, 9.005 ], [ -13.291, 9.007 ], [ -13.292, 9.008 ], [ -13.292, 9.008 ], [ -13.292, 9.008 ], [ -13.292, 9.009 ], [ -13.292, 9.01 ], [ -13.292, 9.012 ], [ -13.294, 9.015 ], [ -13.294, 9.015 ], [ -13.295, 9.018 ], [ -13.296, 9.021 ], [ -13.297, 9.022 ], [ -13.298, 9.025 ], [ -13.298, 9.025 ], [ -13.299, 9.027 ], [ -13.301, 9.031 ], [ -13.302, 9.033 ], [ -13.304, 9.035 ], [ -13.304, 9.035 ], [ -13.305, 9.037 ], [ -13.307, 9.039 ], [ -13.308, 9.041 ], [ -13.309, 9.043 ], [ -13.309, 9.045 ], [ -13.308, 9.047 ], [ -13.305, 9.05 ], [ -13.302, 9.052 ], [ -13.297, 9.057 ], [ -13.293, 9.06 ], [ -13.29, 9.062 ], [ -13.284, 9.064 ], [ -13.278, 9.066 ], [ -13.274, 9.067 ], [ -13.274, 9.067 ], [ -13.272, 9.067 ], [ -13.27, 9.068 ], [ -13.266, 9.069 ], [ -13.259, 9.072 ], [ -13.258, 9.072 ], [ -13.253, 9.075 ], [ -13.243, 9.079 ], [ -13.24, 9.08 ], [ -13.231, 9.084 ], [ -13.221, 9.088 ], [ -13.221, 9.088 ], [ -13.207, 9.094 ], [ -13.2, 9.098 ], [ -13.195, 9.096 ], [ -13.188, 9.097 ], [ -13.178, 9.098 ], [ -13.175, 9.094 ], [ -13.174, 9.091 ], [ -13.173, 9.091 ], [ -13.17, 9.09 ], [ -13.167, 9.086 ], [ -13.167, 9.083 ], [ -13.167, 9.08 ], [ -13.165, 9.078 ], [ -13.162, 9.077 ], [ -13.16, 9.076 ], [ -13.158, 9.074 ], [ -13.156, 9.073 ], [ -13.154, 9.072 ], [ -13.152, 9.07 ], [ -13.149, 9.066 ], [ -13.148, 9.065 ], [ -13.146, 9.062 ], [ -13.145, 9.06 ], [ -13.144, 9.059 ], [ -13.142, 9.057 ], [ -13.14, 9.057 ], [ -13.138, 9.056 ], [ -13.135, 9.055 ], [ -13.134, 9.055 ], [ -13.132, 9.054 ], [ -13.13, 9.053 ], [ -13.129, 9.053 ], [ -13.128, 9.052 ], [ -13.125, 9.05 ], [ -13.124, 9.05 ], [ -13.122, 9.05 ], [ -13.12, 9.049 ], [ -13.119, 9.05 ], [ -13.119, 9.05 ], [ -13.117, 9.051 ], [ -13.116, 9.052 ], [ -13.115, 9.052 ], [ -13.115, 9.053 ], [ -13.114, 9.053 ], [ -13.112, 9.053 ], [ -13.111, 9.053 ], [ -13.111, 9.053 ], [ -13.111, 9.053 ], [ -13.109, 9.053 ], [ -13.108, 9.052 ], [ -13.106, 9.05 ], [ -13.099, 9.051 ], [ -13.095, 9.054 ], [ -13.094, 9.055 ], [ -13.091, 9.062 ], [ -13.086, 9.072 ], [ -13.084, 9.077 ], [ -13.073, 9.083 ], [ -13.062, 9.085 ], [ -13.053, 9.085 ], [ -13.054, 9.08 ], [ -13.053, 9.085 ], [ -13.052, 9.085 ], [ -13.045, 9.092 ], [ -13.042, 9.094 ], [ -13.042, 9.095 ], [ -13.041, 9.095 ], [ -13.04, 9.098 ], [ -13.036, 9.099 ], [ -13.034, 9.1 ], [ -13.031, 9.102 ], [ -13.03, 9.102 ], [ -13.027, 9.104 ], [ -13.021, 9.109 ], [ -13.015, 9.114 ], [ -13.012, 9.115 ], [ -13.004, 9.12 ], [ -13.002, 9.121 ], [ -12.999, 9.123 ], [ -12.996, 9.128 ], [ -12.996, 9.13 ], [ -12.994, 9.133 ], [ -12.994, 9.134 ], [ -12.993, 9.138 ], [ -12.994, 9.142 ], [ -12.992, 9.145 ], [ -12.99, 9.147 ], [ -12.987, 9.149 ], [ -12.987, 9.149 ], [ -12.987, 9.15 ], [ -12.985, 9.153 ], [ -12.984, 9.154 ], [ -12.984, 9.154 ], [ -12.983, 9.157 ], [ -12.982, 9.161 ], [ -12.982, 9.164 ], [ -12.98, 9.168 ], [ -12.978, 9.17 ], [ -12.974, 9.171 ], [ -12.972, 9.172 ], [ -12.971, 9.173 ], [ -12.966, 9.177 ], [ -12.965, 9.177 ], [ -12.961, 9.18 ], [ -12.958, 9.182 ], [ -12.958, 9.182 ], [ -12.956, 9.184 ], [ -12.956, 9.187 ], [ -12.955, 9.195 ], [ -12.955, 9.197 ], [ -12.955, 9.197 ], [ -12.955, 9.198 ], [ -12.956, 9.198 ], [ -12.958, 9.2 ], [ -12.96, 9.202 ], [ -12.961, 9.206 ], [ -12.962, 9.209 ], [ -12.963, 9.214 ], [ -12.965, 9.218 ], [ -12.967, 9.223 ], [ -12.969, 9.225 ], [ -12.97, 9.228 ], [ -12.968, 9.228 ], [ -12.966, 9.229 ], [ -12.964, 9.231 ], [ -12.962, 9.233 ], [ -12.962, 9.234 ], [ -12.962, 9.234 ], [ -12.961, 9.237 ], [ -12.961, 9.238 ], [ -12.96, 9.239 ], [ -12.957, 9.238 ], [ -12.96, 9.239 ], [ -12.957, 9.247 ], [ -12.956, 9.247 ], [ -12.95, 9.258 ], [ -12.949, 9.265 ], [ -12.949, 9.266 ], [ -12.951, 9.27 ], [ -12.954, 9.279 ], [ -12.948, 9.284 ], [ -12.945, 9.286 ], [ -12.942, 9.289 ], [ -12.94, 9.288 ], [ -12.931, 9.286 ], [ -12.926, 9.283 ], [ -12.924, 9.281 ], [ -12.921, 9.282 ], [ -12.917, 9.277 ], [ -12.914, 9.272 ], [ -12.915, 9.269 ], [ -12.918, 9.269 ], [ -12.918, 9.269 ], [ -12.917, 9.268 ], [ -12.915, 9.267 ], [ -12.913, 9.264 ], [ -12.911, 9.264 ], [ -12.909, 9.264 ], [ -12.908, 9.259 ], [ -12.9, 9.269 ], [ -12.896, 9.271 ], [ -12.893, 9.271 ], [ -12.889, 9.27 ], [ -12.887, 9.271 ], [ -12.886, 9.272 ], [ -12.883, 9.273 ], [ -12.885, 9.279 ], [ -12.888, 9.281 ], [ -12.886, 9.284 ], [ -12.879, 9.292 ], [ -12.872, 9.288 ], [ -12.867, 9.288 ], [ -12.865, 9.287 ], [ -12.861, 9.292 ], [ -12.855, 9.289 ], [ -12.853, 9.286 ], [ -12.849, 9.283 ], [ -12.848, 9.278 ], [ -12.847, 9.278 ], [ -12.845, 9.28 ], [ -12.845, 9.284 ], [ -12.843, 9.287 ], [ -12.843, 9.288 ], [ -12.842, 9.289 ], [ -12.839, 9.291 ], [ -12.836, 9.29 ], [ -12.835, 9.29 ], [ -12.832, 9.29 ], [ -12.83, 9.292 ], [ -12.829, 9.292 ], [ -12.828, 9.293 ], [ -12.827, 9.294 ], [ -12.825, 9.295 ], [ -12.823, 9.295 ], [ -12.818, 9.293 ], [ -12.815, 9.292 ], [ -12.81, 9.289 ], [ -12.808, 9.29 ], [ -12.806, 9.29 ], [ -12.806, 9.293 ], [ -12.805, 9.294 ], [ -12.804, 9.296 ], [ -12.802, 9.298 ], [ -12.802, 9.298 ], [ -12.8, 9.299 ], [ -12.797, 9.3 ], [ -12.794, 9.3 ], [ -12.792, 9.3 ], [ -12.79, 9.301 ], [ -12.788, 9.301 ], [ -12.787, 9.302 ], [ -12.785, 9.304 ], [ -12.784, 9.306 ], [ -12.785, 9.308 ], [ -12.787, 9.311 ], [ -12.787, 9.315 ], [ -12.787, 9.316 ], [ -12.784, 9.319 ], [ -12.782, 9.32 ], [ -12.778, 9.321 ], [ -12.778, 9.321 ], [ -12.778, 9.322 ], [ -12.777, 9.322 ], [ -12.778, 9.323 ], [ -12.778, 9.325 ], [ -12.776, 9.329 ], [ -12.774, 9.33 ], [ -12.773, 9.332 ], [ -12.772, 9.335 ], [ -12.772, 9.335 ], [ -12.772, 9.337 ], [ -12.775, 9.339 ], [ -12.775, 9.341 ], [ -12.775, 9.343 ], [ -12.774, 9.344 ], [ -12.775, 9.344 ], [ -12.773, 9.346 ], [ -12.77, 9.346 ], [ -12.769, 9.346 ], [ -12.768, 9.344 ], [ -12.767, 9.344 ], [ -12.761, 9.343 ], [ -12.757, 9.345 ], [ -12.752, 9.347 ], [ -12.751, 9.348 ], [ -12.748, 9.35 ], [ -12.748, 9.352 ], [ -12.748, 9.353 ], [ -12.748, 9.355 ], [ -12.748, 9.357 ], [ -12.751, 9.357 ], [ -12.753, 9.359 ], [ -12.754, 9.364 ], [ -12.752, 9.365 ], [ -12.753, 9.369 ], [ -12.756, 9.374 ], [ -12.755, 9.381 ], [ -12.756, 9.389 ], [ -12.756, 9.393 ], [ -12.749, 9.4 ], [ -12.739, 9.4 ], [ -12.731, 9.394 ], [ -12.725, 9.395 ], [ -12.722, 9.397 ], [ -12.719, 9.396 ], [ -12.717, 9.395 ], [ -12.715, 9.394 ], [ -12.711, 9.39 ], [ -12.707, 9.389 ], [ -12.706, 9.391 ], [ -12.706, 9.391 ], [ -12.707, 9.394 ], [ -12.709, 9.399 ], [ -12.709, 9.407 ], [ -12.706, 9.411 ], [ -12.699, 9.417 ], [ -12.693, 9.418 ], [ -12.69, 9.414 ], [ -12.688, 9.41 ], [ -12.686, 9.409 ], [ -12.685, 9.408 ], [ -12.684, 9.409 ], [ -12.684, 9.409 ], [ -12.683, 9.411 ], [ -12.684, 9.414 ], [ -12.684, 9.418 ], [ -12.679, 9.421 ], [ -12.681, 9.425 ], [ -12.68, 9.425 ], [ -12.681, 9.425 ], [ -12.682, 9.427 ], [ -12.684, 9.431 ], [ -12.679, 9.434 ], [ -12.675, 9.438 ], [ -12.676, 9.439 ], [ -12.679, 9.441 ], [ -12.681, 9.443 ], [ -12.68, 9.447 ], [ -12.678, 9.449 ], [ -12.678, 9.452 ], [ -12.678, 9.458 ], [ -12.677, 9.462 ], [ -12.673, 9.465 ], [ -12.673, 9.465 ], [ -12.669, 9.467 ], [ -12.668, 9.47 ], [ -12.67, 9.475 ], [ -12.67, 9.477 ], [ -12.668, 9.478 ], [ -12.666, 9.48 ], [ -12.665, 9.482 ], [ -12.664, 9.485 ], [ -12.66, 9.492 ], [ -12.659, 9.493 ], [ -12.658, 9.494 ], [ -12.655, 9.497 ], [ -12.65, 9.504 ], [ -12.65, 9.505 ], [ -12.648, 9.507 ], [ -12.646, 9.51 ], [ -12.645, 9.512 ], [ -12.645, 9.516 ], [ -12.645, 9.519 ], [ -12.646, 9.524 ], [ -12.65, 9.53 ], [ -12.654, 9.533 ], [ -12.655, 9.537 ], [ -12.653, 9.541 ], [ -12.648, 9.545 ], [ -12.641, 9.549 ], [ -12.637, 9.55 ], [ -12.636, 9.549 ], [ -12.634, 9.549 ], [ -12.631, 9.547 ], [ -12.629, 9.549 ], [ -12.628, 9.552 ], [ -12.63, 9.556 ], [ -12.632, 9.56 ], [ -12.634, 9.567 ], [ -12.631, 9.568 ], [ -12.628, 9.57 ], [ -12.626, 9.575 ], [ -12.625, 9.579 ], [ -12.623, 9.59 ], [ -12.62, 9.592 ], [ -12.618, 9.594 ], [ -12.617, 9.601 ], [ -12.617, 9.604 ], [ -12.615, 9.607 ], [ -12.612, 9.608 ], [ -12.609, 9.607 ], [ -12.605, 9.605 ], [ -12.601, 9.603 ], [ -12.598, 9.601 ], [ -12.594, 9.6 ], [ -12.587, 9.599 ], [ -12.585, 9.599 ], [ -12.58, 9.593 ], [ -12.58, 9.587 ], [ -12.577, 9.587 ], [ -12.573, 9.586 ], [ -12.569, 9.583 ], [ -12.563, 9.581 ], [ -12.56, 9.58 ], [ -12.557, 9.581 ], [ -12.554, 9.582 ], [ -12.549, 9.581 ], [ -12.546, 9.577 ], [ -12.542, 9.57 ], [ -12.538, 9.564 ], [ -12.537, 9.563 ], [ -12.535, 9.563 ], [ -12.533, 9.562 ], [ -12.532, 9.562 ], [ -12.532, 9.562 ], [ -12.525, 9.56 ], [ -12.516, 9.555 ], [ -12.515, 9.554 ], [ -12.515, 9.554 ], [ -12.506, 9.549 ], [ -12.502, 9.545 ], [ -12.502, 9.545 ], [ -12.5, 9.543 ], [ -12.498, 9.541 ], [ -12.492, 9.536 ], [ -12.487, 9.53 ], [ -12.487, 9.53 ], [ -12.483, 9.527 ], [ -12.476, 9.52 ], [ -12.469, 9.515 ], [ -12.467, 9.514 ], [ -12.459, 9.51 ], [ -12.45, 9.505 ], [ -12.448, 9.504 ], [ -12.442, 9.5 ], [ -12.435, 9.497 ], [ -12.434, 9.496 ], [ -12.423, 9.492 ], [ -12.418, 9.485 ], [ -12.418, 9.473 ], [ -12.418, 9.473 ], [ -12.416, 9.46 ], [ -12.416, 9.459 ], [ -12.408, 9.45 ], [ -12.4, 9.44 ], [ -12.399, 9.432 ], [ -12.402, 9.425 ], [ -12.405, 9.419 ], [ -12.404, 9.417 ], [ -12.401, 9.413 ], [ -12.392, 9.414 ], [ -12.382, 9.412 ], [ -12.375, 9.407 ], [ -12.37, 9.4 ], [ -12.37, 9.399 ], [ -12.372, 9.394 ], [ -12.374, 9.389 ], [ -12.376, 9.383 ], [ -12.376, 9.375 ], [ -12.371, 9.367 ], [ -12.37, 9.365 ], [ -12.366, 9.355 ], [ -12.372, 9.351 ], [ -12.379, 9.351 ], [ -12.381, 9.353 ], [ -12.382, 9.36 ], [ -12.388, 9.364 ], [ -12.395, 9.359 ], [ -12.399, 9.352 ], [ -12.403, 9.341 ], [ -12.404, 9.339 ], [ -12.409, 9.335 ], [ -12.413, 9.332 ], [ -12.413, 9.321 ], [ -12.41, 9.315 ], [ -12.404, 9.309 ], [ -12.396, 9.304 ], [ -12.391, 9.301 ], [ -12.387, 9.294 ], [ -12.388, 9.292 ], [ -12.39, 9.287 ], [ -12.397, 9.285 ], [ -12.402, 9.285 ], [ -12.403, 9.285 ], [ -12.41, 9.29 ], [ -12.414, 9.296 ], [ -12.416, 9.3 ], [ -12.423, 9.304 ], [ -12.424, 9.309 ], [ -12.424, 9.315 ], [ -12.429, 9.314 ], [ -12.432, 9.308 ], [ -12.433, 9.3 ], [ -12.432, 9.293 ], [ -12.431, 9.287 ], [ -12.431, 9.286 ], [ -12.434, 9.282 ], [ -12.439, 9.275 ], [ -12.44, 9.271 ], [ -12.439, 9.266 ], [ -12.439, 9.262 ], [ -12.438, 9.259 ], [ -12.437, 9.253 ], [ -12.441, 9.252 ], [ -12.446, 9.257 ], [ -12.455, 9.265 ], [ -12.465, 9.269 ], [ -12.474, 9.266 ], [ -12.482, 9.267 ], [ -12.487, 9.273 ], [ -12.49, 9.273 ], [ -12.49, 9.261 ], [ -12.49, 9.253 ], [ -12.493, 9.249 ], [ -12.501, 9.246 ], [ -12.501, 9.247 ], [ -12.504, 9.253 ], [ -12.508, 9.26 ], [ -12.511, 9.267 ], [ -12.513, 9.27 ], [ -12.518, 9.273 ], [ -12.52, 9.272 ], [ -12.521, 9.272 ], [ -12.52, 9.265 ], [ -12.518, 9.258 ], [ -12.521, 9.255 ], [ -12.525, 9.251 ], [ -12.527, 9.248 ], [ -12.53, 9.242 ], [ -12.531, 9.236 ], [ -12.532, 9.228 ], [ -12.54, 9.225 ], [ -12.546, 9.225 ], [ -12.553, 9.23 ], [ -12.547, 9.236 ], [ -12.543, 9.244 ], [ -12.546, 9.249 ], [ -12.554, 9.251 ], [ -12.563, 9.25 ], [ -12.564, 9.248 ], [ -12.562, 9.243 ], [ -12.56, 9.238 ], [ -12.556, 9.231 ], [ -12.557, 9.23 ], [ -12.56, 9.227 ], [ -12.568, 9.223 ], [ -12.575, 9.223 ], [ -12.583, 9.221 ], [ -12.588, 9.22 ], [ -12.597, 9.216 ], [ -12.6, 9.222 ], [ -12.6, 9.228 ], [ -12.604, 9.234 ], [ -12.61, 9.234 ], [ -12.611, 9.234 ], [ -12.612, 9.233 ], [ -12.614, 9.232 ], [ -12.615, 9.225 ], [ -12.616, 9.22 ], [ -12.622, 9.212 ], [ -12.627, 9.21 ], [ -12.628, 9.209 ], [ -12.631, 9.206 ], [ -12.635, 9.204 ], [ -12.638, 9.206 ], [ -12.641, 9.21 ], [ -12.646, 9.209 ], [ -12.653, 9.203 ], [ -12.656, 9.201 ], [ -12.659, 9.199 ], [ -12.66, 9.195 ], [ -12.661, 9.192 ], [ -12.66, 9.184 ], [ -12.657, 9.178 ], [ -12.656, 9.176 ], [ -12.656, 9.176 ], [ -12.652, 9.166 ], [ -12.653, 9.159 ], [ -12.656, 9.152 ], [ -12.656, 9.145 ], [ -12.659, 9.139 ], [ -12.662, 9.133 ], [ -12.67, 9.133 ], [ -12.668, 9.129 ], [ -12.665, 9.123 ], [ -12.664, 9.117 ], [ -12.664, 9.113 ], [ -12.667, 9.108 ], [ -12.677, 9.108 ], [ -12.678, 9.107 ], [ -12.684, 9.107 ], [ -12.685, 9.107 ], [ -12.689, 9.107 ], [ -12.694, 9.107 ], [ -12.695, 9.107 ], [ -12.699, 9.099 ], [ -12.701, 9.098 ], [ -12.702, 9.097 ], [ -12.703, 9.096 ], [ -12.704, 9.095 ], [ -12.705, 9.095 ], [ -12.709, 9.092 ], [ -12.711, 9.084 ], [ -12.714, 9.079 ], [ -12.715, 9.077 ], [ -12.717, 9.074 ], [ -12.717, 9.073 ], [ -12.722, 9.069 ], [ -12.73, 9.062 ], [ -12.734, 9.053 ], [ -12.734, 9.053 ], [ -12.735, 9.05 ], [ -12.737, 9.046 ], [ -12.733, 9.038 ], [ -12.73, 9.034 ], [ -12.73, 9.032 ], [ -12.733, 9.026 ], [ -12.735, 9.024 ], [ -12.736, 9.023 ], [ -12.738, 9.022 ], [ -12.74, 9.021 ], [ -12.743, 9.02 ], [ -12.747, 9.015 ], [ -12.753, 9.012 ], [ -12.753, 9.012 ], [ -12.758, 9.007 ], [ -12.758, 9.003 ], [ -12.758, 9.0 ], [ -12.751, 8.997 ], [ -12.747, 8.992 ], [ -12.745, 8.983 ], [ -12.744, 8.982 ], [ -12.75, 8.984 ], [ -12.755, 8.987 ], [ -12.761, 8.994 ], [ -12.767, 8.993 ], [ -12.771, 8.995 ], [ -12.773, 8.997 ], [ -12.777, 9.0 ], [ -12.781, 9.0 ], [ -12.781, 9.004 ], [ -12.781, 9.004 ], [ -12.789, 9.011 ], [ -12.789, 9.011 ], [ -12.795, 9.015 ], [ -12.797, 9.016 ], [ -12.801, 9.022 ], [ -12.807, 9.027 ], [ -12.812, 9.032 ], [ -12.82, 9.03 ], [ -12.825, 9.028 ], [ -12.829, 9.025 ], [ -12.832, 9.02 ], [ -12.839, 9.015 ], [ -12.843, 9.014 ], [ -12.847, 9.015 ], [ -12.85, 9.017 ], [ -12.85, 9.016 ], [ -12.852, 9.01 ], [ -12.854, 9.003 ], [ -12.857, 8.995 ], [ -12.859, 8.989 ], [ -12.86, 8.988 ], [ -12.862, 8.984 ], [ -12.862, 8.976 ], [ -12.862, 8.975 ], [ -12.865, 8.973 ], [ -12.866, 8.967 ], [ -12.862, 8.959 ], [ -12.862, 8.953 ], [ -12.862, 8.953 ], [ -12.865, 8.952 ], [ -12.867, 8.951 ], [ -12.877, 8.951 ], [ -12.882, 8.947 ], [ -12.887, 8.945 ], [ -12.896, 8.944 ], [ -12.896, 8.939 ], [ -12.897, 8.939 ], [ -12.9, 8.938 ], [ -12.904, 8.936 ], [ -12.907, 8.931 ], [ -12.908, 8.931 ], [ -12.912, 8.928 ], [ -12.918, 8.926 ], [ -12.919, 8.926 ], [ -12.921, 8.925 ], [ -12.924, 8.921 ], [ -12.925, 8.919 ], [ -12.931, 8.914 ], [ -12.93, 8.912 ], [ -12.928, 8.911 ], [ -12.923, 8.902 ], [ -12.916, 8.895 ], [ -12.914, 8.893 ], [ -12.914, 8.892 ], [ -12.914, 8.878 ], [ -12.914, 8.868 ], [ -12.914, 8.862 ], [ -12.914, 8.858 ], [ -12.913, 8.848 ], [ -12.919, 8.846 ], [ -12.921, 8.845 ], [ -12.922, 8.844 ], [ -12.926, 8.844 ] ], [ [ -13.268, 8.953 ], [ -13.267, 8.953 ], [ -13.267, 8.954 ], [ -13.267, 8.953 ], [ -13.268, 8.953 ] ], [ [ -12.673, 9.425 ], [ -12.673, 9.425 ], [ -12.672, 9.426 ], [ -12.673, 9.425 ], [ -12.673, 9.425 ] ] ], [ [ [ -13.264, 8.852 ], [ -13.265, 8.851 ], [ -13.266, 8.85 ], [ -13.267, 8.849 ], [ -13.267, 8.849 ], [ -13.267, 8.85 ], [ -13.265, 8.851 ], [ -13.265, 8.852 ], [ -13.266, 8.851 ], [ -13.267, 8.851 ], [ -13.269, 8.851 ], [ -13.271, 8.851 ], [ -13.272, 8.851 ], [ -13.273, 8.85 ], [ -13.273, 8.851 ], [ -13.273, 8.851 ], [ -13.271, 8.852 ], [ -13.271, 8.852 ], [ -13.27, 8.854 ], [ -13.27, 8.854 ], [ -13.272, 8.855 ], [ -13.273, 8.855 ], [ -13.271, 8.856 ], [ -13.27, 8.856 ], [ -13.268, 8.856 ], [ -13.266, 8.856 ], [ -13.265, 8.855 ], [ -13.264, 8.854 ], [ -13.263, 8.854 ], [ -13.263, 8.853 ], [ -13.264, 8.852 ] ] ], [ [ [ -13.273, 8.873 ], [ -13.273, 8.871 ], [ -13.271, 8.87 ], [ -13.271, 8.869 ], [ -13.27, 8.867 ], [ -13.271, 8.866 ], [ -13.271, 8.865 ], [ -13.272, 8.865 ], [ -13.274, 8.865 ], [ -13.275, 8.864 ], [ -13.276, 8.864 ], [ -13.277, 8.864 ], [ -13.278, 8.864 ], [ -13.279, 8.865 ], [ -13.279, 8.866 ], [ -13.279, 8.866 ], [ -13.277, 8.866 ], [ -13.276, 8.866 ], [ -13.275, 8.867 ], [ -13.275, 8.867 ], [ -13.276, 8.868 ], [ -13.277, 8.869 ], [ -13.277, 8.87 ], [ -13.277, 8.871 ], [ -13.277, 8.872 ], [ -13.278, 8.873 ], [ -13.279, 8.872 ], [ -13.279, 8.873 ], [ -13.279, 8.874 ], [ -13.278, 8.875 ], [ -13.277, 8.875 ], [ -13.276, 8.876 ], [ -13.276, 8.877 ], [ -13.275, 8.877 ], [ -13.274, 8.877 ], [ -13.274, 8.876 ], [ -13.273, 8.873 ] ] ], [ [ [ -13.235, 8.888 ], [ -13.235, 8.887 ], [ -13.235, 8.888 ], [ -13.235, 8.889 ], [ -13.234, 8.888 ], [ -13.235, 8.888 ] ] ], [ [ [ -13.257, 8.893 ], [ -13.255, 8.892 ], [ -13.254, 8.89 ], [ -13.252, 8.888 ], [ -13.251, 8.886 ], [ -13.251, 8.884 ], [ -13.25, 8.882 ], [ -13.249, 8.881 ], [ -13.248, 8.88 ], [ -13.246, 8.879 ], [ -13.246, 8.879 ], [ -13.245, 8.88 ], [ -13.243, 8.88 ], [ -13.241, 8.879 ], [ -13.24, 8.879 ], [ -13.239, 8.878 ], [ -13.238, 8.879 ], [ -13.238, 8.879 ], [ -13.239, 8.88 ], [ -13.24, 8.88 ], [ -13.239, 8.881 ], [ -13.239, 8.882 ], [ -13.24, 8.883 ], [ -13.241, 8.884 ], [ -13.24, 8.885 ], [ -13.239, 8.885 ], [ -13.238, 8.883 ], [ -13.237, 8.882 ], [ -13.236, 8.881 ], [ -13.236, 8.88 ], [ -13.236, 8.879 ], [ -13.237, 8.878 ], [ -13.238, 8.877 ], [ -13.239, 8.875 ], [ -13.241, 8.874 ], [ -13.242, 8.873 ], [ -13.245, 8.871 ], [ -13.247, 8.87 ], [ -13.25, 8.868 ], [ -13.252, 8.869 ], [ -13.254, 8.87 ], [ -13.255, 8.871 ], [ -13.254, 8.872 ], [ -13.252, 8.873 ], [ -13.252, 8.874 ], [ -13.253, 8.874 ], [ -13.254, 8.873 ], [ -13.256, 8.872 ], [ -13.257, 8.873 ], [ -13.258, 8.874 ], [ -13.258, 8.876 ], [ -13.258, 8.877 ], [ -13.258, 8.878 ], [ -13.259, 8.879 ], [ -13.259, 8.881 ], [ -13.259, 8.881 ], [ -13.259, 8.882 ], [ -13.26, 8.883 ], [ -13.26, 8.884 ], [ -13.259, 8.884 ], [ -13.259, 8.884 ], [ -13.26, 8.885 ], [ -13.261, 8.886 ], [ -13.26, 8.887 ], [ -13.26, 8.888 ], [ -13.261, 8.889 ], [ -13.262, 8.89 ], [ -13.262, 8.89 ], [ -13.262, 8.891 ], [ -13.261, 8.891 ], [ -13.259, 8.891 ], [ -13.258, 8.891 ], [ -13.258, 8.892 ], [ -13.258, 8.892 ], [ -13.259, 8.892 ], [ -13.261, 8.892 ], [ -13.261, 8.893 ], [ -13.259, 8.894 ], [ -13.257, 8.893 ] ] ], [ [ [ -13.237, 8.886 ], [ -13.238, 8.886 ], [ -13.24, 8.886 ], [ -13.241, 8.887 ], [ -13.24, 8.888 ], [ -13.239, 8.887 ], [ -13.238, 8.887 ], [ -13.237, 8.887 ], [ -13.237, 8.886 ] ] ], [ [ [ -13.245, 8.889 ], [ -13.243, 8.889 ], [ -13.243, 8.889 ], [ -13.242, 8.888 ], [ -13.243, 8.888 ], [ -13.244, 8.888 ], [ -13.245, 8.888 ], [ -13.245, 8.889 ] ] ], [ [ [ -13.235, 8.89 ], [ -13.235, 8.89 ], [ -13.236, 8.89 ], [ -13.237, 8.892 ], [ -13.237, 8.893 ], [ -13.235, 8.891 ], [ -13.235, 8.891 ], [ -13.235, 8.891 ], [ -13.234, 8.891 ], [ -13.234, 8.89 ], [ -13.234, 8.89 ], [ -13.234, 8.889 ], [ -13.234, 8.889 ], [ -13.235, 8.889 ], [ -13.235, 8.889 ], [ -13.235, 8.89 ] ] ], [ [ [ -13.267, 8.892 ], [ -13.267, 8.892 ], [ -13.268, 8.892 ], [ -13.269, 8.892 ], [ -13.27, 8.893 ], [ -13.269, 8.894 ], [ -13.269, 8.894 ], [ -13.269, 8.896 ], [ -13.268, 8.896 ], [ -13.267, 8.896 ], [ -13.266, 8.896 ], [ -13.266, 8.896 ], [ -13.266, 8.895 ], [ -13.267, 8.894 ], [ -13.267, 8.893 ], [ -13.267, 8.893 ], [ -13.267, 8.892 ] ] ], [ [ [ -13.273, 8.896 ], [ -13.273, 8.896 ], [ -13.275, 8.896 ], [ -13.274, 8.897 ], [ -13.274, 8.897 ], [ -13.273, 8.897 ], [ -13.273, 8.897 ], [ -13.273, 8.896 ] ] ], [ [ [ -13.195, 8.898 ], [ -13.196, 8.897 ], [ -13.197, 8.897 ], [ -13.197, 8.898 ], [ -13.197, 8.899 ], [ -13.196, 8.9 ], [ -13.195, 8.9 ], [ -13.195, 8.9 ], [ -13.194, 8.901 ], [ -13.192, 8.902 ], [ -13.191, 8.902 ], [ -13.189, 8.903 ], [ -13.187, 8.903 ], [ -13.186, 8.903 ], [ -13.186, 8.902 ], [ -13.188, 8.901 ], [ -13.189, 8.9 ], [ -13.19, 8.899 ], [ -13.192, 8.899 ], [ -13.194, 8.898 ], [ -13.195, 8.898 ] ] ], [ [ [ -13.245, 8.895 ], [ -13.244, 8.895 ], [ -13.243, 8.895 ], [ -13.242, 8.895 ], [ -13.241, 8.894 ], [ -13.24, 8.893 ], [ -13.24, 8.892 ], [ -13.238, 8.89 ], [ -13.238, 8.889 ], [ -13.238, 8.889 ], [ -13.239, 8.888 ], [ -13.24, 8.889 ], [ -13.241, 8.89 ], [ -13.243, 8.891 ], [ -13.244, 8.892 ], [ -13.246, 8.893 ], [ -13.247, 8.894 ], [ -13.248, 8.896 ], [ -13.248, 8.897 ], [ -13.248, 8.898 ], [ -13.247, 8.899 ], [ -13.246, 8.898 ], [ -13.245, 8.898 ], [ -13.245, 8.898 ], [ -13.246, 8.896 ], [ -13.245, 8.895 ] ] ], [ [ [ -13.232, 8.915 ], [ -13.232, 8.917 ], [ -13.23, 8.92 ], [ -13.227, 8.922 ], [ -13.225, 8.922 ], [ -13.221, 8.92 ], [ -13.218, 8.918 ], [ -13.217, 8.917 ], [ -13.217, 8.917 ], [ -13.216, 8.917 ], [ -13.216, 8.917 ], [ -13.215, 8.916 ], [ -13.214, 8.916 ], [ -13.212, 8.914 ], [ -13.211, 8.912 ], [ -13.21, 8.91 ], [ -13.209, 8.908 ], [ -13.207, 8.905 ], [ -13.204, 8.904 ], [ -13.202, 8.903 ], [ -13.2, 8.901 ], [ -13.199, 8.901 ], [ -13.198, 8.901 ], [ -13.198, 8.9 ], [ -13.198, 8.898 ], [ -13.198, 8.897 ], [ -13.199, 8.896 ], [ -13.201, 8.896 ], [ -13.203, 8.895 ], [ -13.205, 8.894 ], [ -13.207, 8.893 ], [ -13.208, 8.893 ], [ -13.21, 8.892 ], [ -13.21, 8.892 ], [ -13.212, 8.891 ], [ -13.216, 8.89 ], [ -13.218, 8.889 ], [ -13.219, 8.889 ], [ -13.221, 8.889 ], [ -13.221, 8.888 ], [ -13.222, 8.887 ], [ -13.222, 8.886 ], [ -13.225, 8.885 ], [ -13.228, 8.885 ], [ -13.229, 8.885 ], [ -13.231, 8.884 ], [ -13.233, 8.882 ], [ -13.234, 8.883 ], [ -13.235, 8.883 ], [ -13.235, 8.884 ], [ -13.234, 8.884 ], [ -13.233, 8.884 ], [ -13.233, 8.885 ], [ -13.233, 8.885 ], [ -13.234, 8.886 ], [ -13.233, 8.887 ], [ -13.232, 8.887 ], [ -13.232, 8.886 ], [ -13.231, 8.886 ], [ -13.231, 8.887 ], [ -13.229, 8.887 ], [ -13.228, 8.886 ], [ -13.227, 8.886 ], [ -13.227, 8.887 ], [ -13.228, 8.887 ], [ -13.23, 8.888 ], [ -13.23, 8.889 ], [ -13.231, 8.89 ], [ -13.232, 8.89 ], [ -13.232, 8.891 ], [ -13.233, 8.892 ], [ -13.233, 8.892 ], [ -13.234, 8.892 ], [ -13.235, 8.894 ], [ -13.236, 8.895 ], [ -13.238, 8.897 ], [ -13.24, 8.899 ], [ -13.24, 8.901 ], [ -13.24, 8.903 ], [ -13.24, 8.904 ], [ -13.24, 8.905 ], [ -13.239, 8.905 ], [ -13.238, 8.906 ], [ -13.238, 8.907 ], [ -13.238, 8.908 ], [ -13.238, 8.909 ], [ -13.237, 8.91 ], [ -13.237, 8.91 ], [ -13.236, 8.911 ], [ -13.236, 8.911 ], [ -13.236, 8.912 ], [ -13.236, 8.913 ], [ -13.235, 8.914 ], [ -13.235, 8.914 ], [ -13.234, 8.914 ], [ -13.234, 8.912 ], [ -13.234, 8.912 ], [ -13.235, 8.911 ], [ -13.235, 8.91 ], [ -13.234, 8.91 ], [ -13.234, 8.911 ], [ -13.234, 8.912 ], [ -13.233, 8.913 ], [ -13.233, 8.914 ], [ -13.233, 8.914 ], [ -13.232, 8.915 ] ] ], [ [ [ -13.27, 8.902 ], [ -13.27, 8.902 ], [ -13.271, 8.902 ], [ -13.272, 8.902 ], [ -13.274, 8.902 ], [ -13.275, 8.902 ], [ -13.276, 8.901 ], [ -13.276, 8.902 ], [ -13.277, 8.902 ], [ -13.276, 8.903 ], [ -13.276, 8.904 ], [ -13.277, 8.904 ], [ -13.277, 8.904 ], [ -13.278, 8.905 ], [ -13.277, 8.905 ], [ -13.274, 8.906 ], [ -13.274, 8.906 ], [ -13.273, 8.905 ], [ -13.271, 8.904 ], [ -13.27, 8.903 ], [ -13.27, 8.902 ] ] ], [ [ [ -13.157, 8.904 ], [ -13.16, 8.902 ], [ -13.161, 8.902 ], [ -13.162, 8.902 ], [ -13.163, 8.902 ], [ -13.164, 8.902 ], [ -13.164, 8.903 ], [ -13.165, 8.903 ], [ -13.165, 8.904 ], [ -13.164, 8.903 ], [ -13.163, 8.903 ], [ -13.163, 8.904 ], [ -13.162, 8.904 ], [ -13.162, 8.904 ], [ -13.16, 8.905 ], [ -13.159, 8.906 ], [ -13.158, 8.906 ], [ -13.157, 8.906 ], [ -13.156, 8.906 ], [ -13.157, 8.905 ], [ -13.157, 8.904 ] ] ], [ [ [ -13.144, 8.898 ], [ -13.145, 8.898 ], [ -13.146, 8.898 ], [ -13.148, 8.899 ], [ -13.148, 8.899 ], [ -13.148, 8.9 ], [ -13.148, 8.9 ], [ -13.147, 8.901 ], [ -13.146, 8.903 ], [ -13.145, 8.905 ], [ -13.143, 8.907 ], [ -13.142, 8.909 ], [ -13.14, 8.912 ], [ -13.139, 8.915 ], [ -13.138, 8.918 ], [ -13.138, 8.92 ], [ -13.136, 8.922 ], [ -13.136, 8.922 ], [ -13.134, 8.923 ], [ -13.132, 8.924 ], [ -13.131, 8.924 ], [ -13.13, 8.925 ], [ -13.128, 8.926 ], [ -13.126, 8.926 ], [ -13.125, 8.926 ], [ -13.124, 8.926 ], [ -13.122, 8.926 ], [ -13.121, 8.926 ], [ -13.12, 8.927 ], [ -13.119, 8.927 ], [ -13.118, 8.927 ], [ -13.118, 8.926 ], [ -13.118, 8.925 ], [ -13.119, 8.924 ], [ -13.12, 8.923 ], [ -13.12, 8.921 ], [ -13.121, 8.92 ], [ -13.122, 8.919 ], [ -13.123, 8.917 ], [ -13.125, 8.915 ], [ -13.127, 8.914 ], [ -13.128, 8.913 ], [ -13.13, 8.912 ], [ -13.131, 8.911 ], [ -13.133, 8.91 ], [ -13.135, 8.908 ], [ -13.136, 8.907 ], [ -13.137, 8.906 ], [ -13.138, 8.905 ], [ -13.138, 8.903 ], [ -13.14, 8.9 ], [ -13.141, 8.899 ], [ -13.142, 8.898 ], [ -13.144, 8.898 ] ] ], [ [ [ -13.196, 8.907 ], [ -13.197, 8.906 ], [ -13.197, 8.906 ], [ -13.198, 8.906 ], [ -13.2, 8.906 ], [ -13.2, 8.906 ], [ -13.201, 8.906 ], [ -13.202, 8.907 ], [ -13.203, 8.907 ], [ -13.204, 8.908 ], [ -13.205, 8.909 ], [ -13.205, 8.91 ], [ -13.206, 8.912 ], [ -13.206, 8.914 ], [ -13.205, 8.913 ], [ -13.203, 8.913 ], [ -13.202, 8.912 ], [ -13.2, 8.91 ], [ -13.198, 8.908 ], [ -13.196, 8.907 ], [ -13.196, 8.907 ] ] ], [ [ [ -13.231, 8.924 ], [ -13.232, 8.925 ], [ -13.234, 8.925 ], [ -13.235, 8.925 ], [ -13.234, 8.926 ], [ -13.229, 8.925 ], [ -13.228, 8.925 ], [ -13.228, 8.924 ], [ -13.228, 8.923 ], [ -13.231, 8.924 ] ] ] ] } },
{ "type": "Feature", "properties": { "NEW_DIST": "Karene", "NEW_PROV": "North Western", "CS_Pro_Num": 5, "CS_Pro_Nam": "North Western", "CS_Dis_Num": 52, "CS_Dis_Nam": "Karene", "layer": "Karene District" }, "geometry": { "type": "MultiPolygon", "coordinates": [ [ [ [ -12.315, 8.899 ], [ -12.315, 8.901 ], [ -12.316, 8.902 ], [ -12.316, 8.904 ], [ -12.317, 8.908 ], [ -12.32, 8.908 ], [ -12.321, 8.908 ], [ -12.323, 8.908 ], [ -12.326, 8.908 ], [ -12.331, 8.908 ], [ -12.337, 8.908 ], [ -12.34, 8.908 ], [ -12.342, 8.907 ], [ -12.345, 8.906 ], [ -12.347, 8.904 ], [ -12.349, 8.903 ], [ -12.351, 8.903 ], [ -12.353, 8.903 ], [ -12.354, 8.902 ], [ -12.354, 8.902 ], [ -12.352, 8.899 ], [ -12.348, 8.894 ], [ -12.344, 8.889 ], [ -12.343, 8.881 ], [ -12.343, 8.875 ], [ -12.343, 8.874 ], [ -12.342, 8.871 ], [ -12.341, 8.871 ], [ -12.341, 8.866 ], [ -12.34, 8.864 ], [ -12.338, 8.863 ], [ -12.338, 8.862 ], [ -12.336, 8.86 ], [ -12.334, 8.859 ], [ -12.334, 8.859 ], [ -12.332, 8.856 ], [ -12.329, 8.851 ], [ -12.329, 8.849 ], [ -12.326, 8.845 ], [ -12.324, 8.84 ], [ -12.32, 8.836 ], [ -12.318, 8.827 ], [ -12.317, 8.825 ], [ -12.319, 8.815 ], [ -12.323, 8.809 ], [ -12.326, 8.801 ], [ -12.333, 8.798 ], [ -12.336, 8.794 ], [ -12.337, 8.793 ], [ -12.341, 8.793 ], [ -12.343, 8.793 ], [ -12.344, 8.794 ], [ -12.348, 8.795 ], [ -12.355, 8.798 ], [ -12.358, 8.799 ], [ -12.362, 8.796 ], [ -12.366, 8.793 ], [ -12.366, 8.792 ], [ -12.37, 8.791 ], [ -12.372, 8.784 ], [ -12.371, 8.777 ], [ -12.371, 8.775 ], [ -12.369, 8.77 ], [ -12.367, 8.764 ], [ -12.365, 8.762 ], [ -12.368, 8.76 ], [ -12.371, 8.759 ], [ -12.375, 8.754 ], [ -12.378, 8.751 ], [ -12.38, 8.748 ], [ -12.38, 8.748 ], [ -12.387, 8.751 ], [ -12.388, 8.752 ], [ -12.396, 8.753 ], [ -12.398, 8.753 ], [ -12.398, 8.753 ], [ -12.399, 8.752 ], [ -12.399, 8.753 ], [ -12.399, 8.753 ], [ -12.4, 8.753 ], [ -12.403, 8.753 ], [ -12.405, 8.754 ], [ -12.406, 8.754 ], [ -12.409, 8.755 ], [ -12.412, 8.756 ], [ -12.415, 8.757 ], [ -12.416, 8.756 ], [ -12.42, 8.754 ], [ -12.421, 8.754 ], [ -12.421, 8.754 ], [ -12.424, 8.752 ], [ -12.426, 8.751 ], [ -12.427, 8.75 ], [ -12.428, 8.75 ], [ -12.428, 8.75 ], [ -12.428, 8.75 ], [ -12.429, 8.749 ], [ -12.431, 8.746 ], [ -12.431, 8.745 ], [ -12.433, 8.743 ], [ -12.433, 8.742 ], [ -12.436, 8.739 ], [ -12.44, 8.739 ], [ -12.441, 8.738 ], [ -12.441, 8.738 ], [ -12.444, 8.736 ], [ -12.444, 8.736 ], [ -12.444, 8.736 ], [ -12.45, 8.733 ], [ -12.46, 8.729 ], [ -12.463, 8.729 ], [ -12.469, 8.731 ], [ -12.471, 8.732 ], [ -12.473, 8.733 ], [ -12.474, 8.733 ], [ -12.48, 8.734 ], [ -12.482, 8.735 ], [ -12.482, 8.736 ], [ -12.486, 8.736 ], [ -12.486, 8.736 ], [ -12.489, 8.737 ], [ -12.49, 8.737 ], [ -12.496, 8.737 ], [ -12.499, 8.737 ], [ -12.502, 8.736 ], [ -12.501, 8.73 ], [ -12.501, 8.725 ], [ -12.504, 8.723 ], [ -12.509, 8.723 ], [ -12.512, 8.724 ], [ -12.512, 8.724 ], [ -12.513, 8.724 ], [ -12.516, 8.724 ], [ -12.517, 8.72 ], [ -12.517, 8.714 ], [ -12.519, 8.711 ], [ -12.519, 8.71 ], [ -12.522, 8.71 ], [ -12.524, 8.71 ], [ -12.528, 8.71 ], [ -12.53, 8.71 ], [ -12.532, 8.707 ], [ -12.532, 8.707 ], [ -12.533, 8.707 ], [ -12.534, 8.707 ], [ -12.536, 8.706 ], [ -12.539, 8.705 ], [ -12.539, 8.704 ], [ -12.54, 8.703 ], [ -12.544, 8.703 ], [ -12.547, 8.703 ], [ -12.555, 8.703 ], [ -12.556, 8.703 ], [ -12.561, 8.704 ], [ -12.56, 8.704 ], [ -12.561, 8.706 ], [ -12.561, 8.707 ], [ -12.562, 8.709 ], [ -12.563, 8.715 ], [ -12.563, 8.716 ], [ -12.563, 8.718 ], [ -12.563, 8.72 ], [ -12.563, 8.721 ], [ -12.563, 8.723 ], [ -12.562, 8.725 ], [ -12.562, 8.726 ], [ -12.561, 8.73 ], [ -12.559, 8.733 ], [ -12.554, 8.737 ], [ -12.55, 8.739 ], [ -12.549, 8.74 ], [ -12.549, 8.741 ], [ -12.549, 8.744 ], [ -12.55, 8.746 ], [ -12.551, 8.747 ], [ -12.553, 8.75 ], [ -12.554, 8.752 ], [ -12.558, 8.756 ], [ -12.558, 8.756 ], [ -12.559, 8.757 ], [ -12.562, 8.757 ], [ -12.564, 8.757 ], [ -12.565, 8.757 ], [ -12.568, 8.758 ], [ -12.571, 8.759 ], [ -12.573, 8.759 ], [ -12.573, 8.759 ], [ -12.574, 8.76 ], [ -12.575, 8.759 ], [ -12.575, 8.76 ], [ -12.576, 8.76 ], [ -12.576, 8.76 ], [ -12.576, 8.763 ], [ -12.573, 8.766 ], [ -12.569, 8.766 ], [ -12.565, 8.766 ], [ -12.564, 8.766 ], [ -12.562, 8.768 ], [ -12.561, 8.771 ], [ -12.562, 8.772 ], [ -12.562, 8.775 ], [ -12.563, 8.776 ], [ -12.564, 8.776 ], [ -12.564, 8.78 ], [ -12.563, 8.78 ], [ -12.564, 8.782 ], [ -12.565, 8.784 ], [ -12.566, 8.785 ], [ -12.565, 8.79 ], [ -12.563, 8.793 ], [ -12.563, 8.794 ], [ -12.562, 8.796 ], [ -12.562, 8.797 ], [ -12.563, 8.799 ], [ -12.566, 8.803 ], [ -12.565, 8.806 ], [ -12.563, 8.806 ], [ -12.561, 8.808 ], [ -12.559, 8.812 ], [ -12.559, 8.812 ], [ -12.557, 8.814 ], [ -12.55, 8.817 ], [ -12.546, 8.82 ], [ -12.546, 8.82 ], [ -12.545, 8.824 ], [ -12.545, 8.824 ], [ -12.544, 8.833 ], [ -12.545, 8.836 ], [ -12.546, 8.839 ], [ -12.546, 8.84 ], [ -12.546, 8.841 ], [ -12.546, 8.846 ], [ -12.546, 8.848 ], [ -12.547, 8.851 ], [ -12.546, 8.854 ], [ -12.546, 8.858 ], [ -12.546, 8.859 ], [ -12.544, 8.862 ], [ -12.542, 8.863 ], [ -12.543, 8.863 ], [ -12.543, 8.865 ], [ -12.545, 8.868 ], [ -12.547, 8.87 ], [ -12.548, 8.874 ], [ -12.549, 8.877 ], [ -12.55, 8.88 ], [ -12.55, 8.882 ], [ -12.551, 8.882 ], [ -12.552, 8.882 ], [ -12.558, 8.886 ], [ -12.562, 8.884 ], [ -12.565, 8.885 ], [ -12.569, 8.889 ], [ -12.572, 8.889 ], [ -12.574, 8.89 ], [ -12.578, 8.89 ], [ -12.58, 8.89 ], [ -12.582, 8.89 ], [ -12.584, 8.89 ], [ -12.585, 8.889 ], [ -12.589, 8.889 ], [ -12.593, 8.886 ], [ -12.594, 8.885 ], [ -12.596, 8.884 ], [ -12.6, 8.883 ], [ -12.603, 8.88 ], [ -12.603, 8.88 ], [ -12.606, 8.878 ], [ -12.613, 8.876 ], [ -12.616, 8.875 ], [ -12.618, 8.875 ], [ -12.621, 8.875 ], [ -12.62, 8.873 ], [ -12.622, 8.875 ], [ -12.623, 8.875 ], [ -12.627, 8.875 ], [ -12.629, 8.876 ], [ -12.631, 8.878 ], [ -12.634, 8.88 ], [ -12.635, 8.88 ], [ -12.636, 8.883 ], [ -12.638, 8.883 ], [ -12.638, 8.885 ], [ -12.642, 8.888 ], [ -12.644, 8.89 ], [ -12.645, 8.891 ], [ -12.646, 8.893 ], [ -12.649, 8.893 ], [ -12.65, 8.894 ], [ -12.654, 8.893 ], [ -12.654, 8.893 ], [ -12.658, 8.892 ], [ -12.66, 8.892 ], [ -12.662, 8.892 ], [ -12.662, 8.892 ], [ -12.662, 8.892 ], [ -12.663, 8.89 ], [ -12.664, 8.888 ], [ -12.664, 8.887 ], [ -12.668, 8.886 ], [ -12.669, 8.882 ], [ -12.672, 8.88 ], [ -12.672, 8.879 ], [ -12.674, 8.877 ], [ -12.676, 8.875 ], [ -12.677, 8.872 ], [ -12.679, 8.87 ], [ -12.68, 8.868 ], [ -12.681, 8.867 ], [ -12.684, 8.859 ], [ -12.685, 8.855 ], [ -12.686, 8.852 ], [ -12.69, 8.854 ], [ -12.694, 8.856 ], [ -12.701, 8.862 ], [ -12.704, 8.865 ], [ -12.706, 8.866 ], [ -12.707, 8.869 ], [ -12.707, 8.869 ], [ -12.707, 8.873 ], [ -12.706, 8.876 ], [ -12.705, 8.878 ], [ -12.704, 8.882 ], [ -12.704, 8.882 ], [ -12.704, 8.882 ], [ -12.704, 8.884 ], [ -12.704, 8.886 ], [ -12.704, 8.887 ], [ -12.703, 8.888 ], [ -12.704, 8.891 ], [ -12.708, 8.895 ], [ -12.71, 8.897 ], [ -12.711, 8.899 ], [ -12.713, 8.902 ], [ -12.712, 8.904 ], [ -12.708, 8.908 ], [ -12.703, 8.913 ], [ -12.702, 8.913 ], [ -12.701, 8.914 ], [ -12.699, 8.916 ], [ -12.691, 8.924 ], [ -12.691, 8.926 ], [ -12.692, 8.931 ], [ -12.692, 8.932 ], [ -12.692, 8.933 ], [ -12.692, 8.933 ], [ -12.691, 8.933 ], [ -12.685, 8.933 ], [ -12.68, 8.933 ], [ -12.677, 8.935 ], [ -12.675, 8.936 ], [ -12.675, 8.936 ], [ -12.673, 8.94 ], [ -12.667, 8.942 ], [ -12.662, 8.946 ], [ -12.662, 8.946 ], [ -12.661, 8.95 ], [ -12.66, 8.954 ], [ -12.658, 8.956 ], [ -12.653, 8.957 ], [ -12.652, 8.958 ], [ -12.65, 8.961 ], [ -12.649, 8.963 ], [ -12.646, 8.964 ], [ -12.643, 8.965 ], [ -12.642, 8.966 ], [ -12.642, 8.966 ], [ -12.639, 8.969 ], [ -12.635, 8.973 ], [ -12.635, 8.973 ], [ -12.632, 8.976 ], [ -12.632, 8.978 ], [ -12.631, 8.981 ], [ -12.631, 8.982 ], [ -12.631, 8.982 ], [ -12.629, 8.984 ], [ -12.626, 8.986 ], [ -12.62, 8.99 ], [ -12.619, 8.991 ], [ -12.619, 8.992 ], [ -12.619, 8.992 ], [ -12.618, 8.995 ], [ -12.617, 8.997 ], [ -12.617, 8.997 ], [ -12.617, 8.998 ], [ -12.618, 8.998 ], [ -12.617, 9.0 ], [ -12.616, 9.004 ], [ -12.615, 9.007 ], [ -12.615, 9.008 ], [ -12.618, 9.011 ], [ -12.619, 9.011 ], [ -12.623, 9.01 ], [ -12.626, 9.01 ], [ -12.628, 9.012 ], [ -12.627, 9.013 ], [ -12.628, 9.012 ], [ -12.632, 9.016 ], [ -12.636, 9.018 ], [ -12.64, 9.016 ], [ -12.645, 9.013 ], [ -12.645, 9.012 ], [ -12.647, 9.011 ], [ -12.65, 9.009 ], [ -12.65, 9.009 ], [ -12.654, 9.005 ], [ -12.658, 9.002 ], [ -12.66, 9.001 ], [ -12.664, 9.005 ], [ -12.666, 9.01 ], [ -12.666, 9.013 ], [ -12.666, 9.014 ], [ -12.668, 9.014 ], [ -12.669, 9.015 ], [ -12.672, 9.015 ], [ -12.677, 9.014 ], [ -12.678, 9.014 ], [ -12.679, 9.014 ], [ -12.681, 9.013 ], [ -12.687, 9.008 ], [ -12.689, 9.004 ], [ -12.689, 9.003 ], [ -12.691, 9.0 ], [ -12.692, 8.999 ], [ -12.695, 9.001 ], [ -12.696, 9.006 ], [ -12.694, 9.012 ], [ -12.695, 9.014 ], [ -12.698, 9.015 ], [ -12.702, 9.017 ], [ -12.704, 9.02 ], [ -12.705, 9.022 ], [ -12.703, 9.028 ], [ -12.705, 9.031 ], [ -12.708, 9.031 ], [ -12.712, 9.03 ], [ -12.715, 9.027 ], [ -12.715, 9.026 ], [ -12.715, 9.025 ], [ -12.715, 9.02 ], [ -12.717, 9.018 ], [ -12.72, 9.015 ], [ -12.724, 9.011 ], [ -12.724, 9.01 ], [ -12.725, 9.01 ], [ -12.727, 9.009 ], [ -12.729, 9.008 ], [ -12.731, 9.01 ], [ -12.734, 9.012 ], [ -12.735, 9.015 ], [ -12.731, 9.016 ], [ -12.727, 9.018 ], [ -12.728, 9.02 ], [ -12.733, 9.019 ], [ -12.737, 9.019 ], [ -12.738, 9.022 ], [ -12.736, 9.023 ], [ -12.733, 9.026 ], [ -12.73, 9.034 ], [ -12.733, 9.038 ], [ -12.737, 9.046 ], [ -12.735, 9.05 ], [ -12.734, 9.053 ], [ -12.734, 9.053 ], [ -12.73, 9.062 ], [ -12.722, 9.069 ], [ -12.717, 9.073 ], [ -12.717, 9.073 ], [ -12.717, 9.074 ], [ -12.715, 9.077 ], [ -12.711, 9.084 ], [ -12.709, 9.092 ], [ -12.704, 9.095 ], [ -12.703, 9.096 ], [ -12.701, 9.098 ], [ -12.699, 9.099 ], [ -12.695, 9.107 ], [ -12.694, 9.107 ], [ -12.689, 9.107 ], [ -12.684, 9.107 ], [ -12.678, 9.107 ], [ -12.677, 9.108 ], [ -12.667, 9.108 ], [ -12.664, 9.113 ], [ -12.664, 9.117 ], [ -12.665, 9.123 ], [ -12.668, 9.129 ], [ -12.67, 9.133 ], [ -12.662, 9.133 ], [ -12.659, 9.139 ], [ -12.656, 9.145 ], [ -12.656, 9.152 ], [ -12.654, 9.155 ], [ -12.653, 9.159 ], [ -12.652, 9.164 ], [ -12.652, 9.166 ], [ -12.657, 9.178 ], [ -12.66, 9.184 ], [ -12.661, 9.192 ], [ -12.659, 9.199 ], [ -12.653, 9.203 ], [ -12.646, 9.209 ], [ -12.641, 9.21 ], [ -12.638, 9.206 ], [ -12.635, 9.204 ], [ -12.631, 9.206 ], [ -12.628, 9.209 ], [ -12.627, 9.21 ], [ -12.622, 9.212 ], [ -12.616, 9.22 ], [ -12.615, 9.225 ], [ -12.614, 9.232 ], [ -12.611, 9.234 ], [ -12.604, 9.234 ], [ -12.6, 9.228 ], [ -12.6, 9.222 ], [ -12.597, 9.216 ], [ -12.589, 9.219 ], [ -12.588, 9.22 ], [ -12.583, 9.221 ], [ -12.575, 9.223 ], [ -12.569, 9.223 ], [ -12.568, 9.223 ], [ -12.568, 9.223 ], [ -12.56, 9.227 ], [ -12.558, 9.229 ], [ -12.556, 9.231 ], [ -12.558, 9.234 ], [ -12.56, 9.238 ], [ -12.564, 9.248 ], [ -12.563, 9.25 ], [ -12.554, 9.251 ], [ -12.546, 9.249 ], [ -12.543, 9.244 ], [ -12.547, 9.236 ], [ -12.553, 9.23 ], [ -12.546, 9.225 ], [ -12.541, 9.225 ], [ -12.54, 9.225 ], [ -12.532, 9.228 ], [ -12.531, 9.236 ], [ -12.53, 9.242 ], [ -12.527, 9.248 ], [ -12.521, 9.255 ], [ -12.518, 9.258 ], [ -12.52, 9.265 ], [ -12.521, 9.272 ], [ -12.518, 9.273 ], [ -12.513, 9.27 ], [ -12.511, 9.267 ], [ -12.508, 9.26 ], [ -12.504, 9.253 ], [ -12.501, 9.247 ], [ -12.501, 9.246 ], [ -12.493, 9.249 ], [ -12.49, 9.253 ], [ -12.49, 9.261 ], [ -12.49, 9.273 ], [ -12.487, 9.273 ], [ -12.482, 9.267 ], [ -12.474, 9.266 ], [ -12.465, 9.269 ], [ -12.455, 9.265 ], [ -12.446, 9.257 ], [ -12.441, 9.252 ], [ -12.44, 9.252 ], [ -12.437, 9.253 ], [ -12.438, 9.259 ], [ -12.438, 9.259 ], [ -12.439, 9.262 ], [ -12.439, 9.266 ], [ -12.44, 9.271 ], [ -12.439, 9.275 ], [ -12.434, 9.282 ], [ -12.431, 9.286 ], [ -12.432, 9.293 ], [ -12.433, 9.3 ], [ -12.432, 9.308 ], [ -12.429, 9.314 ], [ -12.424, 9.315 ], [ -12.424, 9.309 ], [ -12.423, 9.304 ], [ -12.416, 9.3 ], [ -12.414, 9.296 ], [ -12.41, 9.29 ], [ -12.407, 9.288 ], [ -12.406, 9.287 ], [ -12.403, 9.285 ], [ -12.402, 9.285 ], [ -12.397, 9.285 ], [ -12.39, 9.287 ], [ -12.388, 9.292 ], [ -12.387, 9.294 ], [ -12.39, 9.299 ], [ -12.391, 9.301 ], [ -12.396, 9.304 ], [ -12.404, 9.309 ], [ -12.41, 9.315 ], [ -12.413, 9.321 ], [ -12.413, 9.332 ], [ -12.409, 9.335 ], [ -12.404, 9.339 ], [ -12.403, 9.341 ], [ -12.399, 9.352 ], [ -12.395, 9.359 ], [ -12.388, 9.364 ], [ -12.382, 9.36 ], [ -12.381, 9.353 ], [ -12.379, 9.351 ], [ -12.372, 9.351 ], [ -12.366, 9.355 ], [ -12.37, 9.365 ], [ -12.371, 9.367 ], [ -12.376, 9.375 ], [ -12.376, 9.383 ], [ -12.374, 9.389 ], [ -12.372, 9.394 ], [ -12.37, 9.399 ], [ -12.37, 9.4 ], [ -12.375, 9.407 ], [ -12.382, 9.412 ], [ -12.392, 9.414 ], [ -12.401, 9.413 ], [ -12.404, 9.417 ], [ -12.405, 9.419 ], [ -12.402, 9.425 ], [ -12.399, 9.432 ], [ -12.4, 9.44 ], [ -12.408, 9.45 ], [ -12.416, 9.459 ], [ -12.418, 9.473 ], [ -12.418, 9.473 ], [ -12.418, 9.485 ], [ -12.423, 9.492 ], [ -12.424, 9.493 ], [ -12.434, 9.496 ], [ -12.435, 9.497 ], [ -12.442, 9.5 ], [ -12.446, 9.503 ], [ -12.448, 9.504 ], [ -12.45, 9.505 ], [ -12.459, 9.51 ], [ -12.467, 9.514 ], [ -12.476, 9.52 ], [ -12.476, 9.521 ], [ -12.483, 9.527 ], [ -12.487, 9.53 ], [ -12.487, 9.53 ], [ -12.492, 9.536 ], [ -12.498, 9.541 ], [ -12.5, 9.543 ], [ -12.502, 9.545 ], [ -12.502, 9.545 ], [ -12.506, 9.549 ], [ -12.515, 9.554 ], [ -12.515, 9.554 ], [ -12.515, 9.554 ], [ -12.516, 9.555 ], [ -12.525, 9.56 ], [ -12.532, 9.562 ], [ -12.535, 9.563 ], [ -12.537, 9.563 ], [ -12.538, 9.564 ], [ -12.542, 9.57 ], [ -12.546, 9.577 ], [ -12.549, 9.581 ], [ -12.554, 9.582 ], [ -12.557, 9.581 ], [ -12.56, 9.58 ], [ -12.564, 9.581 ], [ -12.569, 9.583 ], [ -12.573, 9.586 ], [ -12.577, 9.587 ], [ -12.58, 9.587 ], [ -12.58, 9.593 ], [ -12.585, 9.599 ], [ -12.587, 9.6 ], [ -12.588, 9.61 ], [ -12.585, 9.619 ], [ -12.583, 9.627 ], [ -12.581, 9.635 ], [ -12.584, 9.642 ], [ -12.585, 9.65 ], [ -12.588, 9.654 ], [ -12.588, 9.66 ], [ -12.585, 9.665 ], [ -12.582, 9.666 ], [ -12.578, 9.662 ], [ -12.575, 9.658 ], [ -12.572, 9.657 ], [ -12.571, 9.662 ], [ -12.571, 9.662 ], [ -12.571, 9.663 ], [ -12.572, 9.67 ], [ -12.567, 9.677 ], [ -12.565, 9.684 ], [ -12.565, 9.693 ], [ -12.565, 9.7 ], [ -12.562, 9.704 ], [ -12.55, 9.707 ], [ -12.544, 9.711 ], [ -12.539, 9.714 ], [ -12.535, 9.716 ], [ -12.534, 9.722 ], [ -12.531, 9.725 ], [ -12.527, 9.72 ], [ -12.53, 9.716 ], [ -12.53, 9.712 ], [ -12.525, 9.708 ], [ -12.521, 9.706 ], [ -12.517, 9.709 ], [ -12.517, 9.716 ], [ -12.521, 9.722 ], [ -12.523, 9.724 ], [ -12.525, 9.732 ], [ -12.526, 9.734 ], [ -12.527, 9.737 ], [ -12.524, 9.745 ], [ -12.516, 9.744 ], [ -12.51, 9.743 ], [ -12.504, 9.746 ], [ -12.506, 9.753 ], [ -12.509, 9.756 ], [ -12.514, 9.754 ], [ -12.517, 9.754 ], [ -12.516, 9.759 ], [ -12.511, 9.763 ], [ -12.508, 9.768 ], [ -12.507, 9.775 ], [ -12.507, 9.782 ], [ -12.503, 9.789 ], [ -12.498, 9.797 ], [ -12.5, 9.805 ], [ -12.498, 9.812 ], [ -12.495, 9.814 ], [ -12.489, 9.812 ], [ -12.489, 9.813 ], [ -12.489, 9.817 ], [ -12.488, 9.821 ], [ -12.487, 9.83 ], [ -12.487, 9.83 ], [ -12.49, 9.834 ], [ -12.493, 9.831 ], [ -12.497, 9.832 ], [ -12.499, 9.836 ], [ -12.497, 9.842 ], [ -12.496, 9.844 ], [ -12.495, 9.844 ], [ -12.491, 9.845 ], [ -12.495, 9.848 ], [ -12.478, 9.863 ], [ -12.462, 9.871 ], [ -12.443, 9.884 ], [ -12.42, 9.896 ], [ -12.419, 9.896 ], [ -12.413, 9.899 ], [ -12.411, 9.897 ], [ -12.403, 9.897 ], [ -12.393, 9.897 ], [ -12.385, 9.897 ], [ -12.383, 9.897 ], [ -12.379, 9.897 ], [ -12.372, 9.896 ], [ -12.365, 9.895 ], [ -12.361, 9.892 ], [ -12.358, 9.889 ], [ -12.344, 9.892 ], [ -12.338, 9.903 ], [ -12.305, 9.912 ], [ -12.278, 9.919 ], [ -12.25, 9.925 ], [ -12.231, 9.93 ], [ -12.221, 9.932 ], [ -12.222, 9.93 ], [ -12.219, 9.931 ], [ -12.216, 9.919 ], [ -12.216, 9.909 ], [ -12.211, 9.906 ], [ -12.206, 9.903 ], [ -12.204, 9.9 ], [ -12.198, 9.902 ], [ -12.192, 9.896 ], [ -12.191, 9.895 ], [ -12.188, 9.892 ], [ -12.186, 9.893 ], [ -12.181, 9.889 ], [ -12.176, 9.886 ], [ -12.173, 9.888 ], [ -12.17, 9.887 ], [ -12.168, 9.883 ], [ -12.165, 9.882 ], [ -12.163, 9.885 ], [ -12.16, 9.88 ], [ -12.156, 9.88 ], [ -12.155, 9.881 ], [ -12.151, 9.875 ], [ -12.144, 9.871 ], [ -12.145, 9.877 ], [ -12.141, 9.874 ], [ -12.135, 9.876 ], [ -12.136, 9.875 ], [ -12.137, 9.871 ], [ -12.129, 9.875 ], [ -12.125, 9.869 ], [ -12.117, 9.875 ], [ -12.109, 9.88 ], [ -12.104, 9.886 ], [ -12.099, 9.887 ], [ -12.097, 9.888 ], [ -12.084, 9.891 ], [ -12.08, 9.895 ], [ -12.075, 9.901 ], [ -12.067, 9.901 ], [ -12.065, 9.902 ], [ -12.058, 9.905 ], [ -12.048, 9.908 ], [ -12.042, 9.912 ], [ -12.037, 9.916 ], [ -12.029, 9.921 ], [ -12.021, 9.926 ], [ -12.013, 9.93 ], [ -12.005, 9.931 ], [ -12.0, 9.931 ], [ -11.995, 9.936 ], [ -11.992, 9.937 ], [ -11.989, 9.938 ], [ -11.982, 9.939 ], [ -11.978, 9.939 ], [ -11.971, 9.944 ], [ -11.966, 9.948 ], [ -11.961, 9.952 ], [ -11.957, 9.957 ], [ -11.948, 9.961 ], [ -11.938, 9.965 ], [ -11.931, 9.969 ], [ -11.924, 9.97 ], [ -11.917, 9.971 ], [ -11.912, 9.978 ], [ -11.907, 9.986 ], [ -11.902, 9.994 ], [ -11.898, 9.998 ], [ -11.898, 9.997 ], [ -11.897, 9.994 ], [ -11.897, 9.993 ], [ -11.901, 9.984 ], [ -11.902, 9.977 ], [ -11.903, 9.974 ], [ -11.905, 9.966 ], [ -11.905, 9.962 ], [ -11.909, 9.959 ], [ -11.908, 9.953 ], [ -11.909, 9.944 ], [ -11.904, 9.938 ], [ -11.9, 9.933 ], [ -11.896, 9.93 ], [ -11.9, 9.923 ], [ -11.895, 9.919 ], [ -11.892, 9.915 ], [ -11.897, 9.91 ], [ -11.899, 9.905 ], [ -11.902, 9.904 ], [ -11.906, 9.903 ], [ -11.906, 9.896 ], [ -11.902, 9.888 ], [ -11.896, 9.885 ], [ -11.889, 9.886 ], [ -11.885, 9.883 ], [ -11.886, 9.877 ], [ -11.888, 9.868 ], [ -11.89, 9.863 ], [ -11.889, 9.855 ], [ -11.891, 9.85 ], [ -11.892, 9.846 ], [ -11.89, 9.836 ], [ -11.89, 9.836 ], [ -11.891, 9.834 ], [ -11.887, 9.827 ], [ -11.888, 9.821 ], [ -11.885, 9.815 ], [ -11.886, 9.809 ], [ -11.886, 9.805 ], [ -11.884, 9.798 ], [ -11.884, 9.794 ], [ -11.882, 9.789 ], [ -11.882, 9.785 ], [ -11.879, 9.781 ], [ -11.881, 9.777 ], [ -11.876, 9.771 ], [ -11.877, 9.761 ], [ -11.878, 9.754 ], [ -11.878, 9.751 ], [ -11.878, 9.747 ], [ -11.878, 9.739 ], [ -11.878, 9.738 ], [ -11.877, 9.734 ], [ -11.877, 9.727 ], [ -11.875, 9.722 ], [ -11.873, 9.714 ], [ -11.878, 9.712 ], [ -11.882, 9.709 ], [ -11.883, 9.705 ], [ -11.883, 9.701 ], [ -11.888, 9.701 ], [ -11.894, 9.699 ], [ -11.899, 9.701 ], [ -11.905, 9.699 ], [ -11.908, 9.701 ], [ -11.909, 9.701 ], [ -11.912, 9.701 ], [ -11.914, 9.704 ], [ -11.918, 9.701 ], [ -11.921, 9.7 ], [ -11.924, 9.697 ], [ -11.932, 9.696 ], [ -11.942, 9.695 ], [ -11.949, 9.695 ], [ -11.956, 9.694 ], [ -11.96, 9.693 ], [ -11.967, 9.691 ], [ -11.972, 9.69 ], [ -11.977, 9.689 ], [ -11.978, 9.686 ], [ -11.98, 9.683 ], [ -11.985, 9.683 ], [ -11.989, 9.683 ], [ -11.993, 9.682 ], [ -11.999, 9.679 ], [ -12.003, 9.679 ], [ -12.007, 9.68 ], [ -12.005, 9.672 ], [ -12.007, 9.668 ], [ -12.011, 9.668 ], [ -12.018, 9.667 ], [ -12.021, 9.666 ], [ -12.024, 9.671 ], [ -12.027, 9.672 ], [ -12.03, 9.67 ], [ -12.026, 9.668 ], [ -12.026, 9.665 ], [ -12.031, 9.66 ], [ -12.035, 9.659 ], [ -12.04, 9.662 ], [ -12.043, 9.665 ], [ -12.049, 9.66 ], [ -12.049, 9.66 ], [ -12.053, 9.657 ], [ -12.062, 9.656 ], [ -12.068, 9.652 ], [ -12.075, 9.65 ], [ -12.083, 9.646 ], [ -12.085, 9.645 ], [ -12.089, 9.644 ], [ -12.096, 9.638 ], [ -12.1, 9.633 ], [ -12.104, 9.63 ], [ -12.108, 9.627 ], [ -12.11, 9.62 ], [ -12.113, 9.616 ], [ -12.111, 9.609 ], [ -12.115, 9.603 ], [ -12.118, 9.6 ], [ -12.126, 9.595 ], [ -12.13, 9.593 ], [ -12.135, 9.59 ], [ -12.131, 9.587 ], [ -12.129, 9.582 ], [ -12.126, 9.583 ], [ -12.121, 9.58 ], [ -12.118, 9.583 ], [ -12.115, 9.584 ], [ -12.113, 9.581 ], [ -12.11, 9.58 ], [ -12.107, 9.583 ], [ -12.103, 9.58 ], [ -12.1, 9.578 ], [ -12.098, 9.577 ], [ -12.097, 9.577 ], [ -12.095, 9.576 ], [ -12.094, 9.576 ], [ -12.091, 9.575 ], [ -12.091, 9.58 ], [ -12.089, 9.58 ], [ -12.086, 9.581 ], [ -12.082, 9.58 ], [ -12.078, 9.577 ], [ -12.074, 9.575 ], [ -12.074, 9.575 ], [ -12.073, 9.575 ], [ -12.071, 9.575 ], [ -12.071, 9.578 ], [ -12.066, 9.575 ], [ -12.061, 9.568 ], [ -12.06, 9.563 ], [ -12.062, 9.561 ], [ -12.061, 9.554 ], [ -12.059, 9.549 ], [ -12.058, 9.547 ], [ -12.055, 9.548 ], [ -12.051, 9.545 ], [ -12.049, 9.545 ], [ -12.049, 9.545 ], [ -12.044, 9.548 ], [ -12.038, 9.548 ], [ -12.033, 9.551 ], [ -12.029, 9.549 ], [ -12.024, 9.542 ], [ -12.018, 9.541 ], [ -12.009, 9.531 ], [ -12.005, 9.525 ], [ -12.001, 9.52 ], [ -11.999, 9.517 ], [ -11.994, 9.514 ], [ -11.994, 9.514 ], [ -11.99, 9.512 ], [ -11.985, 9.507 ], [ -11.981, 9.504 ], [ -11.975, 9.498 ], [ -11.971, 9.496 ], [ -11.971, 9.496 ], [ -11.97, 9.495 ], [ -11.97, 9.493 ], [ -11.97, 9.489 ], [ -11.97, 9.486 ], [ -11.97, 9.482 ], [ -11.974, 9.483 ], [ -11.975, 9.482 ], [ -11.975, 9.471 ], [ -11.974, 9.468 ], [ -11.973, 9.464 ], [ -11.973, 9.461 ], [ -11.976, 9.46 ], [ -11.977, 9.456 ], [ -11.979, 9.448 ], [ -11.978, 9.447 ], [ -11.981, 9.445 ], [ -11.981, 9.443 ], [ -11.98, 9.438 ], [ -11.981, 9.435 ], [ -11.982, 9.432 ], [ -11.98, 9.427 ], [ -11.982, 9.425 ], [ -11.984, 9.422 ], [ -11.984, 9.42 ], [ -11.982, 9.416 ], [ -11.981, 9.411 ], [ -11.98, 9.411 ], [ -11.982, 9.41 ], [ -11.984, 9.41 ], [ -11.986, 9.41 ], [ -11.988, 9.409 ], [ -11.991, 9.405 ], [ -11.992, 9.403 ], [ -11.994, 9.4 ], [ -11.996, 9.397 ], [ -11.996, 9.394 ], [ -11.995, 9.393 ], [ -11.993, 9.39 ], [ -11.99, 9.389 ], [ -11.99, 9.385 ], [ -11.991, 9.382 ], [ -11.992, 9.38 ], [ -11.991, 9.373 ], [ -11.994, 9.368 ], [ -11.997, 9.37 ], [ -11.999, 9.372 ], [ -12.002, 9.373 ], [ -12.002, 9.372 ], [ -12.004, 9.372 ], [ -12.007, 9.374 ], [ -12.009, 9.374 ], [ -12.011, 9.375 ], [ -12.013, 9.373 ], [ -12.012, 9.37 ], [ -12.014, 9.367 ], [ -12.016, 9.367 ], [ -12.018, 9.367 ], [ -12.021, 9.368 ], [ -12.022, 9.371 ], [ -12.023, 9.373 ], [ -12.024, 9.373 ], [ -12.026, 9.374 ], [ -12.028, 9.373 ], [ -12.03, 9.372 ], [ -12.033, 9.371 ], [ -12.037, 9.369 ], [ -12.041, 9.369 ], [ -12.046, 9.368 ], [ -12.05, 9.368 ], [ -12.051, 9.368 ], [ -12.055, 9.369 ], [ -12.057, 9.369 ], [ -12.059, 9.37 ], [ -12.064, 9.373 ], [ -12.064, 9.373 ], [ -12.065, 9.373 ], [ -12.067, 9.375 ], [ -12.067, 9.375 ], [ -12.07, 9.377 ], [ -12.072, 9.378 ], [ -12.076, 9.378 ], [ -12.081, 9.379 ], [ -12.086, 9.38 ], [ -12.09, 9.382 ], [ -12.095, 9.38 ], [ -12.096, 9.379 ], [ -12.096, 9.378 ], [ -12.096, 9.375 ], [ -12.096, 9.371 ], [ -12.097, 9.368 ], [ -12.099, 9.365 ], [ -12.099, 9.363 ], [ -12.101, 9.36 ], [ -12.1, 9.356 ], [ -12.098, 9.356 ], [ -12.095, 9.355 ], [ -12.094, 9.354 ], [ -12.094, 9.351 ], [ -12.096, 9.348 ], [ -12.1, 9.345 ], [ -12.1, 9.345 ], [ -12.102, 9.343 ], [ -12.104, 9.341 ], [ -12.105, 9.339 ], [ -12.109, 9.337 ], [ -12.111, 9.335 ], [ -12.112, 9.333 ], [ -12.114, 9.331 ], [ -12.116, 9.329 ], [ -12.118, 9.327 ], [ -12.121, 9.325 ], [ -12.122, 9.322 ], [ -12.126, 9.318 ], [ -12.136, 9.321 ], [ -12.142, 9.324 ], [ -12.142, 9.324 ], [ -12.143, 9.324 ], [ -12.145, 9.324 ], [ -12.147, 9.324 ], [ -12.149, 9.324 ], [ -12.151, 9.324 ], [ -12.153, 9.324 ], [ -12.156, 9.325 ], [ -12.156, 9.329 ], [ -12.158, 9.329 ], [ -12.161, 9.329 ], [ -12.164, 9.33 ], [ -12.168, 9.329 ], [ -12.171, 9.33 ], [ -12.172, 9.33 ], [ -12.179, 9.331 ], [ -12.182, 9.331 ], [ -12.186, 9.331 ], [ -12.187, 9.331 ], [ -12.189, 9.332 ], [ -12.19, 9.333 ], [ -12.192, 9.334 ], [ -12.192, 9.335 ], [ -12.195, 9.336 ], [ -12.196, 9.337 ], [ -12.198, 9.338 ], [ -12.199, 9.339 ], [ -12.202, 9.341 ], [ -12.205, 9.344 ], [ -12.205, 9.344 ], [ -12.207, 9.347 ], [ -12.207, 9.347 ], [ -12.21, 9.35 ], [ -12.211, 9.354 ], [ -12.212, 9.359 ], [ -12.212, 9.363 ], [ -12.211, 9.369 ], [ -12.213, 9.369 ], [ -12.215, 9.369 ], [ -12.217, 9.368 ], [ -12.219, 9.368 ], [ -12.221, 9.366 ], [ -12.222, 9.365 ], [ -12.222, 9.362 ], [ -12.222, 9.362 ], [ -12.223, 9.357 ], [ -12.226, 9.354 ], [ -12.228, 9.352 ], [ -12.229, 9.351 ], [ -12.232, 9.349 ], [ -12.232, 9.348 ], [ -12.236, 9.346 ], [ -12.238, 9.346 ], [ -12.238, 9.346 ], [ -12.241, 9.344 ], [ -12.244, 9.344 ], [ -12.245, 9.344 ], [ -12.247, 9.344 ], [ -12.247, 9.342 ], [ -12.247, 9.34 ], [ -12.251, 9.338 ], [ -12.255, 9.337 ], [ -12.258, 9.338 ], [ -12.261, 9.34 ], [ -12.261, 9.34 ], [ -12.262, 9.336 ], [ -12.262, 9.336 ], [ -12.261, 9.333 ], [ -12.259, 9.329 ], [ -12.259, 9.328 ], [ -12.256, 9.328 ], [ -12.254, 9.327 ], [ -12.251, 9.327 ], [ -12.251, 9.326 ], [ -12.249, 9.324 ], [ -12.247, 9.324 ], [ -12.245, 9.323 ], [ -12.242, 9.321 ], [ -12.242, 9.321 ], [ -12.24, 9.32 ], [ -12.239, 9.319 ], [ -12.238, 9.318 ], [ -12.235, 9.318 ], [ -12.234, 9.316 ], [ -12.233, 9.316 ], [ -12.232, 9.314 ], [ -12.234, 9.311 ], [ -12.236, 9.308 ], [ -12.239, 9.305 ], [ -12.239, 9.302 ], [ -12.24, 9.3 ], [ -12.241, 9.298 ], [ -12.242, 9.296 ], [ -12.242, 9.296 ], [ -12.244, 9.292 ], [ -12.243, 9.292 ], [ -12.238, 9.289 ], [ -12.234, 9.287 ], [ -12.239, 9.285 ], [ -12.243, 9.283 ], [ -12.246, 9.279 ], [ -12.247, 9.279 ], [ -12.249, 9.276 ], [ -12.25, 9.275 ], [ -12.251, 9.275 ], [ -12.256, 9.272 ], [ -12.258, 9.271 ], [ -12.26, 9.27 ], [ -12.258, 9.268 ], [ -12.255, 9.265 ], [ -12.253, 9.264 ], [ -12.251, 9.262 ], [ -12.248, 9.26 ], [ -12.24, 9.252 ], [ -12.237, 9.25 ], [ -12.234, 9.249 ], [ -12.233, 9.248 ], [ -12.232, 9.247 ], [ -12.23, 9.245 ], [ -12.227, 9.244 ], [ -12.224, 9.245 ], [ -12.217, 9.246 ], [ -12.217, 9.247 ], [ -12.209, 9.248 ], [ -12.203, 9.247 ], [ -12.201, 9.247 ], [ -12.195, 9.246 ], [ -12.193, 9.246 ], [ -12.191, 9.245 ], [ -12.186, 9.243 ], [ -12.185, 9.241 ], [ -12.18, 9.239 ], [ -12.179, 9.239 ], [ -12.171, 9.239 ], [ -12.164, 9.239 ], [ -12.159, 9.239 ], [ -12.152, 9.238 ], [ -12.151, 9.238 ], [ -12.15, 9.239 ], [ -12.149, 9.239 ], [ -12.15, 9.238 ], [ -12.15, 9.237 ], [ -12.151, 9.237 ], [ -12.152, 9.235 ], [ -12.154, 9.232 ], [ -12.156, 9.234 ], [ -12.157, 9.233 ], [ -12.163, 9.23 ], [ -12.167, 9.226 ], [ -12.168, 9.226 ], [ -12.173, 9.219 ], [ -12.175, 9.217 ], [ -12.175, 9.215 ], [ -12.175, 9.213 ], [ -12.177, 9.207 ], [ -12.179, 9.203 ], [ -12.182, 9.197 ], [ -12.182, 9.196 ], [ -12.183, 9.195 ], [ -12.181, 9.193 ], [ -12.182, 9.191 ], [ -12.182, 9.188 ], [ -12.186, 9.189 ], [ -12.186, 9.186 ], [ -12.192, 9.18 ], [ -12.195, 9.178 ], [ -12.197, 9.174 ], [ -12.201, 9.173 ], [ -12.204, 9.17 ], [ -12.204, 9.17 ], [ -12.209, 9.167 ], [ -12.214, 9.163 ], [ -12.215, 9.163 ], [ -12.215, 9.16 ], [ -12.215, 9.159 ], [ -12.214, 9.156 ], [ -12.213, 9.152 ], [ -12.215, 9.149 ], [ -12.216, 9.146 ], [ -12.218, 9.145 ], [ -12.218, 9.144 ], [ -12.221, 9.143 ], [ -12.223, 9.143 ], [ -12.227, 9.14 ], [ -12.232, 9.137 ], [ -12.234, 9.135 ], [ -12.235, 9.134 ], [ -12.233, 9.132 ], [ -12.232, 9.131 ], [ -12.232, 9.129 ], [ -12.23, 9.128 ], [ -12.234, 9.129 ], [ -12.235, 9.126 ], [ -12.236, 9.125 ], [ -12.237, 9.123 ], [ -12.235, 9.121 ], [ -12.234, 9.119 ], [ -12.238, 9.119 ], [ -12.24, 9.119 ], [ -12.242, 9.117 ], [ -12.244, 9.116 ], [ -12.244, 9.115 ], [ -12.245, 9.114 ], [ -12.246, 9.114 ], [ -12.249, 9.112 ], [ -12.252, 9.11 ], [ -12.256, 9.107 ], [ -12.257, 9.104 ], [ -12.258, 9.103 ], [ -12.259, 9.102 ], [ -12.259, 9.102 ], [ -12.262, 9.101 ], [ -12.263, 9.099 ], [ -12.265, 9.099 ], [ -12.266, 9.097 ], [ -12.267, 9.096 ], [ -12.272, 9.095 ], [ -12.277, 9.096 ], [ -12.284, 9.094 ], [ -12.288, 9.094 ], [ -12.29, 9.094 ], [ -12.295, 9.093 ], [ -12.299, 9.093 ], [ -12.303, 9.091 ], [ -12.307, 9.089 ], [ -12.31, 9.086 ], [ -12.313, 9.085 ], [ -12.317, 9.084 ], [ -12.321, 9.083 ], [ -12.321, 9.087 ], [ -12.322, 9.089 ], [ -12.32, 9.093 ], [ -12.322, 9.094 ], [ -12.324, 9.095 ], [ -12.326, 9.096 ], [ -12.329, 9.097 ], [ -12.336, 9.1 ], [ -12.338, 9.098 ], [ -12.34, 9.098 ], [ -12.344, 9.097 ], [ -12.347, 9.094 ], [ -12.351, 9.096 ], [ -12.352, 9.095 ], [ -12.353, 9.094 ], [ -12.351, 9.091 ], [ -12.352, 9.09 ], [ -12.355, 9.088 ], [ -12.357, 9.083 ], [ -12.358, 9.078 ], [ -12.362, 9.075 ], [ -12.366, 9.073 ], [ -12.37, 9.069 ], [ -12.374, 9.067 ], [ -12.378, 9.066 ], [ -12.38, 9.067 ], [ -12.384, 9.072 ], [ -12.384, 9.073 ], [ -12.389, 9.069 ], [ -12.389, 9.065 ], [ -12.388, 9.064 ], [ -12.387, 9.061 ], [ -12.387, 9.06 ], [ -12.386, 9.058 ], [ -12.385, 9.056 ], [ -12.384, 9.056 ], [ -12.379, 9.053 ], [ -12.379, 9.051 ], [ -12.375, 9.051 ], [ -12.373, 9.05 ], [ -12.371, 9.052 ], [ -12.367, 9.048 ], [ -12.364, 9.046 ], [ -12.362, 9.046 ], [ -12.36, 9.042 ], [ -12.359, 9.041 ], [ -12.359, 9.04 ], [ -12.359, 9.037 ], [ -12.359, 9.036 ], [ -12.358, 9.033 ], [ -12.362, 9.033 ], [ -12.364, 9.032 ], [ -12.364, 9.028 ], [ -12.362, 9.026 ], [ -12.361, 9.025 ], [ -12.36, 9.024 ], [ -12.36, 9.022 ], [ -12.36, 9.018 ], [ -12.36, 9.018 ], [ -12.358, 9.015 ], [ -12.352, 9.013 ], [ -12.35, 9.01 ], [ -12.347, 9.007 ], [ -12.344, 9.007 ], [ -12.344, 9.006 ], [ -12.344, 9.004 ], [ -12.344, 9.003 ], [ -12.344, 9.0 ], [ -12.343, 8.998 ], [ -12.342, 8.997 ], [ -12.342, 8.995 ], [ -12.342, 8.993 ], [ -12.342, 8.991 ], [ -12.34, 8.989 ], [ -12.341, 8.987 ], [ -12.342, 8.986 ], [ -12.343, 8.984 ], [ -12.342, 8.983 ], [ -12.341, 8.982 ], [ -12.339, 8.979 ], [ -12.339, 8.979 ], [ -12.339, 8.976 ], [ -12.338, 8.974 ], [ -12.337, 8.972 ], [ -12.336, 8.97 ], [ -12.335, 8.968 ], [ -12.334, 8.968 ], [ -12.331, 8.97 ], [ -12.329, 8.969 ], [ -12.327, 8.968 ], [ -12.323, 8.969 ], [ -12.321, 8.968 ], [ -12.318, 8.967 ], [ -12.317, 8.966 ], [ -12.316, 8.965 ], [ -12.313, 8.964 ], [ -12.31, 8.963 ], [ -12.306, 8.961 ], [ -12.304, 8.96 ], [ -12.301, 8.959 ], [ -12.299, 8.959 ], [ -12.296, 8.959 ], [ -12.293, 8.96 ], [ -12.292, 8.961 ], [ -12.291, 8.961 ], [ -12.289, 8.961 ], [ -12.286, 8.96 ], [ -12.284, 8.961 ], [ -12.282, 8.96 ], [ -12.282, 8.96 ], [ -12.281, 8.96 ], [ -12.282, 8.958 ], [ -12.283, 8.956 ], [ -12.283, 8.954 ], [ -12.282, 8.953 ], [ -12.28, 8.952 ], [ -12.278, 8.952 ], [ -12.276, 8.954 ], [ -12.273, 8.955 ], [ -12.271, 8.955 ], [ -12.269, 8.954 ], [ -12.266, 8.954 ], [ -12.264, 8.955 ], [ -12.263, 8.954 ], [ -12.262, 8.954 ], [ -12.263, 8.952 ], [ -12.264, 8.95 ], [ -12.266, 8.949 ], [ -12.268, 8.949 ], [ -12.27, 8.95 ], [ -12.271, 8.95 ], [ -12.273, 8.948 ], [ -12.274, 8.946 ], [ -12.276, 8.946 ], [ -12.277, 8.944 ], [ -12.28, 8.938 ], [ -12.282, 8.932 ], [ -12.285, 8.925 ], [ -12.286, 8.923 ], [ -12.284, 8.917 ], [ -12.278, 8.908 ], [ -12.279, 8.908 ], [ -12.282, 8.906 ], [ -12.287, 8.904 ], [ -12.289, 8.903 ], [ -12.292, 8.9 ], [ -12.295, 8.898 ], [ -12.295, 8.898 ], [ -12.299, 8.895 ], [ -12.303, 8.893 ], [ -12.303, 8.893 ], [ -12.305, 8.891 ], [ -12.306, 8.891 ], [ -12.31, 8.891 ], [ -12.313, 8.892 ], [ -12.314, 8.895 ], [ -12.314, 8.896 ], [ -12.315, 8.899 ] ] ] ] } },
{ "type": "Feature", "properties": { "NEW_DIST": "Kenema", "NEW_PROV": "Eastern", "CS_Pro_Num": 1, "CS_Pro_Nam": "Eastern", "CS_Dis_Num": 12, "CS_Dis_Nam": "Kenema", "layer": "Kenema District" }, "geometry": { "type": "MultiPolygon", "coordinates": [ [ [ [ -11.108, 7.378 ], [ -11.11, 7.377 ], [ -11.112, 7.378 ], [ -11.114, 7.377 ], [ -11.114, 7.375 ], [ -11.113, 7.373 ], [ -11.114, 7.37 ], [ -11.117, 7.368 ], [ -11.12, 7.367 ], [ -11.122, 7.366 ], [ -11.123, 7.365 ], [ -11.125, 7.363 ], [ -11.127, 7.361 ], [ -11.128, 7.359 ], [ -11.128, 7.357 ], [ -11.127, 7.354 ], [ -11.127, 7.353 ], [ -11.129, 7.351 ], [ -11.132, 7.348 ], [ -11.135, 7.347 ], [ -11.139, 7.345 ], [ -11.142, 7.342 ], [ -11.143, 7.341 ], [ -11.146, 7.342 ], [ -11.155, 7.345 ], [ -11.158, 7.346 ], [ -11.168, 7.35 ], [ -11.187, 7.355 ], [ -11.193, 7.357 ], [ -11.206, 7.362 ], [ -11.212, 7.364 ], [ -11.226, 7.369 ], [ -11.237, 7.372 ], [ -11.24, 7.372 ], [ -11.251, 7.376 ], [ -11.262, 7.382 ], [ -11.268, 7.386 ], [ -11.278, 7.392 ], [ -11.288, 7.397 ], [ -11.296, 7.404 ], [ -11.307, 7.411 ], [ -11.314, 7.417 ], [ -11.317, 7.419 ], [ -11.328, 7.425 ], [ -11.336, 7.429 ], [ -11.338, 7.43 ], [ -11.341, 7.431 ], [ -11.343, 7.435 ], [ -11.343, 7.439 ], [ -11.346, 7.44 ], [ -11.349, 7.441 ], [ -11.35, 7.444 ], [ -11.35, 7.449 ], [ -11.348, 7.452 ], [ -11.352, 7.451 ], [ -11.354, 7.456 ], [ -11.351, 7.458 ], [ -11.349, 7.46 ], [ -11.35, 7.463 ], [ -11.351, 7.465 ], [ -11.354, 7.469 ], [ -11.355, 7.474 ], [ -11.354, 7.479 ], [ -11.352, 7.482 ], [ -11.354, 7.485 ], [ -11.356, 7.49 ], [ -11.359, 7.493 ], [ -11.361, 7.495 ], [ -11.359, 7.498 ], [ -11.361, 7.5 ], [ -11.364, 7.504 ], [ -11.364, 7.506 ], [ -11.362, 7.512 ], [ -11.361, 7.515 ], [ -11.363, 7.518 ], [ -11.365, 7.521 ], [ -11.367, 7.526 ], [ -11.365, 7.533 ], [ -11.365, 7.533 ], [ -11.365, 7.539 ], [ -11.364, 7.542 ], [ -11.364, 7.542 ], [ -11.361, 7.548 ], [ -11.359, 7.554 ], [ -11.362, 7.559 ], [ -11.358, 7.564 ], [ -11.353, 7.568 ], [ -11.348, 7.573 ], [ -11.342, 7.577 ], [ -11.338, 7.583 ], [ -11.334, 7.586 ], [ -11.332, 7.588 ], [ -11.326, 7.588 ], [ -11.322, 7.588 ], [ -11.317, 7.591 ], [ -11.315, 7.593 ], [ -11.311, 7.597 ], [ -11.312, 7.597 ], [ -11.315, 7.598 ], [ -11.324, 7.6 ], [ -11.325, 7.6 ], [ -11.332, 7.599 ], [ -11.339, 7.598 ], [ -11.341, 7.597 ], [ -11.343, 7.597 ], [ -11.349, 7.596 ], [ -11.353, 7.597 ], [ -11.355, 7.6 ], [ -11.356, 7.6 ], [ -11.356, 7.601 ], [ -11.358, 7.602 ], [ -11.361, 7.607 ], [ -11.364, 7.612 ], [ -11.364, 7.612 ], [ -11.366, 7.621 ], [ -11.368, 7.631 ], [ -11.368, 7.632 ], [ -11.369, 7.637 ], [ -11.368, 7.643 ], [ -11.369, 7.649 ], [ -11.369, 7.651 ], [ -11.371, 7.654 ], [ -11.373, 7.655 ], [ -11.373, 7.655 ], [ -11.377, 7.651 ], [ -11.382, 7.646 ], [ -11.385, 7.643 ], [ -11.391, 7.637 ], [ -11.399, 7.628 ], [ -11.401, 7.624 ], [ -11.404, 7.62 ], [ -11.405, 7.616 ], [ -11.405, 7.612 ], [ -11.411, 7.604 ], [ -11.416, 7.598 ], [ -11.418, 7.594 ], [ -11.422, 7.588 ], [ -11.426, 7.579 ], [ -11.43, 7.57 ], [ -11.437, 7.56 ], [ -11.439, 7.557 ], [ -11.442, 7.554 ], [ -11.444, 7.551 ], [ -11.446, 7.548 ], [ -11.45, 7.544 ], [ -11.452, 7.543 ], [ -11.457, 7.542 ], [ -11.463, 7.542 ], [ -11.47, 7.542 ], [ -11.471, 7.542 ], [ -11.475, 7.543 ], [ -11.48, 7.543 ], [ -11.486, 7.542 ], [ -11.493, 7.541 ], [ -11.501, 7.541 ], [ -11.504, 7.541 ], [ -11.508, 7.544 ], [ -11.505, 7.549 ], [ -11.502, 7.56 ], [ -11.501, 7.566 ], [ -11.501, 7.569 ], [ -11.501, 7.571 ], [ -11.501, 7.579 ], [ -11.501, 7.583 ], [ -11.498, 7.59 ], [ -11.497, 7.595 ], [ -11.496, 7.598 ], [ -11.495, 7.606 ], [ -11.492, 7.612 ], [ -11.489, 7.619 ], [ -11.489, 7.62 ], [ -11.493, 7.626 ], [ -11.497, 7.631 ], [ -11.501, 7.636 ], [ -11.504, 7.639 ], [ -11.505, 7.64 ], [ -11.509, 7.643 ], [ -11.51, 7.644 ], [ -11.514, 7.646 ], [ -11.517, 7.651 ], [ -11.517, 7.657 ], [ -11.515, 7.664 ], [ -11.511, 7.669 ], [ -11.51, 7.671 ], [ -11.498, 7.679 ], [ -11.494, 7.683 ], [ -11.494, 7.683 ], [ -11.491, 7.686 ], [ -11.488, 7.69 ], [ -11.488, 7.691 ], [ -11.488, 7.699 ], [ -11.487, 7.706 ], [ -11.484, 7.711 ], [ -11.483, 7.713 ], [ -11.479, 7.713 ], [ -11.473, 7.714 ], [ -11.471, 7.711 ], [ -11.47, 7.708 ], [ -11.463, 7.707 ], [ -11.462, 7.702 ], [ -11.458, 7.7 ], [ -11.457, 7.695 ], [ -11.455, 7.693 ], [ -11.453, 7.693 ], [ -11.453, 7.695 ], [ -11.448, 7.698 ], [ -11.448, 7.694 ], [ -11.443, 7.695 ], [ -11.441, 7.693 ], [ -11.439, 7.69 ], [ -11.441, 7.693 ], [ -11.439, 7.701 ], [ -11.432, 7.7 ], [ -11.43, 7.704 ], [ -11.426, 7.702 ], [ -11.425, 7.704 ], [ -11.423, 7.712 ], [ -11.421, 7.713 ], [ -11.421, 7.714 ], [ -11.421, 7.714 ], [ -11.421, 7.722 ], [ -11.417, 7.726 ], [ -11.414, 7.727 ], [ -11.418, 7.733 ], [ -11.417, 7.736 ], [ -11.413, 7.738 ], [ -11.416, 7.742 ], [ -11.416, 7.742 ], [ -11.416, 7.744 ], [ -11.412, 7.746 ], [ -11.415, 7.749 ], [ -11.413, 7.752 ], [ -11.411, 7.755 ], [ -11.408, 7.753 ], [ -11.404, 7.754 ], [ -11.403, 7.757 ], [ -11.403, 7.76 ], [ -11.401, 7.769 ], [ -11.404, 7.77 ], [ -11.404, 7.773 ], [ -11.402, 7.776 ], [ -11.402, 7.78 ], [ -11.405, 7.78 ], [ -11.407, 7.783 ], [ -11.408, 7.786 ], [ -11.41, 7.791 ], [ -11.412, 7.792 ], [ -11.414, 7.794 ], [ -11.414, 7.798 ], [ -11.414, 7.799 ], [ -11.415, 7.801 ], [ -11.415, 7.804 ], [ -11.418, 7.809 ], [ -11.419, 7.813 ], [ -11.42, 7.816 ], [ -11.42, 7.816 ], [ -11.423, 7.817 ], [ -11.424, 7.819 ], [ -11.425, 7.823 ], [ -11.431, 7.822 ], [ -11.433, 7.821 ], [ -11.434, 7.82 ], [ -11.439, 7.818 ], [ -11.443, 7.815 ], [ -11.447, 7.811 ], [ -11.451, 7.809 ], [ -11.451, 7.804 ], [ -11.454, 7.802 ], [ -11.456, 7.799 ], [ -11.457, 7.794 ], [ -11.46, 7.793 ], [ -11.465, 7.791 ], [ -11.467, 7.788 ], [ -11.466, 7.786 ], [ -11.469, 7.785 ], [ -11.469, 7.781 ], [ -11.473, 7.78 ], [ -11.477, 7.78 ], [ -11.482, 7.781 ], [ -11.488, 7.782 ], [ -11.493, 7.786 ], [ -11.492, 7.791 ], [ -11.486, 7.796 ], [ -11.482, 7.799 ], [ -11.483, 7.802 ], [ -11.486, 7.806 ], [ -11.486, 7.81 ], [ -11.485, 7.814 ], [ -11.482, 7.818 ], [ -11.48, 7.822 ], [ -11.482, 7.828 ], [ -11.485, 7.832 ], [ -11.481, 7.84 ], [ -11.477, 7.85 ], [ -11.474, 7.857 ], [ -11.473, 7.858 ], [ -11.47, 7.861 ], [ -11.462, 7.864 ], [ -11.46, 7.865 ], [ -11.453, 7.868 ], [ -11.447, 7.874 ], [ -11.446, 7.883 ], [ -11.448, 7.887 ], [ -11.448, 7.887 ], [ -11.45, 7.891 ], [ -11.448, 7.895 ], [ -11.45, 7.898 ], [ -11.447, 7.903 ], [ -11.442, 7.907 ], [ -11.438, 7.909 ], [ -11.436, 7.913 ], [ -11.431, 7.913 ], [ -11.428, 7.913 ], [ -11.425, 7.917 ], [ -11.421, 7.913 ], [ -11.419, 7.913 ], [ -11.417, 7.91 ], [ -11.412, 7.909 ], [ -11.408, 7.911 ], [ -11.407, 7.911 ], [ -11.404, 7.911 ], [ -11.399, 7.911 ], [ -11.397, 7.911 ], [ -11.391, 7.913 ], [ -11.387, 7.908 ], [ -11.384, 7.908 ], [ -11.384, 7.908 ], [ -11.385, 7.915 ], [ -11.389, 7.921 ], [ -11.39, 7.926 ], [ -11.39, 7.932 ], [ -11.39, 7.935 ], [ -11.39, 7.936 ], [ -11.378, 7.941 ], [ -11.37, 7.943 ], [ -11.369, 7.943 ], [ -11.362, 7.952 ], [ -11.36, 7.955 ], [ -11.356, 7.958 ], [ -11.354, 7.96 ], [ -11.356, 7.961 ], [ -11.357, 7.961 ], [ -11.358, 7.963 ], [ -11.361, 7.965 ], [ -11.36, 7.971 ], [ -11.363, 7.975 ], [ -11.365, 7.983 ], [ -11.365, 7.984 ], [ -11.367, 7.993 ], [ -11.373, 7.997 ], [ -11.378, 7.999 ], [ -11.383, 8.003 ], [ -11.387, 8.008 ], [ -11.388, 8.009 ], [ -11.387, 8.017 ], [ -11.385, 8.022 ], [ -11.38, 8.025 ], [ -11.378, 8.026 ], [ -11.37, 8.024 ], [ -11.363, 8.024 ], [ -11.359, 8.024 ], [ -11.357, 8.024 ], [ -11.349, 8.022 ], [ -11.343, 8.022 ], [ -11.338, 8.022 ], [ -11.336, 8.024 ], [ -11.336, 8.026 ], [ -11.336, 8.032 ], [ -11.335, 8.037 ], [ -11.335, 8.039 ], [ -11.337, 8.042 ], [ -11.338, 8.044 ], [ -11.338, 8.046 ], [ -11.336, 8.052 ], [ -11.336, 8.054 ], [ -11.336, 8.06 ], [ -11.335, 8.067 ], [ -11.335, 8.075 ], [ -11.335, 8.086 ], [ -11.335, 8.086 ], [ -11.335, 8.094 ], [ -11.335, 8.096 ], [ -11.337, 8.1 ], [ -11.338, 8.104 ], [ -11.341, 8.114 ], [ -11.343, 8.118 ], [ -11.342, 8.124 ], [ -11.345, 8.128 ], [ -11.346, 8.129 ], [ -11.346, 8.129 ], [ -11.352, 8.128 ], [ -11.357, 8.128 ], [ -11.367, 8.131 ], [ -11.369, 8.131 ], [ -11.377, 8.133 ], [ -11.385, 8.134 ], [ -11.392, 8.134 ], [ -11.399, 8.133 ], [ -11.403, 8.137 ], [ -11.403, 8.142 ], [ -11.402, 8.145 ], [ -11.403, 8.148 ], [ -11.399, 8.155 ], [ -11.404, 8.163 ], [ -11.404, 8.163 ], [ -11.396, 8.172 ], [ -11.387, 8.179 ], [ -11.383, 8.187 ], [ -11.382, 8.194 ], [ -11.382, 8.194 ], [ -11.386, 8.197 ], [ -11.389, 8.198 ], [ -11.391, 8.203 ], [ -11.391, 8.207 ], [ -11.391, 8.21 ], [ -11.393, 8.211 ], [ -11.399, 8.211 ], [ -11.402, 8.216 ], [ -11.4, 8.222 ], [ -11.4, 8.226 ], [ -11.4, 8.228 ], [ -11.406, 8.231 ], [ -11.412, 8.233 ], [ -11.417, 8.236 ], [ -11.423, 8.236 ], [ -11.423, 8.236 ], [ -11.427, 8.237 ], [ -11.433, 8.237 ], [ -11.438, 8.236 ], [ -11.441, 8.242 ], [ -11.445, 8.247 ], [ -11.445, 8.247 ], [ -11.447, 8.251 ], [ -11.452, 8.256 ], [ -11.456, 8.261 ], [ -11.462, 8.268 ], [ -11.462, 8.27 ], [ -11.464, 8.274 ], [ -11.465, 8.278 ], [ -11.469, 8.286 ], [ -11.47, 8.298 ], [ -11.469, 8.307 ], [ -11.469, 8.314 ], [ -11.471, 8.318 ], [ -11.474, 8.322 ], [ -11.478, 8.328 ], [ -11.484, 8.334 ], [ -11.491, 8.341 ], [ -11.5, 8.35 ], [ -11.507, 8.351 ], [ -11.512, 8.352 ], [ -11.517, 8.353 ], [ -11.522, 8.354 ], [ -11.526, 8.355 ], [ -11.534, 8.36 ], [ -11.537, 8.362 ], [ -11.542, 8.365 ], [ -11.546, 8.37 ], [ -11.548, 8.376 ], [ -11.549, 8.378 ], [ -11.55, 8.382 ], [ -11.554, 8.398 ], [ -11.554, 8.404 ], [ -11.553, 8.416 ], [ -11.553, 8.418 ], [ -11.553, 8.425 ], [ -11.554, 8.429 ], [ -11.554, 8.431 ], [ -11.556, 8.435 ], [ -11.557, 8.436 ], [ -11.561, 8.445 ], [ -11.562, 8.446 ], [ -11.564, 8.448 ], [ -11.57, 8.454 ], [ -11.576, 8.457 ], [ -11.585, 8.462 ], [ -11.59, 8.468 ], [ -11.59, 8.473 ], [ -11.59, 8.482 ], [ -11.592, 8.489 ], [ -11.588, 8.489 ], [ -11.583, 8.49 ], [ -11.583, 8.492 ], [ -11.586, 8.493 ], [ -11.588, 8.493 ], [ -11.588, 8.496 ], [ -11.587, 8.498 ], [ -11.587, 8.499 ], [ -11.587, 8.502 ], [ -11.586, 8.504 ], [ -11.587, 8.507 ], [ -11.588, 8.512 ], [ -11.589, 8.515 ], [ -11.59, 8.519 ], [ -11.589, 8.521 ], [ -11.586, 8.523 ], [ -11.582, 8.525 ], [ -11.58, 8.527 ], [ -11.577, 8.524 ], [ -11.574, 8.524 ], [ -11.571, 8.524 ], [ -11.567, 8.523 ], [ -11.559, 8.524 ], [ -11.551, 8.526 ], [ -11.543, 8.53 ], [ -11.54, 8.532 ], [ -11.539, 8.533 ], [ -11.536, 8.535 ], [ -11.533, 8.539 ], [ -11.527, 8.539 ], [ -11.52, 8.538 ], [ -11.515, 8.537 ], [ -11.511, 8.537 ], [ -11.506, 8.536 ], [ -11.499, 8.536 ], [ -11.497, 8.535 ], [ -11.492, 8.534 ], [ -11.482, 8.54 ], [ -11.475, 8.543 ], [ -11.473, 8.543 ], [ -11.471, 8.543 ], [ -11.469, 8.543 ], [ -11.465, 8.547 ], [ -11.459, 8.549 ], [ -11.451, 8.549 ], [ -11.451, 8.549 ], [ -11.451, 8.549 ], [ -11.442, 8.549 ], [ -11.435, 8.549 ], [ -11.43, 8.55 ], [ -11.42, 8.553 ], [ -11.416, 8.553 ], [ -11.414, 8.553 ], [ -11.411, 8.551 ], [ -11.411, 8.551 ], [ -11.408, 8.553 ], [ -11.402, 8.549 ], [ -11.4, 8.551 ], [ -11.396, 8.55 ], [ -11.392, 8.549 ], [ -11.388, 8.548 ], [ -11.387, 8.545 ], [ -11.386, 8.542 ], [ -11.388, 8.538 ], [ -11.385, 8.535 ], [ -11.384, 8.533 ], [ -11.383, 8.533 ], [ -11.38, 8.531 ], [ -11.379, 8.532 ], [ -11.377, 8.533 ], [ -11.376, 8.535 ], [ -11.374, 8.536 ], [ -11.373, 8.536 ], [ -11.372, 8.537 ], [ -11.373, 8.54 ], [ -11.372, 8.542 ], [ -11.37, 8.543 ], [ -11.366, 8.544 ], [ -11.366, 8.55 ], [ -11.365, 8.551 ], [ -11.362, 8.548 ], [ -11.36, 8.548 ], [ -11.358, 8.551 ], [ -11.358, 8.552 ], [ -11.354, 8.547 ], [ -11.348, 8.543 ], [ -11.345, 8.535 ], [ -11.345, 8.534 ], [ -11.343, 8.526 ], [ -11.339, 8.526 ], [ -11.34, 8.522 ], [ -11.338, 8.521 ], [ -11.338, 8.498 ], [ -11.334, 8.498 ], [ -11.334, 8.497 ], [ -11.334, 8.497 ], [ -11.326, 8.5 ], [ -11.316, 8.52 ], [ -11.31, 8.523 ], [ -11.301, 8.526 ], [ -11.294, 8.522 ], [ -11.286, 8.529 ], [ -11.285, 8.529 ], [ -11.282, 8.526 ], [ -11.281, 8.523 ], [ -11.28, 8.521 ], [ -11.279, 8.52 ], [ -11.279, 8.52 ], [ -11.277, 8.517 ], [ -11.274, 8.516 ], [ -11.274, 8.515 ], [ -11.272, 8.516 ], [ -11.271, 8.516 ], [ -11.27, 8.516 ], [ -11.269, 8.516 ], [ -11.268, 8.515 ], [ -11.267, 8.514 ], [ -11.266, 8.514 ], [ -11.265, 8.515 ], [ -11.265, 8.516 ], [ -11.264, 8.516 ], [ -11.264, 8.516 ], [ -11.264, 8.515 ], [ -11.263, 8.514 ], [ -11.263, 8.513 ], [ -11.262, 8.513 ], [ -11.26, 8.514 ], [ -11.26, 8.514 ], [ -11.259, 8.514 ], [ -11.258, 8.513 ], [ -11.258, 8.512 ], [ -11.258, 8.512 ], [ -11.257, 8.51 ], [ -11.257, 8.51 ], [ -11.257, 8.509 ], [ -11.255, 8.508 ], [ -11.255, 8.506 ], [ -11.255, 8.504 ], [ -11.252, 8.502 ], [ -11.251, 8.499 ], [ -11.251, 8.494 ], [ -11.251, 8.492 ], [ -11.252, 8.491 ], [ -11.254, 8.488 ], [ -11.251, 8.486 ], [ -11.25, 8.485 ], [ -11.249, 8.479 ], [ -11.247, 8.47 ], [ -11.246, 8.466 ], [ -11.243, 8.463 ], [ -11.243, 8.463 ], [ -11.238, 8.457 ], [ -11.232, 8.45 ], [ -11.231, 8.449 ], [ -11.231, 8.449 ], [ -11.233, 8.448 ], [ -11.238, 8.443 ], [ -11.239, 8.44 ], [ -11.242, 8.436 ], [ -11.246, 8.434 ], [ -11.248, 8.434 ], [ -11.251, 8.431 ], [ -11.251, 8.422 ], [ -11.25, 8.421 ], [ -11.248, 8.413 ], [ -11.247, 8.412 ], [ -11.247, 8.41 ], [ -11.248, 8.406 ], [ -11.249, 8.403 ], [ -11.25, 8.402 ], [ -11.25, 8.401 ], [ -11.249, 8.398 ], [ -11.249, 8.396 ], [ -11.246, 8.39 ], [ -11.245, 8.388 ], [ -11.243, 8.382 ], [ -11.24, 8.374 ], [ -11.237, 8.37 ], [ -11.233, 8.363 ], [ -11.24, 8.364 ], [ -11.242, 8.354 ], [ -11.238, 8.344 ], [ -11.23, 8.337 ], [ -11.227, 8.335 ], [ -11.224, 8.334 ], [ -11.215, 8.344 ], [ -11.206, 8.355 ], [ -11.198, 8.362 ], [ -11.193, 8.364 ], [ -11.185, 8.364 ], [ -11.178, 8.364 ], [ -11.178, 8.364 ], [ -11.175, 8.364 ], [ -11.172, 8.363 ], [ -11.168, 8.362 ], [ -11.167, 8.362 ], [ -11.163, 8.36 ], [ -11.161, 8.359 ], [ -11.159, 8.358 ], [ -11.155, 8.356 ], [ -11.152, 8.356 ], [ -11.149, 8.355 ], [ -11.148, 8.354 ], [ -11.147, 8.354 ], [ -11.147, 8.353 ], [ -11.146, 8.352 ], [ -11.141, 8.344 ], [ -11.139, 8.342 ], [ -11.137, 8.34 ], [ -11.134, 8.34 ], [ -11.126, 8.34 ], [ -11.124, 8.341 ], [ -11.118, 8.34 ], [ -11.113, 8.343 ], [ -11.109, 8.346 ], [ -11.101, 8.346 ], [ -11.097, 8.345 ], [ -11.093, 8.344 ], [ -11.088, 8.339 ], [ -11.086, 8.339 ], [ -11.081, 8.344 ], [ -11.077, 8.347 ], [ -11.072, 8.348 ], [ -11.069, 8.347 ], [ -11.067, 8.344 ], [ -11.066, 8.343 ], [ -11.064, 8.34 ], [ -11.063, 8.336 ], [ -11.061, 8.334 ], [ -11.058, 8.335 ], [ -11.055, 8.335 ], [ -11.051, 8.335 ], [ -11.046, 8.337 ], [ -11.041, 8.34 ], [ -11.034, 8.347 ], [ -11.033, 8.348 ], [ -11.025, 8.354 ], [ -11.025, 8.355 ], [ -11.022, 8.356 ], [ -11.019, 8.356 ], [ -11.014, 8.358 ], [ -11.013, 8.358 ], [ -11.011, 8.359 ], [ -11.008, 8.36 ], [ -11.001, 8.363 ], [ -11.0, 8.364 ], [ -10.998, 8.364 ], [ -10.995, 8.369 ], [ -10.991, 8.371 ], [ -10.988, 8.371 ], [ -10.987, 8.371 ], [ -10.986, 8.371 ], [ -10.983, 8.371 ], [ -10.981, 8.372 ], [ -10.975, 8.372 ], [ -10.975, 8.372 ], [ -10.974, 8.372 ], [ -10.969, 8.372 ], [ -10.965, 8.374 ], [ -10.962, 8.375 ], [ -10.959, 8.377 ], [ -10.957, 8.379 ], [ -10.955, 8.381 ], [ -10.954, 8.382 ], [ -10.953, 8.382 ], [ -10.953, 8.382 ], [ -10.952, 8.383 ], [ -10.952, 8.384 ], [ -10.952, 8.385 ], [ -10.951, 8.386 ], [ -10.95, 8.387 ], [ -10.948, 8.388 ], [ -10.945, 8.388 ], [ -10.942, 8.389 ], [ -10.939, 8.389 ], [ -10.935, 8.389 ], [ -10.931, 8.388 ], [ -10.927, 8.388 ], [ -10.926, 8.387 ], [ -10.926, 8.383 ], [ -10.924, 8.379 ], [ -10.923, 8.379 ], [ -10.922, 8.38 ], [ -10.911, 8.382 ], [ -10.907, 8.38 ], [ -10.899, 8.377 ], [ -10.894, 8.376 ], [ -10.888, 8.382 ], [ -10.882, 8.386 ], [ -10.882, 8.386 ], [ -10.876, 8.388 ], [ -10.87, 8.391 ], [ -10.868, 8.391 ], [ -10.855, 8.392 ], [ -10.856, 8.389 ], [ -10.861, 8.385 ], [ -10.864, 8.382 ], [ -10.864, 8.379 ], [ -10.866, 8.375 ], [ -10.87, 8.373 ], [ -10.873, 8.37 ], [ -10.874, 8.367 ], [ -10.874, 8.366 ], [ -10.873, 8.362 ], [ -10.871, 8.356 ], [ -10.872, 8.352 ], [ -10.872, 8.351 ], [ -10.873, 8.343 ], [ -10.872, 8.34 ], [ -10.871, 8.336 ], [ -10.868, 8.337 ], [ -10.871, 8.332 ], [ -10.874, 8.328 ], [ -10.878, 8.325 ], [ -10.882, 8.318 ], [ -10.889, 8.312 ], [ -10.89, 8.311 ], [ -10.893, 8.309 ], [ -10.896, 8.306 ], [ -10.9, 8.302 ], [ -10.9, 8.301 ], [ -10.901, 8.3 ], [ -10.901, 8.298 ], [ -10.903, 8.295 ], [ -10.907, 8.291 ], [ -10.906, 8.287 ], [ -10.903, 8.286 ], [ -10.901, 8.287 ], [ -10.899, 8.289 ], [ -10.897, 8.288 ], [ -10.894, 8.289 ], [ -10.891, 8.289 ], [ -10.889, 8.289 ], [ -10.889, 8.289 ], [ -10.888, 8.289 ], [ -10.886, 8.29 ], [ -10.883, 8.291 ], [ -10.88, 8.29 ], [ -10.877, 8.291 ], [ -10.872, 8.292 ], [ -10.871, 8.292 ], [ -10.869, 8.293 ], [ -10.866, 8.291 ], [ -10.866, 8.287 ], [ -10.864, 8.284 ], [ -10.862, 8.283 ], [ -10.861, 8.283 ], [ -10.859, 8.283 ], [ -10.857, 8.281 ], [ -10.858, 8.277 ], [ -10.857, 8.274 ], [ -10.855, 8.273 ], [ -10.857, 8.27 ], [ -10.857, 8.267 ], [ -10.859, 8.265 ], [ -10.858, 8.261 ], [ -10.861, 8.26 ], [ -10.858, 8.258 ], [ -10.861, 8.256 ], [ -10.865, 8.252 ], [ -10.865, 8.251 ], [ -10.866, 8.245 ], [ -10.866, 8.244 ], [ -10.867, 8.242 ], [ -10.87, 8.239 ], [ -10.871, 8.235 ], [ -10.872, 8.233 ], [ -10.872, 8.232 ], [ -10.871, 8.23 ], [ -10.874, 8.229 ], [ -10.871, 8.225 ], [ -10.873, 8.224 ], [ -10.875, 8.221 ], [ -10.874, 8.218 ], [ -10.876, 8.217 ], [ -10.874, 8.214 ], [ -10.875, 8.212 ], [ -10.878, 8.212 ], [ -10.88, 8.211 ], [ -10.882, 8.208 ], [ -10.884, 8.207 ], [ -10.884, 8.205 ], [ -10.886, 8.205 ], [ -10.887, 8.205 ], [ -10.888, 8.201 ], [ -10.887, 8.2 ], [ -10.887, 8.198 ], [ -10.885, 8.197 ], [ -10.886, 8.193 ], [ -10.889, 8.191 ], [ -10.888, 8.188 ], [ -10.89, 8.188 ], [ -10.891, 8.186 ], [ -10.89, 8.184 ], [ -10.891, 8.182 ], [ -10.889, 8.181 ], [ -10.891, 8.177 ], [ -10.892, 8.177 ], [ -10.893, 8.175 ], [ -10.891, 8.174 ], [ -10.888, 8.174 ], [ -10.887, 8.171 ], [ -10.889, 8.17 ], [ -10.887, 8.168 ], [ -10.89, 8.166 ], [ -10.889, 8.165 ], [ -10.889, 8.163 ], [ -10.891, 8.164 ], [ -10.892, 8.161 ], [ -10.893, 8.16 ], [ -10.895, 8.159 ], [ -10.896, 8.157 ], [ -10.899, 8.157 ], [ -10.9, 8.151 ], [ -10.9, 8.148 ], [ -10.904, 8.147 ], [ -10.906, 8.143 ], [ -10.907, 8.143 ], [ -10.907, 8.142 ], [ -10.905, 8.139 ], [ -10.907, 8.134 ], [ -10.91, 8.132 ], [ -10.914, 8.129 ], [ -10.915, 8.127 ], [ -10.917, 8.124 ], [ -10.922, 8.123 ], [ -10.924, 8.121 ], [ -10.925, 8.119 ], [ -10.929, 8.117 ], [ -10.93, 8.116 ], [ -10.933, 8.113 ], [ -10.935, 8.108 ], [ -10.939, 8.105 ], [ -10.937, 8.102 ], [ -10.94, 8.101 ], [ -10.942, 8.099 ], [ -10.942, 8.098 ], [ -10.945, 8.091 ], [ -10.951, 8.087 ], [ -10.96, 8.086 ], [ -10.964, 8.084 ], [ -10.963, 8.084 ], [ -10.96, 8.08 ], [ -10.957, 8.079 ], [ -10.959, 8.077 ], [ -10.962, 8.075 ], [ -10.961, 8.071 ], [ -10.956, 8.07 ], [ -10.956, 8.069 ], [ -10.955, 8.068 ], [ -10.964, 8.057 ], [ -10.964, 8.057 ], [ -10.965, 8.055 ], [ -10.963, 8.054 ], [ -10.965, 8.049 ], [ -10.967, 8.044 ], [ -10.969, 8.04 ], [ -10.969, 8.04 ], [ -10.97, 8.037 ], [ -10.973, 8.034 ], [ -10.974, 8.031 ], [ -10.974, 8.03 ], [ -10.976, 8.026 ], [ -10.976, 8.025 ], [ -10.977, 8.022 ], [ -10.977, 8.022 ], [ -10.979, 8.018 ], [ -10.982, 8.014 ], [ -10.98, 8.009 ], [ -10.982, 8.004 ], [ -10.985, 7.998 ], [ -10.986, 7.998 ], [ -10.987, 7.995 ], [ -10.987, 7.993 ], [ -10.988, 7.992 ], [ -10.991, 7.988 ], [ -10.993, 7.984 ], [ -10.994, 7.98 ], [ -10.994, 7.98 ], [ -10.998, 7.978 ], [ -11.0, 7.975 ], [ -11.002, 7.972 ], [ -11.004, 7.968 ], [ -11.006, 7.964 ], [ -11.01, 7.965 ], [ -11.011, 7.963 ], [ -11.01, 7.961 ], [ -11.009, 7.957 ], [ -11.012, 7.954 ], [ -11.012, 7.954 ], [ -11.016, 7.95 ], [ -11.017, 7.947 ], [ -11.015, 7.943 ], [ -11.016, 7.938 ], [ -11.017, 7.936 ], [ -11.017, 7.934 ], [ -11.017, 7.928 ], [ -11.019, 7.926 ], [ -11.02, 7.925 ], [ -11.023, 7.925 ], [ -11.024, 7.923 ], [ -11.022, 7.917 ], [ -11.023, 7.913 ], [ -11.026, 7.91 ], [ -11.026, 7.91 ], [ -11.027, 7.909 ], [ -11.027, 7.904 ], [ -11.029, 7.899 ], [ -11.034, 7.889 ], [ -11.035, 7.888 ], [ -11.04, 7.884 ], [ -11.04, 7.884 ], [ -11.04, 7.884 ], [ -11.043, 7.88 ], [ -11.043, 7.876 ], [ -11.041, 7.873 ], [ -11.04, 7.871 ], [ -11.037, 7.87 ], [ -11.034, 7.871 ], [ -11.033, 7.872 ], [ -11.033, 7.872 ], [ -11.03, 7.872 ], [ -11.03, 7.872 ], [ -11.029, 7.876 ], [ -11.028, 7.877 ], [ -11.025, 7.878 ], [ -11.022, 7.875 ], [ -11.017, 7.867 ], [ -11.012, 7.857 ], [ -11.01, 7.851 ], [ -11.007, 7.844 ], [ -11.005, 7.84 ], [ -11.003, 7.836 ], [ -10.999, 7.827 ], [ -10.996, 7.819 ], [ -10.995, 7.818 ], [ -10.985, 7.804 ], [ -10.982, 7.799 ], [ -10.975, 7.796 ], [ -10.974, 7.796 ], [ -10.969, 7.798 ], [ -10.964, 7.801 ], [ -10.96, 7.796 ], [ -10.955, 7.786 ], [ -10.953, 7.779 ], [ -10.952, 7.775 ], [ -10.952, 7.775 ], [ -10.95, 7.772 ], [ -10.947, 7.766 ], [ -10.947, 7.765 ], [ -10.945, 7.762 ], [ -10.943, 7.764 ], [ -10.941, 7.764 ], [ -10.937, 7.759 ], [ -10.936, 7.762 ], [ -10.933, 7.761 ], [ -10.93, 7.758 ], [ -10.929, 7.758 ], [ -10.929, 7.763 ], [ -10.927, 7.765 ], [ -10.926, 7.768 ], [ -10.923, 7.765 ], [ -10.92, 7.765 ], [ -10.918, 7.765 ], [ -10.916, 7.762 ], [ -10.913, 7.763 ], [ -10.911, 7.762 ], [ -10.911, 7.762 ], [ -10.909, 7.761 ], [ -10.908, 7.753 ], [ -10.908, 7.747 ], [ -10.914, 7.741 ], [ -10.918, 7.734 ], [ -10.924, 7.727 ], [ -10.928, 7.719 ], [ -10.929, 7.714 ], [ -10.932, 7.704 ], [ -10.931, 7.698 ], [ -10.931, 7.694 ], [ -10.931, 7.686 ], [ -10.927, 7.681 ], [ -10.922, 7.678 ], [ -10.918, 7.675 ], [ -10.916, 7.667 ], [ -10.915, 7.658 ], [ -10.914, 7.655 ], [ -10.913, 7.651 ], [ -10.908, 7.65 ], [ -10.899, 7.651 ], [ -10.89, 7.652 ], [ -10.878, 7.65 ], [ -10.867, 7.649 ], [ -10.856, 7.647 ], [ -10.852, 7.646 ], [ -10.849, 7.645 ], [ -10.843, 7.644 ], [ -10.84, 7.643 ], [ -10.837, 7.641 ], [ -10.835, 7.64 ], [ -10.834, 7.639 ], [ -10.833, 7.637 ], [ -10.832, 7.635 ], [ -10.83, 7.632 ], [ -10.828, 7.629 ], [ -10.827, 7.627 ], [ -10.824, 7.624 ], [ -10.821, 7.622 ], [ -10.816, 7.619 ], [ -10.813, 7.616 ], [ -10.812, 7.615 ], [ -10.811, 7.614 ], [ -10.81, 7.615 ], [ -10.808, 7.615 ], [ -10.805, 7.616 ], [ -10.802, 7.616 ], [ -10.798, 7.616 ], [ -10.796, 7.616 ], [ -10.794, 7.615 ], [ -10.794, 7.615 ], [ -10.793, 7.615 ], [ -10.792, 7.616 ], [ -10.791, 7.617 ], [ -10.79, 7.617 ], [ -10.789, 7.616 ], [ -10.789, 7.615 ], [ -10.79, 7.613 ], [ -10.792, 7.611 ], [ -10.793, 7.609 ], [ -10.793, 7.608 ], [ -10.793, 7.608 ], [ -10.791, 7.609 ], [ -10.79, 7.609 ], [ -10.79, 7.606 ], [ -10.79, 7.605 ], [ -10.79, 7.603 ], [ -10.789, 7.602 ], [ -10.789, 7.601 ], [ -10.79, 7.601 ], [ -10.79, 7.601 ], [ -10.791, 7.601 ], [ -10.792, 7.602 ], [ -10.792, 7.602 ], [ -10.793, 7.601 ], [ -10.793, 7.6 ], [ -10.794, 7.599 ], [ -10.794, 7.597 ], [ -10.795, 7.595 ], [ -10.796, 7.594 ], [ -10.798, 7.592 ], [ -10.799, 7.592 ], [ -10.8, 7.592 ], [ -10.801, 7.591 ], [ -10.802, 7.591 ], [ -10.803, 7.591 ], [ -10.804, 7.592 ], [ -10.805, 7.592 ], [ -10.806, 7.592 ], [ -10.808, 7.592 ], [ -10.809, 7.592 ], [ -10.81, 7.592 ], [ -10.813, 7.593 ], [ -10.814, 7.594 ], [ -10.814, 7.595 ], [ -10.816, 7.596 ], [ -10.817, 7.596 ], [ -10.817, 7.596 ], [ -10.818, 7.595 ], [ -10.817, 7.594 ], [ -10.816, 7.593 ], [ -10.815, 7.592 ], [ -10.814, 7.591 ], [ -10.814, 7.59 ], [ -10.815, 7.589 ], [ -10.817, 7.587 ], [ -10.818, 7.586 ], [ -10.82, 7.584 ], [ -10.821, 7.582 ], [ -10.822, 7.581 ], [ -10.822, 7.58 ], [ -10.822, 7.579 ], [ -10.821, 7.579 ], [ -10.82, 7.579 ], [ -10.819, 7.578 ], [ -10.819, 7.577 ], [ -10.819, 7.576 ], [ -10.82, 7.576 ], [ -10.822, 7.574 ], [ -10.823, 7.573 ], [ -10.825, 7.572 ], [ -10.826, 7.572 ], [ -10.826, 7.571 ], [ -10.826, 7.57 ], [ -10.825, 7.569 ], [ -10.825, 7.568 ], [ -10.826, 7.567 ], [ -10.826, 7.566 ], [ -10.826, 7.565 ], [ -10.826, 7.564 ], [ -10.827, 7.562 ], [ -10.828, 7.562 ], [ -10.829, 7.562 ], [ -10.83, 7.562 ], [ -10.831, 7.564 ], [ -10.833, 7.564 ], [ -10.834, 7.564 ], [ -10.835, 7.563 ], [ -10.836, 7.562 ], [ -10.837, 7.56 ], [ -10.837, 7.558 ], [ -10.838, 7.557 ], [ -10.839, 7.556 ], [ -10.841, 7.555 ], [ -10.843, 7.554 ], [ -10.844, 7.553 ], [ -10.844, 7.552 ], [ -10.843, 7.551 ], [ -10.843, 7.551 ], [ -10.844, 7.55 ], [ -10.844, 7.549 ], [ -10.846, 7.549 ], [ -10.847, 7.548 ], [ -10.848, 7.547 ], [ -10.849, 7.546 ], [ -10.85, 7.546 ], [ -10.851, 7.544 ], [ -10.854, 7.543 ], [ -10.855, 7.542 ], [ -10.858, 7.54 ], [ -10.86, 7.538 ], [ -10.862, 7.538 ], [ -10.863, 7.538 ], [ -10.864, 7.538 ], [ -10.866, 7.536 ], [ -10.867, 7.535 ], [ -10.868, 7.534 ], [ -10.87, 7.533 ], [ -10.873, 7.532 ], [ -10.875, 7.531 ], [ -10.876, 7.531 ], [ -10.876, 7.531 ], [ -10.878, 7.53 ], [ -10.878, 7.528 ], [ -10.88, 7.526 ], [ -10.883, 7.525 ], [ -10.887, 7.527 ], [ -10.89, 7.525 ], [ -10.892, 7.522 ], [ -10.896, 7.52 ], [ -10.896, 7.517 ], [ -10.897, 7.514 ], [ -10.899, 7.513 ], [ -10.902, 7.512 ], [ -10.903, 7.512 ], [ -10.905, 7.511 ], [ -10.908, 7.51 ], [ -10.909, 7.508 ], [ -10.911, 7.507 ], [ -10.913, 7.504 ], [ -10.916, 7.505 ], [ -10.918, 7.504 ], [ -10.92, 7.5 ], [ -10.922, 7.497 ], [ -10.923, 7.497 ], [ -10.925, 7.499 ], [ -10.928, 7.5 ], [ -10.929, 7.502 ], [ -10.928, 7.505 ], [ -10.928, 7.506 ], [ -10.93, 7.508 ], [ -10.931, 7.508 ], [ -10.933, 7.51 ], [ -10.932, 7.512 ], [ -10.933, 7.513 ], [ -10.934, 7.513 ], [ -10.934, 7.513 ], [ -10.935, 7.513 ], [ -10.936, 7.512 ], [ -10.938, 7.509 ], [ -10.938, 7.508 ], [ -10.939, 7.507 ], [ -10.94, 7.506 ], [ -10.941, 7.506 ], [ -10.942, 7.506 ], [ -10.945, 7.505 ], [ -10.946, 7.505 ], [ -10.946, 7.504 ], [ -10.949, 7.502 ], [ -10.951, 7.5 ], [ -10.955, 7.497 ], [ -10.957, 7.496 ], [ -10.957, 7.494 ], [ -10.957, 7.493 ], [ -10.959, 7.492 ], [ -10.961, 7.494 ], [ -10.962, 7.493 ], [ -10.962, 7.49 ], [ -10.966, 7.489 ], [ -10.969, 7.487 ], [ -10.973, 7.483 ], [ -10.974, 7.479 ], [ -10.977, 7.477 ], [ -10.977, 7.476 ], [ -10.975, 7.474 ], [ -10.976, 7.472 ], [ -10.978, 7.471 ], [ -10.98, 7.471 ], [ -10.982, 7.472 ], [ -10.985, 7.469 ], [ -10.989, 7.467 ], [ -10.994, 7.463 ], [ -10.997, 7.459 ], [ -10.999, 7.456 ], [ -11.001, 7.455 ], [ -11.003, 7.455 ], [ -11.005, 7.455 ], [ -11.005, 7.454 ], [ -11.006, 7.453 ], [ -11.007, 7.452 ], [ -11.008, 7.451 ], [ -11.008, 7.451 ], [ -11.009, 7.45 ], [ -11.01, 7.449 ], [ -11.01, 7.447 ], [ -11.01, 7.446 ], [ -11.009, 7.444 ], [ -11.009, 7.443 ], [ -11.01, 7.442 ], [ -11.011, 7.442 ], [ -11.012, 7.442 ], [ -11.014, 7.443 ], [ -11.015, 7.442 ], [ -11.018, 7.441 ], [ -11.02, 7.44 ], [ -11.023, 7.439 ], [ -11.024, 7.439 ], [ -11.026, 7.438 ], [ -11.027, 7.437 ], [ -11.027, 7.436 ], [ -11.027, 7.435 ], [ -11.027, 7.433 ], [ -11.028, 7.433 ], [ -11.029, 7.433 ], [ -11.03, 7.434 ], [ -11.031, 7.436 ], [ -11.033, 7.437 ], [ -11.034, 7.436 ], [ -11.034, 7.435 ], [ -11.034, 7.434 ], [ -11.034, 7.431 ], [ -11.033, 7.428 ], [ -11.033, 7.427 ], [ -11.034, 7.426 ], [ -11.037, 7.425 ], [ -11.038, 7.425 ], [ -11.041, 7.425 ], [ -11.042, 7.425 ], [ -11.042, 7.424 ], [ -11.043, 7.422 ], [ -11.044, 7.42 ], [ -11.045, 7.418 ], [ -11.046, 7.417 ], [ -11.047, 7.416 ], [ -11.049, 7.415 ], [ -11.049, 7.413 ], [ -11.05, 7.412 ], [ -11.052, 7.412 ], [ -11.052, 7.411 ], [ -11.054, 7.41 ], [ -11.056, 7.408 ], [ -11.057, 7.406 ], [ -11.059, 7.404 ], [ -11.061, 7.403 ], [ -11.063, 7.402 ], [ -11.065, 7.4 ], [ -11.067, 7.399 ], [ -11.069, 7.398 ], [ -11.072, 7.397 ], [ -11.073, 7.397 ], [ -11.074, 7.397 ], [ -11.076, 7.395 ], [ -11.079, 7.393 ], [ -11.079, 7.393 ], [ -11.081, 7.392 ], [ -11.083, 7.391 ], [ -11.085, 7.392 ], [ -11.087, 7.392 ], [ -11.089, 7.392 ], [ -11.091, 7.392 ], [ -11.092, 7.392 ], [ -11.093, 7.391 ], [ -11.095, 7.389 ], [ -11.097, 7.389 ], [ -11.098, 7.389 ], [ -11.1, 7.391 ], [ -11.101, 7.391 ], [ -11.102, 7.39 ], [ -11.102, 7.39 ], [ -11.102, 7.388 ], [ -11.103, 7.384 ], [ -11.104, 7.383 ], [ -11.105, 7.382 ], [ -11.108, 7.378 ] ] ] ] } },
{ "type": "Feature", "properties": { "NEW_DIST": "Koinadugu", "NEW_PROV": "Northern", "CS_Pro_Num": 2, "CS_Pro_Nam": "Northern", "CS_Dis_Num": 23, "CS_Dis_Nam": "Koinadugu", "layer": "Koinadugu District" }, "geometry": { "type": "MultiPolygon", "coordinates": [ [ [ [ -11.347, 8.724 ], [ -11.349, 8.717 ], [ -11.349, 8.715 ], [ -11.347, 8.712 ], [ -11.347, 8.711 ], [ -11.348, 8.708 ], [ -11.347, 8.705 ], [ -11.349, 8.701 ], [ -11.348, 8.696 ], [ -11.347, 8.691 ], [ -11.345, 8.688 ], [ -11.343, 8.685 ], [ -11.343, 8.683 ], [ -11.341, 8.676 ], [ -11.334, 8.665 ], [ -11.341, 8.661 ], [ -11.351, 8.66 ], [ -11.353, 8.661 ], [ -11.357, 8.662 ], [ -11.361, 8.664 ], [ -11.363, 8.666 ], [ -11.364, 8.667 ], [ -11.366, 8.67 ], [ -11.369, 8.675 ], [ -11.369, 8.677 ], [ -11.369, 8.678 ], [ -11.37, 8.681 ], [ -11.372, 8.684 ], [ -11.374, 8.687 ], [ -11.376, 8.689 ], [ -11.377, 8.69 ], [ -11.376, 8.693 ], [ -11.375, 8.695 ], [ -11.375, 8.696 ], [ -11.377, 8.698 ], [ -11.378, 8.7 ], [ -11.378, 8.704 ], [ -11.379, 8.706 ], [ -11.381, 8.709 ], [ -11.383, 8.712 ], [ -11.381, 8.717 ], [ -11.381, 8.717 ], [ -11.383, 8.722 ], [ -11.382, 8.727 ], [ -11.384, 8.73 ], [ -11.384, 8.731 ], [ -11.386, 8.734 ], [ -11.385, 8.737 ], [ -11.388, 8.739 ], [ -11.387, 8.742 ], [ -11.39, 8.743 ], [ -11.392, 8.744 ], [ -11.392, 8.745 ], [ -11.393, 8.747 ], [ -11.393, 8.749 ], [ -11.396, 8.752 ], [ -11.395, 8.754 ], [ -11.395, 8.754 ], [ -11.395, 8.754 ], [ -11.395, 8.755 ], [ -11.395, 8.756 ], [ -11.395, 8.759 ], [ -11.397, 8.767 ], [ -11.398, 8.77 ], [ -11.398, 8.772 ], [ -11.401, 8.774 ], [ -11.403, 8.776 ], [ -11.405, 8.78 ], [ -11.406, 8.782 ], [ -11.406, 8.785 ], [ -11.407, 8.787 ], [ -11.408, 8.789 ], [ -11.408, 8.792 ], [ -11.411, 8.794 ], [ -11.414, 8.796 ], [ -11.415, 8.804 ], [ -11.417, 8.808 ], [ -11.418, 8.808 ], [ -11.419, 8.81 ], [ -11.421, 8.813 ], [ -11.421, 8.813 ], [ -11.422, 8.818 ], [ -11.424, 8.82 ], [ -11.425, 8.823 ], [ -11.426, 8.828 ], [ -11.429, 8.83 ], [ -11.43, 8.834 ], [ -11.431, 8.838 ], [ -11.43, 8.84 ], [ -11.432, 8.838 ], [ -11.432, 8.841 ], [ -11.433, 8.846 ], [ -11.435, 8.848 ], [ -11.437, 8.851 ], [ -11.438, 8.853 ], [ -11.44, 8.856 ], [ -11.441, 8.859 ], [ -11.442, 8.862 ], [ -11.445, 8.864 ], [ -11.446, 8.864 ], [ -11.448, 8.863 ], [ -11.456, 8.855 ], [ -11.461, 8.849 ], [ -11.465, 8.845 ], [ -11.466, 8.843 ], [ -11.466, 8.841 ], [ -11.467, 8.842 ], [ -11.468, 8.842 ], [ -11.468, 8.842 ], [ -11.471, 8.841 ], [ -11.475, 8.84 ], [ -11.48, 8.841 ], [ -11.481, 8.842 ], [ -11.484, 8.844 ], [ -11.484, 8.843 ], [ -11.495, 8.842 ], [ -11.503, 8.843 ], [ -11.517, 8.844 ], [ -11.526, 8.845 ], [ -11.53, 8.846 ], [ -11.536, 8.848 ], [ -11.539, 8.849 ], [ -11.542, 8.85 ], [ -11.547, 8.849 ], [ -11.554, 8.849 ], [ -11.557, 8.854 ], [ -11.558, 8.856 ], [ -11.558, 8.859 ], [ -11.56, 8.86 ], [ -11.558, 8.862 ], [ -11.555, 8.86 ], [ -11.553, 8.861 ], [ -11.552, 8.86 ], [ -11.55, 8.863 ], [ -11.552, 8.866 ], [ -11.552, 8.869 ], [ -11.549, 8.872 ], [ -11.547, 8.875 ], [ -11.545, 8.876 ], [ -11.543, 8.878 ], [ -11.544, 8.88 ], [ -11.544, 8.884 ], [ -11.543, 8.886 ], [ -11.541, 8.887 ], [ -11.542, 8.89 ], [ -11.539, 8.89 ], [ -11.541, 8.894 ], [ -11.539, 8.894 ], [ -11.536, 8.894 ], [ -11.534, 8.897 ], [ -11.534, 8.899 ], [ -11.533, 8.9 ], [ -11.531, 8.902 ], [ -11.53, 8.903 ], [ -11.529, 8.907 ], [ -11.529, 8.91 ], [ -11.528, 8.911 ], [ -11.524, 8.911 ], [ -11.522, 8.914 ], [ -11.521, 8.918 ], [ -11.519, 8.918 ], [ -11.52, 8.914 ], [ -11.52, 8.913 ], [ -11.519, 8.913 ], [ -11.518, 8.913 ], [ -11.516, 8.914 ], [ -11.514, 8.916 ], [ -11.513, 8.916 ], [ -11.509, 8.919 ], [ -11.509, 8.922 ], [ -11.508, 8.918 ], [ -11.511, 8.915 ], [ -11.51, 8.911 ], [ -11.508, 8.909 ], [ -11.507, 8.91 ], [ -11.504, 8.911 ], [ -11.5, 8.912 ], [ -11.5, 8.909 ], [ -11.498, 8.907 ], [ -11.495, 8.907 ], [ -11.494, 8.904 ], [ -11.492, 8.905 ], [ -11.491, 8.91 ], [ -11.489, 8.914 ], [ -11.491, 8.917 ], [ -11.487, 8.924 ], [ -11.486, 8.929 ], [ -11.484, 8.932 ], [ -11.482, 8.93 ], [ -11.481, 8.926 ], [ -11.479, 8.925 ], [ -11.476, 8.922 ], [ -11.475, 8.922 ], [ -11.474, 8.925 ], [ -11.472, 8.928 ], [ -11.473, 8.931 ], [ -11.475, 8.931 ], [ -11.472, 8.935 ], [ -11.47, 8.937 ], [ -11.47, 8.939 ], [ -11.468, 8.943 ], [ -11.467, 8.946 ], [ -11.467, 8.947 ], [ -11.468, 8.95 ], [ -11.467, 8.954 ], [ -11.466, 8.958 ], [ -11.463, 8.959 ], [ -11.46, 8.959 ], [ -11.46, 8.962 ], [ -11.457, 8.966 ], [ -11.458, 8.969 ], [ -11.457, 8.971 ], [ -11.458, 8.973 ], [ -11.457, 8.977 ], [ -11.456, 8.978 ], [ -11.456, 8.982 ], [ -11.455, 8.984 ], [ -11.458, 8.985 ], [ -11.455, 8.987 ], [ -11.453, 8.99 ], [ -11.451, 8.987 ], [ -11.448, 8.986 ], [ -11.444, 8.986 ], [ -11.443, 8.99 ], [ -11.443, 8.993 ], [ -11.443, 8.995 ], [ -11.444, 8.996 ], [ -11.443, 8.997 ], [ -11.441, 8.999 ], [ -11.441, 9.001 ], [ -11.441, 9.005 ], [ -11.441, 9.007 ], [ -11.439, 9.008 ], [ -11.438, 9.01 ], [ -11.436, 9.014 ], [ -11.438, 9.015 ], [ -11.439, 9.016 ], [ -11.441, 9.018 ], [ -11.44, 9.021 ], [ -11.44, 9.025 ], [ -11.441, 9.025 ], [ -11.443, 9.028 ], [ -11.445, 9.029 ], [ -11.446, 9.029 ], [ -11.448, 9.032 ], [ -11.45, 9.035 ], [ -11.448, 9.04 ], [ -11.448, 9.041 ], [ -11.448, 9.043 ], [ -11.449, 9.045 ], [ -11.445, 9.049 ], [ -11.446, 9.052 ], [ -11.445, 9.058 ], [ -11.445, 9.058 ], [ -11.445, 9.058 ], [ -11.445, 9.058 ], [ -11.445, 9.058 ], [ -11.445, 9.058 ], [ -11.445, 9.058 ], [ -11.445, 9.058 ], [ -11.445, 9.058 ], [ -11.445, 9.059 ], [ -11.445, 9.059 ], [ -11.444, 9.064 ], [ -11.445, 9.066 ], [ -11.446, 9.067 ], [ -11.446, 9.069 ], [ -11.444, 9.071 ], [ -11.442, 9.074 ], [ -11.443, 9.078 ], [ -11.443, 9.078 ], [ -11.442, 9.081 ], [ -11.442, 9.084 ], [ -11.444, 9.086 ], [ -11.444, 9.088 ], [ -11.443, 9.091 ], [ -11.442, 9.095 ], [ -11.444, 9.097 ], [ -11.442, 9.099 ], [ -11.443, 9.102 ], [ -11.444, 9.105 ], [ -11.444, 9.107 ], [ -11.444, 9.111 ], [ -11.444, 9.112 ], [ -11.444, 9.114 ], [ -11.444, 9.116 ], [ -11.443, 9.118 ], [ -11.444, 9.122 ], [ -11.443, 9.123 ], [ -11.441, 9.125 ], [ -11.442, 9.128 ], [ -11.444, 9.128 ], [ -11.444, 9.13 ], [ -11.444, 9.133 ], [ -11.444, 9.135 ], [ -11.444, 9.139 ], [ -11.444, 9.142 ], [ -11.445, 9.146 ], [ -11.446, 9.149 ], [ -11.444, 9.151 ], [ -11.445, 9.153 ], [ -11.445, 9.156 ], [ -11.447, 9.158 ], [ -11.447, 9.16 ], [ -11.448, 9.164 ], [ -11.451, 9.165 ], [ -11.451, 9.165 ], [ -11.453, 9.165 ], [ -11.452, 9.167 ], [ -11.455, 9.168 ], [ -11.456, 9.171 ], [ -11.456, 9.173 ], [ -11.458, 9.176 ], [ -11.459, 9.174 ], [ -11.461, 9.174 ], [ -11.463, 9.176 ], [ -11.463, 9.179 ], [ -11.464, 9.182 ], [ -11.466, 9.183 ], [ -11.468, 9.182 ], [ -11.47, 9.184 ], [ -11.471, 9.185 ], [ -11.474, 9.183 ], [ -11.475, 9.181 ], [ -11.478, 9.181 ], [ -11.479, 9.181 ], [ -11.482, 9.183 ], [ -11.482, 9.184 ], [ -11.482, 9.184 ], [ -11.483, 9.185 ], [ -11.484, 9.184 ], [ -11.486, 9.184 ], [ -11.486, 9.186 ], [ -11.488, 9.187 ], [ -11.49, 9.186 ], [ -11.491, 9.185 ], [ -11.491, 9.185 ], [ -11.492, 9.184 ], [ -11.495, 9.186 ], [ -11.497, 9.183 ], [ -11.499, 9.181 ], [ -11.5, 9.179 ], [ -11.503, 9.179 ], [ -11.504, 9.176 ], [ -11.505, 9.174 ], [ -11.508, 9.171 ], [ -11.51, 9.169 ], [ -11.511, 9.166 ], [ -11.513, 9.165 ], [ -11.515, 9.165 ], [ -11.517, 9.164 ], [ -11.52, 9.164 ], [ -11.52, 9.163 ], [ -11.522, 9.162 ], [ -11.524, 9.16 ], [ -11.526, 9.162 ], [ -11.527, 9.164 ], [ -11.531, 9.162 ], [ -11.534, 9.158 ], [ -11.537, 9.155 ], [ -11.54, 9.155 ], [ -11.542, 9.155 ], [ -11.542, 9.152 ], [ -11.545, 9.152 ], [ -11.547, 9.151 ], [ -11.55, 9.15 ], [ -11.55, 9.15 ], [ -11.552, 9.149 ], [ -11.554, 9.149 ], [ -11.555, 9.148 ], [ -11.557, 9.148 ], [ -11.559, 9.149 ], [ -11.56, 9.151 ], [ -11.562, 9.152 ], [ -11.564, 9.15 ], [ -11.568, 9.143 ], [ -11.569, 9.14 ], [ -11.57, 9.137 ], [ -11.577, 9.133 ], [ -11.58, 9.13 ], [ -11.578, 9.126 ], [ -11.579, 9.124 ], [ -11.577, 9.12 ], [ -11.58, 9.118 ], [ -11.582, 9.117 ], [ -11.587, 9.116 ], [ -11.589, 9.114 ], [ -11.589, 9.114 ], [ -11.592, 9.111 ], [ -11.593, 9.109 ], [ -11.597, 9.105 ], [ -11.6, 9.102 ], [ -11.604, 9.098 ], [ -11.606, 9.094 ], [ -11.61, 9.091 ], [ -11.613, 9.086 ], [ -11.618, 9.083 ], [ -11.622, 9.08 ], [ -11.624, 9.077 ], [ -11.626, 9.075 ], [ -11.629, 9.072 ], [ -11.635, 9.068 ], [ -11.64, 9.064 ], [ -11.642, 9.059 ], [ -11.646, 9.054 ], [ -11.647, 9.06 ], [ -11.647, 9.067 ], [ -11.649, 9.072 ], [ -11.653, 9.079 ], [ -11.657, 9.083 ], [ -11.66, 9.086 ], [ -11.669, 9.094 ], [ -11.675, 9.098 ], [ -11.678, 9.099 ], [ -11.683, 9.101 ], [ -11.688, 9.105 ], [ -11.699, 9.107 ], [ -11.705, 9.109 ], [ -11.711, 9.111 ], [ -11.717, 9.113 ], [ -11.714, 9.121 ], [ -11.713, 9.129 ], [ -11.714, 9.134 ], [ -11.711, 9.139 ], [ -11.71, 9.144 ], [ -11.708, 9.148 ], [ -11.71, 9.151 ], [ -11.709, 9.152 ], [ -11.708, 9.156 ], [ -11.709, 9.161 ], [ -11.708, 9.165 ], [ -11.709, 9.168 ], [ -11.708, 9.172 ], [ -11.708, 9.175 ], [ -11.708, 9.176 ], [ -11.708, 9.18 ], [ -11.707, 9.185 ], [ -11.708, 9.19 ], [ -11.706, 9.193 ], [ -11.708, 9.195 ], [ -11.71, 9.196 ], [ -11.71, 9.199 ], [ -11.708, 9.202 ], [ -11.71, 9.206 ], [ -11.71, 9.212 ], [ -11.709, 9.219 ], [ -11.709, 9.22 ], [ -11.709, 9.225 ], [ -11.709, 9.228 ], [ -11.709, 9.23 ], [ -11.711, 9.24 ], [ -11.711, 9.246 ], [ -11.713, 9.255 ], [ -11.713, 9.256 ], [ -11.713, 9.261 ], [ -11.713, 9.266 ], [ -11.713, 9.268 ], [ -11.713, 9.276 ], [ -11.713, 9.283 ], [ -11.715, 9.286 ], [ -11.717, 9.29 ], [ -11.718, 9.291 ], [ -11.724, 9.287 ], [ -11.732, 9.279 ], [ -11.738, 9.273 ], [ -11.738, 9.273 ], [ -11.742, 9.268 ], [ -11.743, 9.268 ], [ -11.746, 9.262 ], [ -11.748, 9.258 ], [ -11.748, 9.256 ], [ -11.749, 9.251 ], [ -11.751, 9.245 ], [ -11.759, 9.245 ], [ -11.764, 9.244 ], [ -11.771, 9.245 ], [ -11.773, 9.245 ], [ -11.778, 9.244 ], [ -11.782, 9.246 ], [ -11.787, 9.245 ], [ -11.789, 9.244 ], [ -11.79, 9.244 ], [ -11.793, 9.244 ], [ -11.796, 9.244 ], [ -11.797, 9.233 ], [ -11.797, 9.231 ], [ -11.801, 9.23 ], [ -11.805, 9.233 ], [ -11.81, 9.233 ], [ -11.821, 9.232 ], [ -11.825, 9.228 ], [ -11.832, 9.229 ], [ -11.836, 9.234 ], [ -11.839, 9.241 ], [ -11.839, 9.241 ], [ -11.839, 9.248 ], [ -11.841, 9.253 ], [ -11.846, 9.253 ], [ -11.85, 9.251 ], [ -11.851, 9.25 ], [ -11.852, 9.253 ], [ -11.854, 9.26 ], [ -11.857, 9.261 ], [ -11.859, 9.26 ], [ -11.865, 9.261 ], [ -11.865, 9.267 ], [ -11.86, 9.268 ], [ -11.854, 9.268 ], [ -11.85, 9.265 ], [ -11.847, 9.266 ], [ -11.844, 9.266 ], [ -11.837, 9.266 ], [ -11.838, 9.273 ], [ -11.843, 9.282 ], [ -11.843, 9.282 ], [ -11.844, 9.291 ], [ -11.844, 9.292 ], [ -11.847, 9.301 ], [ -11.848, 9.309 ], [ -11.845, 9.317 ], [ -11.844, 9.317 ], [ -11.84, 9.321 ], [ -11.834, 9.325 ], [ -11.833, 9.327 ], [ -11.831, 9.328 ], [ -11.825, 9.333 ], [ -11.818, 9.339 ], [ -11.815, 9.341 ], [ -11.808, 9.347 ], [ -11.808, 9.347 ], [ -11.809, 9.35 ], [ -11.811, 9.355 ], [ -11.818, 9.361 ], [ -11.825, 9.361 ], [ -11.824, 9.365 ], [ -11.822, 9.372 ], [ -11.82, 9.376 ], [ -11.817, 9.384 ], [ -11.816, 9.39 ], [ -11.813, 9.397 ], [ -11.812, 9.398 ], [ -11.819, 9.403 ], [ -11.822, 9.407 ], [ -11.823, 9.409 ], [ -11.832, 9.42 ], [ -11.833, 9.423 ], [ -11.835, 9.427 ], [ -11.841, 9.431 ], [ -11.842, 9.434 ], [ -11.843, 9.439 ], [ -11.843, 9.441 ], [ -11.842, 9.442 ], [ -11.841, 9.446 ], [ -11.849, 9.449 ], [ -11.855, 9.451 ], [ -11.859, 9.456 ], [ -11.862, 9.461 ], [ -11.865, 9.462 ], [ -11.867, 9.462 ], [ -11.873, 9.466 ], [ -11.876, 9.473 ], [ -11.877, 9.477 ], [ -11.877, 9.48 ], [ -11.88, 9.487 ], [ -11.88, 9.488 ], [ -11.878, 9.49 ], [ -11.877, 9.491 ], [ -11.874, 9.496 ], [ -11.876, 9.501 ], [ -11.876, 9.502 ], [ -11.873, 9.505 ], [ -11.868, 9.504 ], [ -11.867, 9.508 ], [ -11.871, 9.512 ], [ -11.874, 9.516 ], [ -11.874, 9.516 ], [ -11.877, 9.519 ], [ -11.882, 9.521 ], [ -11.885, 9.516 ], [ -11.887, 9.511 ], [ -11.89, 9.514 ], [ -11.889, 9.518 ], [ -11.889, 9.522 ], [ -11.888, 9.527 ], [ -11.886, 9.529 ], [ -11.886, 9.531 ], [ -11.886, 9.534 ], [ -11.885, 9.539 ], [ -11.891, 9.539 ], [ -11.895, 9.541 ], [ -11.897, 9.54 ], [ -11.9, 9.54 ], [ -11.906, 9.539 ], [ -11.914, 9.538 ], [ -11.92, 9.539 ], [ -11.923, 9.539 ], [ -11.927, 9.538 ], [ -11.934, 9.536 ], [ -11.935, 9.536 ], [ -11.937, 9.534 ], [ -11.941, 9.534 ], [ -11.943, 9.531 ], [ -11.95, 9.534 ], [ -11.95, 9.533 ], [ -11.952, 9.529 ], [ -11.953, 9.526 ], [ -11.956, 9.522 ], [ -11.961, 9.521 ], [ -11.962, 9.517 ], [ -11.964, 9.513 ], [ -11.96, 9.513 ], [ -11.961, 9.507 ], [ -11.966, 9.506 ], [ -11.969, 9.501 ], [ -11.97, 9.495 ], [ -11.975, 9.498 ], [ -11.978, 9.502 ], [ -11.981, 9.504 ], [ -11.985, 9.507 ], [ -11.99, 9.512 ], [ -11.994, 9.514 ], [ -11.999, 9.517 ], [ -12.0, 9.519 ], [ -12.001, 9.52 ], [ -12.005, 9.525 ], [ -12.007, 9.528 ], [ -12.009, 9.531 ], [ -12.018, 9.541 ], [ -12.024, 9.542 ], [ -12.029, 9.549 ], [ -12.033, 9.551 ], [ -12.038, 9.548 ], [ -12.044, 9.548 ], [ -12.051, 9.545 ], [ -12.055, 9.548 ], [ -12.058, 9.547 ], [ -12.061, 9.554 ], [ -12.062, 9.561 ], [ -12.06, 9.563 ], [ -12.06, 9.563 ], [ -12.061, 9.568 ], [ -12.064, 9.572 ], [ -12.066, 9.575 ], [ -12.071, 9.578 ], [ -12.071, 9.575 ], [ -12.074, 9.575 ], [ -12.078, 9.577 ], [ -12.082, 9.58 ], [ -12.086, 9.581 ], [ -12.089, 9.58 ], [ -12.091, 9.58 ], [ -12.091, 9.576 ], [ -12.091, 9.575 ], [ -12.094, 9.576 ], [ -12.1, 9.578 ], [ -12.107, 9.583 ], [ -12.11, 9.58 ], [ -12.113, 9.581 ], [ -12.115, 9.584 ], [ -12.118, 9.583 ], [ -12.121, 9.58 ], [ -12.126, 9.583 ], [ -12.129, 9.582 ], [ -12.131, 9.587 ], [ -12.135, 9.59 ], [ -12.13, 9.593 ], [ -12.126, 9.595 ], [ -12.124, 9.596 ], [ -12.118, 9.6 ], [ -12.115, 9.603 ], [ -12.111, 9.609 ], [ -12.113, 9.616 ], [ -12.11, 9.62 ], [ -12.108, 9.627 ], [ -12.104, 9.63 ], [ -12.1, 9.633 ], [ -12.096, 9.638 ], [ -12.089, 9.644 ], [ -12.083, 9.646 ], [ -12.081, 9.647 ], [ -12.075, 9.65 ], [ -12.068, 9.652 ], [ -12.062, 9.656 ], [ -12.056, 9.657 ], [ -12.053, 9.657 ], [ -12.049, 9.66 ], [ -12.043, 9.665 ], [ -12.04, 9.662 ], [ -12.035, 9.659 ], [ -12.031, 9.66 ], [ -12.029, 9.663 ], [ -12.026, 9.665 ], [ -12.026, 9.668 ], [ -12.03, 9.67 ], [ -12.027, 9.672 ], [ -12.024, 9.671 ], [ -12.021, 9.666 ], [ -12.018, 9.667 ], [ -12.011, 9.668 ], [ -12.007, 9.668 ], [ -12.005, 9.672 ], [ -12.007, 9.68 ], [ -11.999, 9.679 ], [ -11.993, 9.682 ], [ -11.989, 9.683 ], [ -11.985, 9.683 ], [ -11.98, 9.683 ], [ -11.977, 9.689 ], [ -11.972, 9.69 ], [ -11.967, 9.691 ], [ -11.96, 9.693 ], [ -11.956, 9.694 ], [ -11.949, 9.695 ], [ -11.942, 9.695 ], [ -11.932, 9.696 ], [ -11.924, 9.697 ], [ -11.921, 9.7 ], [ -11.918, 9.701 ], [ -11.914, 9.704 ], [ -11.912, 9.701 ], [ -11.908, 9.701 ], [ -11.905, 9.699 ], [ -11.899, 9.701 ], [ -11.894, 9.699 ], [ -11.888, 9.701 ], [ -11.883, 9.701 ], [ -11.883, 9.703 ], [ -11.883, 9.705 ], [ -11.882, 9.709 ], [ -11.878, 9.713 ], [ -11.873, 9.714 ], [ -11.875, 9.722 ], [ -11.873, 9.723 ], [ -11.875, 9.722 ], [ -11.875, 9.722 ], [ -11.877, 9.727 ], [ -11.877, 9.734 ], [ -11.878, 9.739 ], [ -11.878, 9.747 ], [ -11.878, 9.754 ], [ -11.877, 9.761 ], [ -11.876, 9.771 ], [ -11.881, 9.777 ], [ -11.879, 9.781 ], [ -11.882, 9.785 ], [ -11.882, 9.789 ], [ -11.884, 9.794 ], [ -11.884, 9.798 ], [ -11.886, 9.805 ], [ -11.886, 9.809 ], [ -11.886, 9.81 ], [ -11.885, 9.815 ], [ -11.888, 9.821 ], [ -11.887, 9.827 ], [ -11.891, 9.834 ], [ -11.89, 9.836 ], [ -11.892, 9.846 ], [ -11.891, 9.85 ], [ -11.889, 9.855 ], [ -11.89, 9.863 ], [ -11.888, 9.868 ], [ -11.888, 9.871 ], [ -11.887, 9.872 ], [ -11.886, 9.877 ], [ -11.885, 9.883 ], [ -11.889, 9.886 ], [ -11.896, 9.885 ], [ -11.902, 9.888 ], [ -11.906, 9.896 ], [ -11.906, 9.903 ], [ -11.902, 9.904 ], [ -11.899, 9.905 ], [ -11.897, 9.91 ], [ -11.897, 9.911 ], [ -11.892, 9.915 ], [ -11.895, 9.919 ], [ -11.9, 9.923 ], [ -11.896, 9.93 ], [ -11.9, 9.933 ], [ -11.904, 9.938 ], [ -11.909, 9.944 ], [ -11.908, 9.953 ], [ -11.909, 9.959 ], [ -11.905, 9.962 ], [ -11.905, 9.966 ], [ -11.903, 9.974 ], [ -11.902, 9.977 ], [ -11.901, 9.984 ], [ -11.897, 9.993 ], [ -11.897, 9.994 ], [ -11.898, 9.997 ], [ -11.896, 9.998 ], [ -11.895, 10.0 ], [ -11.752, 10.001 ], [ -11.753, 9.997 ], [ -11.752, 9.993 ], [ -11.752, 9.99 ], [ -11.752, 9.99 ], [ -11.753, 9.983 ], [ -11.754, 9.981 ], [ -11.755, 9.98 ], [ -11.756, 9.978 ], [ -11.756, 9.972 ], [ -11.76, 9.97 ], [ -11.763, 9.967 ], [ -11.764, 9.963 ], [ -11.764, 9.962 ], [ -11.763, 9.956 ], [ -11.76, 9.951 ], [ -11.759, 9.95 ], [ -11.759, 9.95 ], [ -11.759, 9.95 ], [ -11.761, 9.944 ], [ -11.76, 9.942 ], [ -11.76, 9.942 ], [ -11.76, 9.94 ], [ -11.759, 9.937 ], [ -11.76, 9.932 ], [ -11.755, 9.928 ], [ -11.754, 9.923 ], [ -11.755, 9.92 ], [ -11.759, 9.919 ], [ -11.758, 9.912 ], [ -11.759, 9.907 ], [ -11.758, 9.898 ], [ -11.758, 9.894 ], [ -11.761, 9.891 ], [ -11.761, 9.89 ], [ -11.759, 9.887 ], [ -11.756, 9.883 ], [ -11.756, 9.883 ], [ -11.756, 9.877 ], [ -11.758, 9.873 ], [ -11.76, 9.871 ], [ -11.756, 9.868 ], [ -11.755, 9.863 ], [ -11.755, 9.857 ], [ -11.751, 9.855 ], [ -11.754, 9.847 ], [ -11.755, 9.843 ], [ -11.754, 9.839 ], [ -11.753, 9.837 ], [ -11.753, 9.837 ], [ -11.749, 9.836 ], [ -11.744, 9.832 ], [ -11.738, 9.828 ], [ -11.735, 9.823 ], [ -11.735, 9.818 ], [ -11.734, 9.816 ], [ -11.734, 9.813 ], [ -11.73, 9.81 ], [ -11.725, 9.808 ], [ -11.721, 9.813 ], [ -11.718, 9.815 ], [ -11.715, 9.822 ], [ -11.71, 9.819 ], [ -11.708, 9.823 ], [ -11.701, 9.824 ], [ -11.701, 9.824 ], [ -11.7, 9.82 ], [ -11.696, 9.817 ], [ -11.694, 9.813 ], [ -11.69, 9.81 ], [ -11.687, 9.807 ], [ -11.687, 9.802 ], [ -11.684, 9.801 ], [ -11.682, 9.797 ], [ -11.681, 9.796 ], [ -11.681, 9.792 ], [ -11.678, 9.786 ], [ -11.677, 9.783 ], [ -11.676, 9.779 ], [ -11.678, 9.777 ], [ -11.68, 9.773 ], [ -11.68, 9.773 ], [ -11.683, 9.768 ], [ -11.685, 9.765 ], [ -11.687, 9.761 ], [ -11.688, 9.756 ], [ -11.687, 9.753 ], [ -11.687, 9.751 ], [ -11.686, 9.75 ], [ -11.681, 9.747 ], [ -11.674, 9.742 ], [ -11.67, 9.738 ], [ -11.662, 9.735 ], [ -11.655, 9.731 ], [ -11.652, 9.729 ], [ -11.648, 9.726 ], [ -11.643, 9.722 ], [ -11.639, 9.718 ], [ -11.63, 9.71 ], [ -11.631, 9.701 ], [ -11.633, 9.693 ], [ -11.634, 9.691 ], [ -11.635, 9.688 ], [ -11.636, 9.685 ], [ -11.637, 9.678 ], [ -11.637, 9.672 ], [ -11.637, 9.669 ], [ -11.637, 9.669 ], [ -11.634, 9.669 ], [ -11.628, 9.67 ], [ -11.622, 9.671 ], [ -11.619, 9.671 ], [ -11.617, 9.67 ], [ -11.617, 9.671 ], [ -11.612, 9.67 ], [ -11.609, 9.671 ], [ -11.608, 9.668 ], [ -11.607, 9.661 ], [ -11.606, 9.651 ], [ -11.605, 9.647 ], [ -11.604, 9.647 ], [ -11.603, 9.647 ], [ -11.597, 9.645 ], [ -11.591, 9.645 ], [ -11.585, 9.648 ], [ -11.579, 9.65 ], [ -11.578, 9.65 ], [ -11.577, 9.65 ], [ -11.57, 9.653 ], [ -11.566, 9.654 ], [ -11.563, 9.654 ], [ -11.562, 9.655 ], [ -11.561, 9.655 ], [ -11.554, 9.656 ], [ -11.547, 9.659 ], [ -11.54, 9.662 ], [ -11.537, 9.664 ], [ -11.534, 9.661 ], [ -11.529, 9.663 ], [ -11.525, 9.666 ], [ -11.523, 9.664 ], [ -11.518, 9.666 ], [ -11.513, 9.666 ], [ -11.515, 9.664 ], [ -11.514, 9.663 ], [ -11.514, 9.66 ], [ -11.514, 9.658 ], [ -11.513, 9.656 ], [ -11.512, 9.655 ], [ -11.514, 9.652 ], [ -11.513, 9.65 ], [ -11.512, 9.649 ], [ -11.512, 9.648 ], [ -11.513, 9.646 ], [ -11.513, 9.645 ], [ -11.511, 9.642 ], [ -11.51, 9.64 ], [ -11.503, 9.64 ], [ -11.496, 9.64 ], [ -11.487, 9.639 ], [ -11.481, 9.639 ], [ -11.476, 9.639 ], [ -11.473, 9.639 ], [ -11.471, 9.639 ], [ -11.469, 9.639 ], [ -11.469, 9.639 ], [ -11.464, 9.638 ], [ -11.46, 9.637 ], [ -11.454, 9.637 ], [ -11.45, 9.637 ], [ -11.447, 9.636 ], [ -11.445, 9.638 ], [ -11.443, 9.64 ], [ -11.441, 9.643 ], [ -11.433, 9.651 ], [ -11.431, 9.651 ], [ -11.428, 9.651 ], [ -11.423, 9.65 ], [ -11.418, 9.65 ], [ -11.413, 9.649 ], [ -11.408, 9.649 ], [ -11.401, 9.649 ], [ -11.396, 9.649 ], [ -11.389, 9.649 ], [ -11.388, 9.649 ], [ -11.381, 9.648 ], [ -11.375, 9.648 ], [ -11.373, 9.648 ], [ -11.374, 9.645 ], [ -11.376, 9.642 ], [ -11.376, 9.641 ], [ -11.376, 9.639 ], [ -11.374, 9.638 ], [ -11.369, 9.638 ], [ -11.362, 9.639 ], [ -11.357, 9.638 ], [ -11.354, 9.636 ], [ -11.353, 9.632 ], [ -11.351, 9.629 ], [ -11.348, 9.624 ], [ -11.348, 9.622 ], [ -11.348, 9.619 ], [ -11.346, 9.613 ], [ -11.346, 9.612 ], [ -11.345, 9.608 ], [ -11.343, 9.603 ], [ -11.343, 9.601 ], [ -11.348, 9.594 ], [ -11.351, 9.591 ], [ -11.354, 9.587 ], [ -11.355, 9.583 ], [ -11.357, 9.581 ], [ -11.36, 9.577 ], [ -11.367, 9.571 ], [ -11.369, 9.567 ], [ -11.369, 9.567 ], [ -11.366, 9.565 ], [ -11.362, 9.563 ], [ -11.357, 9.56 ], [ -11.351, 9.554 ], [ -11.348, 9.553 ], [ -11.345, 9.551 ], [ -11.339, 9.545 ], [ -11.336, 9.542 ], [ -11.331, 9.536 ], [ -11.327, 9.534 ], [ -11.327, 9.533 ], [ -11.328, 9.53 ], [ -11.327, 9.529 ], [ -11.328, 9.528 ], [ -11.329, 9.526 ], [ -11.329, 9.526 ], [ -11.33, 9.526 ], [ -11.332, 9.526 ], [ -11.333, 9.525 ], [ -11.331, 9.524 ], [ -11.329, 9.522 ], [ -11.329, 9.52 ], [ -11.33, 9.518 ], [ -11.332, 9.517 ], [ -11.331, 9.515 ], [ -11.332, 9.512 ], [ -11.331, 9.512 ], [ -11.331, 9.51 ], [ -11.332, 9.509 ], [ -11.334, 9.508 ], [ -11.334, 9.507 ], [ -11.332, 9.504 ], [ -11.333, 9.502 ], [ -11.334, 9.501 ], [ -11.335, 9.497 ], [ -11.335, 9.495 ], [ -11.335, 9.492 ], [ -11.335, 9.491 ], [ -11.336, 9.491 ], [ -11.338, 9.49 ], [ -11.345, 9.486 ], [ -11.351, 9.483 ], [ -11.357, 9.482 ], [ -11.362, 9.481 ], [ -11.368, 9.48 ], [ -11.373, 9.479 ], [ -11.378, 9.476 ], [ -11.383, 9.476 ], [ -11.383, 9.476 ], [ -11.386, 9.478 ], [ -11.389, 9.483 ], [ -11.393, 9.486 ], [ -11.394, 9.487 ], [ -11.404, 9.492 ], [ -11.411, 9.497 ], [ -11.414, 9.501 ], [ -11.419, 9.506 ], [ -11.424, 9.51 ], [ -11.429, 9.513 ], [ -11.432, 9.514 ], [ -11.432, 9.514 ], [ -11.433, 9.515 ], [ -11.442, 9.522 ], [ -11.446, 9.527 ], [ -11.45, 9.532 ], [ -11.453, 9.536 ], [ -11.453, 9.536 ], [ -11.458, 9.542 ], [ -11.458, 9.543 ], [ -11.459, 9.545 ], [ -11.46, 9.542 ], [ -11.464, 9.539 ], [ -11.467, 9.539 ], [ -11.47, 9.539 ], [ -11.474, 9.539 ], [ -11.476, 9.537 ], [ -11.478, 9.537 ], [ -11.479, 9.536 ], [ -11.481, 9.534 ], [ -11.483, 9.531 ], [ -11.485, 9.527 ], [ -11.489, 9.523 ], [ -11.492, 9.522 ], [ -11.496, 9.52 ], [ -11.5, 9.519 ], [ -11.503, 9.52 ], [ -11.51, 9.521 ], [ -11.514, 9.521 ], [ -11.518, 9.524 ], [ -11.522, 9.524 ], [ -11.524, 9.525 ], [ -11.529, 9.522 ], [ -11.532, 9.52 ], [ -11.534, 9.521 ], [ -11.536, 9.522 ], [ -11.535, 9.519 ], [ -11.535, 9.514 ], [ -11.537, 9.51 ], [ -11.537, 9.508 ], [ -11.538, 9.505 ], [ -11.538, 9.5 ], [ -11.538, 9.499 ], [ -11.54, 9.496 ], [ -11.542, 9.494 ], [ -11.544, 9.492 ], [ -11.549, 9.488 ], [ -11.551, 9.486 ], [ -11.553, 9.484 ], [ -11.556, 9.48 ], [ -11.557, 9.473 ], [ -11.558, 9.469 ], [ -11.559, 9.463 ], [ -11.555, 9.462 ], [ -11.551, 9.461 ], [ -11.55, 9.457 ], [ -11.55, 9.453 ], [ -11.547, 9.452 ], [ -11.545, 9.449 ], [ -11.545, 9.444 ], [ -11.545, 9.443 ], [ -11.544, 9.441 ], [ -11.543, 9.439 ], [ -11.542, 9.438 ], [ -11.541, 9.436 ], [ -11.54, 9.435 ], [ -11.539, 9.433 ], [ -11.539, 9.431 ], [ -11.539, 9.428 ], [ -11.539, 9.426 ], [ -11.539, 9.423 ], [ -11.54, 9.421 ], [ -11.542, 9.417 ], [ -11.542, 9.413 ], [ -11.541, 9.41 ], [ -11.539, 9.409 ], [ -11.536, 9.409 ], [ -11.534, 9.41 ], [ -11.532, 9.408 ], [ -11.532, 9.408 ], [ -11.532, 9.405 ], [ -11.535, 9.403 ], [ -11.537, 9.402 ], [ -11.537, 9.398 ], [ -11.536, 9.396 ], [ -11.54, 9.395 ], [ -11.54, 9.395 ], [ -11.538, 9.393 ], [ -11.538, 9.391 ], [ -11.536, 9.389 ], [ -11.539, 9.386 ], [ -11.543, 9.382 ], [ -11.541, 9.38 ], [ -11.542, 9.377 ], [ -11.54, 9.375 ], [ -11.537, 9.372 ], [ -11.537, 9.372 ], [ -11.534, 9.372 ], [ -11.528, 9.373 ], [ -11.524, 9.374 ], [ -11.518, 9.375 ], [ -11.514, 9.376 ], [ -11.512, 9.376 ], [ -11.508, 9.376 ], [ -11.505, 9.376 ], [ -11.497, 9.375 ], [ -11.486, 9.375 ], [ -11.482, 9.375 ], [ -11.477, 9.375 ], [ -11.476, 9.375 ], [ -11.473, 9.375 ], [ -11.472, 9.376 ], [ -11.468, 9.375 ], [ -11.465, 9.375 ], [ -11.463, 9.373 ], [ -11.461, 9.37 ], [ -11.461, 9.37 ], [ -11.458, 9.364 ], [ -11.458, 9.364 ], [ -11.456, 9.36 ], [ -11.455, 9.354 ], [ -11.455, 9.354 ], [ -11.451, 9.35 ], [ -11.451, 9.35 ], [ -11.449, 9.345 ], [ -11.446, 9.343 ], [ -11.445, 9.342 ], [ -11.446, 9.337 ], [ -11.446, 9.336 ], [ -11.448, 9.332 ], [ -11.449, 9.328 ], [ -11.45, 9.319 ], [ -11.449, 9.311 ], [ -11.447, 9.309 ], [ -11.443, 9.306 ], [ -11.434, 9.301 ], [ -11.426, 9.296 ], [ -11.418, 9.289 ], [ -11.409, 9.281 ], [ -11.402, 9.276 ], [ -11.4, 9.273 ], [ -11.394, 9.268 ], [ -11.393, 9.267 ], [ -11.393, 9.267 ], [ -11.392, 9.264 ], [ -11.39, 9.261 ], [ -11.389, 9.26 ], [ -11.389, 9.259 ], [ -11.387, 9.256 ], [ -11.39, 9.248 ], [ -11.393, 9.24 ], [ -11.397, 9.232 ], [ -11.397, 9.229 ], [ -11.398, 9.228 ], [ -11.398, 9.226 ], [ -11.401, 9.217 ], [ -11.402, 9.212 ], [ -11.404, 9.205 ], [ -11.404, 9.203 ], [ -11.406, 9.196 ], [ -11.406, 9.195 ], [ -11.408, 9.191 ], [ -11.41, 9.187 ], [ -11.413, 9.182 ], [ -11.418, 9.178 ], [ -11.413, 9.177 ], [ -11.398, 9.177 ], [ -11.386, 9.178 ], [ -11.385, 9.19 ], [ -11.373, 9.19 ], [ -11.34, 9.19 ], [ -11.337, 9.195 ], [ -11.329, 9.201 ], [ -11.325, 9.203 ], [ -11.322, 9.203 ], [ -11.314, 9.203 ], [ -11.309, 9.203 ], [ -11.299, 9.204 ], [ -11.284, 9.205 ], [ -11.283, 9.205 ], [ -11.266, 9.208 ], [ -11.259, 9.209 ], [ -11.255, 9.212 ], [ -11.249, 9.216 ], [ -11.247, 9.214 ], [ -11.244, 9.209 ], [ -11.244, 9.2 ], [ -11.244, 9.2 ], [ -11.244, 9.198 ], [ -11.25, 9.196 ], [ -11.251, 9.192 ], [ -11.251, 9.19 ], [ -11.248, 9.187 ], [ -11.249, 9.183 ], [ -11.251, 9.178 ], [ -11.252, 9.172 ], [ -11.253, 9.166 ], [ -11.253, 9.16 ], [ -11.251, 9.154 ], [ -11.248, 9.153 ], [ -11.245, 9.151 ], [ -11.244, 9.15 ], [ -11.243, 9.149 ], [ -11.239, 9.147 ], [ -11.238, 9.146 ], [ -11.234, 9.15 ], [ -11.229, 9.151 ], [ -11.228, 9.15 ], [ -11.227, 9.15 ], [ -11.225, 9.149 ], [ -11.222, 9.146 ], [ -11.222, 9.145 ], [ -11.218, 9.143 ], [ -11.217, 9.142 ], [ -11.214, 9.14 ], [ -11.214, 9.135 ], [ -11.216, 9.13 ], [ -11.215, 9.128 ], [ -11.215, 9.128 ], [ -11.211, 9.128 ], [ -11.209, 9.128 ], [ -11.207, 9.134 ], [ -11.203, 9.137 ], [ -11.179, 9.179 ], [ -11.118, 9.115 ], [ -11.118, 9.115 ], [ -11.093, 9.082 ], [ -11.095, 9.077 ], [ -11.095, 9.077 ], [ -11.1, 9.071 ], [ -11.102, 9.066 ], [ -11.104, 9.065 ], [ -11.108, 9.067 ], [ -11.109, 9.067 ], [ -11.111, 9.066 ], [ -11.118, 9.06 ], [ -11.123, 9.051 ], [ -11.125, 9.051 ], [ -11.132, 9.053 ], [ -11.153, 9.052 ], [ -11.154, 9.048 ], [ -11.156, 9.046 ], [ -11.156, 9.045 ], [ -11.155, 9.044 ], [ -11.154, 9.042 ], [ -11.153, 9.039 ], [ -11.151, 9.038 ], [ -11.149, 9.034 ], [ -11.149, 9.032 ], [ -11.148, 9.027 ], [ -11.148, 9.023 ], [ -11.148, 9.02 ], [ -11.149, 9.019 ], [ -11.147, 9.017 ], [ -11.143, 9.012 ], [ -11.139, 9.009 ], [ -11.137, 9.009 ], [ -11.136, 9.009 ], [ -11.135, 9.003 ], [ -11.134, 9.0 ], [ -11.13, 8.998 ], [ -11.127, 8.997 ], [ -11.125, 8.992 ], [ -11.125, 8.991 ], [ -11.125, 8.986 ], [ -11.126, 8.982 ], [ -11.124, 8.978 ], [ -11.124, 8.978 ], [ -11.125, 8.976 ], [ -11.126, 8.974 ], [ -11.127, 8.971 ], [ -11.129, 8.969 ], [ -11.131, 8.967 ], [ -11.133, 8.967 ], [ -11.135, 8.967 ], [ -11.138, 8.966 ], [ -11.14, 8.965 ], [ -11.142, 8.964 ], [ -11.143, 8.962 ], [ -11.145, 8.96 ], [ -11.146, 8.959 ], [ -11.147, 8.956 ], [ -11.147, 8.954 ], [ -11.146, 8.953 ], [ -11.146, 8.951 ], [ -11.146, 8.949 ], [ -11.145, 8.945 ], [ -11.145, 8.943 ], [ -11.145, 8.942 ], [ -11.146, 8.94 ], [ -11.147, 8.939 ], [ -11.149, 8.937 ], [ -11.151, 8.936 ], [ -11.152, 8.935 ], [ -11.154, 8.934 ], [ -11.156, 8.933 ], [ -11.157, 8.931 ], [ -11.158, 8.93 ], [ -11.159, 8.929 ], [ -11.161, 8.926 ], [ -11.161, 8.925 ], [ -11.162, 8.923 ], [ -11.163, 8.923 ], [ -11.165, 8.923 ], [ -11.167, 8.925 ], [ -11.168, 8.927 ], [ -11.169, 8.929 ], [ -11.171, 8.932 ], [ -11.172, 8.934 ], [ -11.174, 8.935 ], [ -11.177, 8.936 ], [ -11.179, 8.936 ], [ -11.179, 8.936 ], [ -11.185, 8.938 ], [ -11.189, 8.937 ], [ -11.191, 8.936 ], [ -11.193, 8.935 ], [ -11.196, 8.933 ], [ -11.2, 8.93 ], [ -11.201, 8.93 ], [ -11.203, 8.93 ], [ -11.206, 8.93 ], [ -11.209, 8.931 ], [ -11.212, 8.932 ], [ -11.215, 8.933 ], [ -11.218, 8.934 ], [ -11.221, 8.936 ], [ -11.223, 8.936 ], [ -11.223, 8.936 ], [ -11.224, 8.935 ], [ -11.225, 8.933 ], [ -11.227, 8.932 ], [ -11.228, 8.931 ], [ -11.231, 8.931 ], [ -11.232, 8.93 ], [ -11.235, 8.93 ], [ -11.235, 8.93 ], [ -11.237, 8.93 ], [ -11.237, 8.928 ], [ -11.238, 8.927 ], [ -11.238, 8.925 ], [ -11.24, 8.924 ], [ -11.241, 8.922 ], [ -11.241, 8.922 ], [ -11.242, 8.922 ], [ -11.242, 8.92 ], [ -11.244, 8.918 ], [ -11.245, 8.916 ], [ -11.247, 8.914 ], [ -11.25, 8.912 ], [ -11.252, 8.911 ], [ -11.254, 8.909 ], [ -11.256, 8.909 ], [ -11.256, 8.909 ], [ -11.257, 8.908 ], [ -11.258, 8.907 ], [ -11.256, 8.905 ], [ -11.255, 8.905 ], [ -11.253, 8.905 ], [ -11.252, 8.906 ], [ -11.25, 8.907 ], [ -11.249, 8.908 ], [ -11.248, 8.907 ], [ -11.248, 8.906 ], [ -11.248, 8.905 ], [ -11.249, 8.904 ], [ -11.25, 8.902 ], [ -11.251, 8.9 ], [ -11.252, 8.899 ], [ -11.253, 8.897 ], [ -11.254, 8.894 ], [ -11.254, 8.892 ], [ -11.253, 8.89 ], [ -11.258, 8.883 ], [ -11.259, 8.882 ], [ -11.263, 8.874 ], [ -11.269, 8.862 ], [ -11.275, 8.86 ], [ -11.284, 8.86 ], [ -11.293, 8.859 ], [ -11.296, 8.854 ], [ -11.297, 8.844 ], [ -11.298, 8.841 ], [ -11.299, 8.832 ], [ -11.306, 8.821 ], [ -11.306, 8.819 ], [ -11.305, 8.814 ], [ -11.303, 8.807 ], [ -11.306, 8.801 ], [ -11.311, 8.797 ], [ -11.32, 8.792 ], [ -11.326, 8.787 ], [ -11.328, 8.785 ], [ -11.328, 8.785 ], [ -11.33, 8.784 ], [ -11.334, 8.78 ], [ -11.34, 8.775 ], [ -11.34, 8.774 ], [ -11.34, 8.774 ], [ -11.34, 8.774 ], [ -11.34, 8.766 ], [ -11.339, 8.762 ], [ -11.34, 8.759 ], [ -11.342, 8.756 ], [ -11.341, 8.753 ], [ -11.34, 8.751 ], [ -11.341, 8.749 ], [ -11.342, 8.747 ], [ -11.344, 8.747 ], [ -11.345, 8.744 ], [ -11.347, 8.741 ], [ -11.347, 8.741 ], [ -11.348, 8.739 ], [ -11.348, 8.737 ], [ -11.347, 8.732 ], [ -11.348, 8.729 ], [ -11.347, 8.725 ], [ -11.347, 8.724 ] ], [ [ -11.604, 9.644 ], [ -11.603, 9.644 ], [ -11.603, 9.644 ], [ -11.604, 9.644 ] ] ] ] } },
{ "type": "Feature", "properties": { "NEW_DIST": "Kono", "NEW_PROV": "Eastern", "CS_Pro_Num": 1, "CS_Pro_Nam": "Eastern", "CS_Dis_Num": 13, "CS_Dis_Nam": "Kono", "layer": "Kono District" }, "geometry": { "type": "MultiPolygon", "coordinates": [ [ [ [ -11.025, 8.354 ], [ -11.033, 8.348 ], [ -11.034, 8.347 ], [ -11.041, 8.34 ], [ -11.046, 8.337 ], [ -11.051, 8.335 ], [ -11.055, 8.335 ], [ -11.058, 8.335 ], [ -11.061, 8.334 ], [ -11.063, 8.336 ], [ -11.064, 8.34 ], [ -11.067, 8.344 ], [ -11.069, 8.347 ], [ -11.072, 8.348 ], [ -11.077, 8.347 ], [ -11.081, 8.344 ], [ -11.086, 8.339 ], [ -11.088, 8.339 ], [ -11.093, 8.344 ], [ -11.097, 8.345 ], [ -11.101, 8.346 ], [ -11.101, 8.346 ], [ -11.109, 8.346 ], [ -11.118, 8.34 ], [ -11.124, 8.341 ], [ -11.126, 8.34 ], [ -11.134, 8.34 ], [ -11.137, 8.34 ], [ -11.141, 8.344 ], [ -11.146, 8.352 ], [ -11.147, 8.353 ], [ -11.147, 8.354 ], [ -11.148, 8.354 ], [ -11.149, 8.355 ], [ -11.152, 8.356 ], [ -11.155, 8.356 ], [ -11.159, 8.358 ], [ -11.161, 8.359 ], [ -11.163, 8.36 ], [ -11.163, 8.361 ], [ -11.167, 8.362 ], [ -11.168, 8.362 ], [ -11.172, 8.363 ], [ -11.175, 8.364 ], [ -11.178, 8.364 ], [ -11.178, 8.364 ], [ -11.184, 8.364 ], [ -11.185, 8.364 ], [ -11.193, 8.364 ], [ -11.198, 8.362 ], [ -11.206, 8.355 ], [ -11.215, 8.344 ], [ -11.224, 8.334 ], [ -11.227, 8.335 ], [ -11.23, 8.337 ], [ -11.238, 8.344 ], [ -11.242, 8.354 ], [ -11.24, 8.364 ], [ -11.233, 8.363 ], [ -11.237, 8.37 ], [ -11.24, 8.374 ], [ -11.243, 8.382 ], [ -11.245, 8.388 ], [ -11.249, 8.396 ], [ -11.249, 8.398 ], [ -11.25, 8.401 ], [ -11.25, 8.402 ], [ -11.249, 8.403 ], [ -11.248, 8.406 ], [ -11.247, 8.41 ], [ -11.247, 8.412 ], [ -11.248, 8.413 ], [ -11.25, 8.421 ], [ -11.251, 8.422 ], [ -11.251, 8.431 ], [ -11.248, 8.434 ], [ -11.246, 8.434 ], [ -11.242, 8.436 ], [ -11.239, 8.44 ], [ -11.238, 8.443 ], [ -11.233, 8.448 ], [ -11.231, 8.449 ], [ -11.231, 8.449 ], [ -11.232, 8.45 ], [ -11.238, 8.457 ], [ -11.243, 8.463 ], [ -11.243, 8.463 ], [ -11.246, 8.466 ], [ -11.249, 8.479 ], [ -11.25, 8.485 ], [ -11.25, 8.485 ], [ -11.251, 8.486 ], [ -11.254, 8.488 ], [ -11.252, 8.491 ], [ -11.251, 8.492 ], [ -11.251, 8.494 ], [ -11.251, 8.499 ], [ -11.252, 8.502 ], [ -11.255, 8.504 ], [ -11.255, 8.506 ], [ -11.255, 8.508 ], [ -11.257, 8.509 ], [ -11.258, 8.512 ], [ -11.258, 8.512 ], [ -11.258, 8.513 ], [ -11.259, 8.514 ], [ -11.26, 8.514 ], [ -11.26, 8.514 ], [ -11.262, 8.513 ], [ -11.263, 8.513 ], [ -11.263, 8.514 ], [ -11.264, 8.515 ], [ -11.264, 8.516 ], [ -11.264, 8.516 ], [ -11.265, 8.516 ], [ -11.265, 8.515 ], [ -11.266, 8.514 ], [ -11.267, 8.514 ], [ -11.268, 8.515 ], [ -11.269, 8.516 ], [ -11.27, 8.516 ], [ -11.271, 8.516 ], [ -11.272, 8.516 ], [ -11.274, 8.515 ], [ -11.274, 8.516 ], [ -11.277, 8.517 ], [ -11.279, 8.52 ], [ -11.281, 8.523 ], [ -11.282, 8.526 ], [ -11.285, 8.529 ], [ -11.285, 8.529 ], [ -11.286, 8.528 ], [ -11.29, 8.525 ], [ -11.294, 8.522 ], [ -11.301, 8.526 ], [ -11.306, 8.524 ], [ -11.309, 8.524 ], [ -11.31, 8.523 ], [ -11.312, 8.522 ], [ -11.312, 8.523 ], [ -11.312, 8.522 ], [ -11.313, 8.522 ], [ -11.316, 8.52 ], [ -11.318, 8.517 ], [ -11.321, 8.512 ], [ -11.323, 8.507 ], [ -11.326, 8.5 ], [ -11.334, 8.497 ], [ -11.334, 8.497 ], [ -11.334, 8.498 ], [ -11.338, 8.498 ], [ -11.338, 8.502 ], [ -11.338, 8.509 ], [ -11.338, 8.513 ], [ -11.338, 8.519 ], [ -11.338, 8.521 ], [ -11.34, 8.522 ], [ -11.339, 8.526 ], [ -11.343, 8.526 ], [ -11.345, 8.534 ], [ -11.345, 8.535 ], [ -11.348, 8.543 ], [ -11.354, 8.547 ], [ -11.355, 8.548 ], [ -11.358, 8.552 ], [ -11.357, 8.555 ], [ -11.356, 8.555 ], [ -11.355, 8.555 ], [ -11.352, 8.553 ], [ -11.351, 8.554 ], [ -11.349, 8.555 ], [ -11.345, 8.558 ], [ -11.344, 8.56 ], [ -11.342, 8.562 ], [ -11.339, 8.565 ], [ -11.339, 8.569 ], [ -11.34, 8.57 ], [ -11.34, 8.572 ], [ -11.337, 8.575 ], [ -11.338, 8.578 ], [ -11.338, 8.583 ], [ -11.339, 8.585 ], [ -11.339, 8.585 ], [ -11.34, 8.588 ], [ -11.342, 8.591 ], [ -11.341, 8.595 ], [ -11.342, 8.596 ], [ -11.343, 8.599 ], [ -11.345, 8.599 ], [ -11.346, 8.602 ], [ -11.346, 8.604 ], [ -11.346, 8.607 ], [ -11.35, 8.614 ], [ -11.349, 8.62 ], [ -11.351, 8.621 ], [ -11.352, 8.624 ], [ -11.353, 8.627 ], [ -11.352, 8.631 ], [ -11.353, 8.632 ], [ -11.35, 8.637 ], [ -11.351, 8.642 ], [ -11.348, 8.642 ], [ -11.347, 8.646 ], [ -11.349, 8.647 ], [ -11.35, 8.652 ], [ -11.351, 8.655 ], [ -11.351, 8.66 ], [ -11.341, 8.661 ], [ -11.341, 8.661 ], [ -11.334, 8.665 ], [ -11.341, 8.676 ], [ -11.343, 8.683 ], [ -11.343, 8.685 ], [ -11.345, 8.688 ], [ -11.347, 8.691 ], [ -11.348, 8.696 ], [ -11.349, 8.701 ], [ -11.349, 8.701 ], [ -11.347, 8.705 ], [ -11.348, 8.708 ], [ -11.347, 8.711 ], [ -11.347, 8.712 ], [ -11.349, 8.715 ], [ -11.349, 8.717 ], [ -11.347, 8.725 ], [ -11.348, 8.729 ], [ -11.347, 8.732 ], [ -11.347, 8.732 ], [ -11.348, 8.737 ], [ -11.348, 8.739 ], [ -11.347, 8.741 ], [ -11.345, 8.744 ], [ -11.344, 8.747 ], [ -11.342, 8.747 ], [ -11.341, 8.749 ], [ -11.34, 8.751 ], [ -11.341, 8.753 ], [ -11.342, 8.756 ], [ -11.34, 8.759 ], [ -11.34, 8.759 ], [ -11.339, 8.762 ], [ -11.34, 8.766 ], [ -11.34, 8.775 ], [ -11.334, 8.78 ], [ -11.33, 8.783 ], [ -11.33, 8.784 ], [ -11.328, 8.785 ], [ -11.326, 8.787 ], [ -11.32, 8.792 ], [ -11.311, 8.797 ], [ -11.306, 8.801 ], [ -11.306, 8.801 ], [ -11.303, 8.807 ], [ -11.305, 8.814 ], [ -11.306, 8.821 ], [ -11.299, 8.832 ], [ -11.298, 8.839 ], [ -11.298, 8.841 ], [ -11.297, 8.844 ], [ -11.296, 8.854 ], [ -11.293, 8.859 ], [ -11.284, 8.86 ], [ -11.275, 8.86 ], [ -11.269, 8.862 ], [ -11.263, 8.874 ], [ -11.258, 8.883 ], [ -11.257, 8.884 ], [ -11.253, 8.89 ], [ -11.254, 8.892 ], [ -11.254, 8.894 ], [ -11.253, 8.897 ], [ -11.251, 8.9 ], [ -11.25, 8.902 ], [ -11.249, 8.904 ], [ -11.248, 8.905 ], [ -11.248, 8.906 ], [ -11.248, 8.907 ], [ -11.249, 8.908 ], [ -11.25, 8.907 ], [ -11.252, 8.906 ], [ -11.253, 8.905 ], [ -11.255, 8.905 ], [ -11.256, 8.905 ], [ -11.258, 8.907 ], [ -11.257, 8.908 ], [ -11.256, 8.909 ], [ -11.256, 8.909 ], [ -11.254, 8.909 ], [ -11.252, 8.911 ], [ -11.25, 8.912 ], [ -11.247, 8.914 ], [ -11.245, 8.916 ], [ -11.244, 8.918 ], [ -11.242, 8.92 ], [ -11.242, 8.922 ], [ -11.241, 8.922 ], [ -11.241, 8.922 ], [ -11.24, 8.924 ], [ -11.238, 8.925 ], [ -11.238, 8.927 ], [ -11.237, 8.928 ], [ -11.237, 8.93 ], [ -11.235, 8.93 ], [ -11.232, 8.93 ], [ -11.231, 8.931 ], [ -11.228, 8.931 ], [ -11.227, 8.932 ], [ -11.226, 8.932 ], [ -11.225, 8.933 ], [ -11.224, 8.935 ], [ -11.223, 8.936 ], [ -11.221, 8.936 ], [ -11.218, 8.934 ], [ -11.215, 8.933 ], [ -11.212, 8.932 ], [ -11.209, 8.931 ], [ -11.206, 8.93 ], [ -11.203, 8.93 ], [ -11.201, 8.93 ], [ -11.2, 8.93 ], [ -11.196, 8.933 ], [ -11.193, 8.935 ], [ -11.191, 8.936 ], [ -11.189, 8.937 ], [ -11.185, 8.938 ], [ -11.179, 8.936 ], [ -11.177, 8.936 ], [ -11.174, 8.935 ], [ -11.172, 8.934 ], [ -11.171, 8.932 ], [ -11.169, 8.929 ], [ -11.168, 8.927 ], [ -11.167, 8.925 ], [ -11.165, 8.923 ], [ -11.163, 8.923 ], [ -11.162, 8.923 ], [ -11.161, 8.925 ], [ -11.161, 8.926 ], [ -11.159, 8.929 ], [ -11.158, 8.93 ], [ -11.157, 8.931 ], [ -11.156, 8.933 ], [ -11.154, 8.934 ], [ -11.152, 8.935 ], [ -11.151, 8.936 ], [ -11.149, 8.937 ], [ -11.147, 8.939 ], [ -11.146, 8.94 ], [ -11.145, 8.942 ], [ -11.145, 8.943 ], [ -11.145, 8.945 ], [ -11.146, 8.949 ], [ -11.146, 8.951 ], [ -11.146, 8.953 ], [ -11.147, 8.954 ], [ -11.147, 8.956 ], [ -11.146, 8.959 ], [ -11.145, 8.96 ], [ -11.143, 8.962 ], [ -11.142, 8.964 ], [ -11.14, 8.965 ], [ -11.138, 8.966 ], [ -11.135, 8.967 ], [ -11.133, 8.967 ], [ -11.131, 8.967 ], [ -11.129, 8.969 ], [ -11.127, 8.971 ], [ -11.126, 8.974 ], [ -11.125, 8.976 ], [ -11.124, 8.978 ], [ -11.124, 8.978 ], [ -11.126, 8.982 ], [ -11.125, 8.986 ], [ -11.125, 8.991 ], [ -11.125, 8.993 ], [ -11.127, 8.997 ], [ -11.13, 8.998 ], [ -11.134, 9.0 ], [ -11.136, 9.009 ], [ -11.137, 9.01 ], [ -11.135, 9.015 ], [ -11.127, 9.022 ], [ -11.124, 9.026 ], [ -11.122, 9.031 ], [ -11.123, 9.033 ], [ -11.123, 9.033 ], [ -11.122, 9.039 ], [ -11.122, 9.039 ], [ -11.12, 9.041 ], [ -11.091, 9.066 ], [ -11.084, 9.063 ], [ -11.083, 9.063 ], [ -11.082, 9.065 ], [ -11.082, 9.066 ], [ -11.082, 9.067 ], [ -11.082, 9.069 ], [ -11.082, 9.07 ], [ -11.081, 9.07 ], [ -11.08, 9.071 ], [ -11.079, 9.071 ], [ -11.078, 9.072 ], [ -11.078, 9.072 ], [ -11.077, 9.073 ], [ -11.076, 9.074 ], [ -11.074, 9.075 ], [ -11.072, 9.076 ], [ -11.071, 9.076 ], [ -11.071, 9.076 ], [ -11.07, 9.076 ], [ -11.069, 9.076 ], [ -11.067, 9.076 ], [ -11.062, 9.077 ], [ -11.06, 9.077 ], [ -11.058, 9.077 ], [ -11.055, 9.077 ], [ -11.051, 9.075 ], [ -11.046, 9.073 ], [ -11.041, 9.071 ], [ -11.037, 9.069 ], [ -11.035, 9.068 ], [ -11.035, 9.067 ], [ -11.031, 9.066 ], [ -11.03, 9.065 ], [ -11.028, 9.064 ], [ -11.027, 9.064 ], [ -11.024, 9.062 ], [ -11.02, 9.06 ], [ -11.016, 9.058 ], [ -11.015, 9.058 ], [ -11.014, 9.058 ], [ -11.012, 9.057 ], [ -11.005, 9.06 ], [ -11.005, 9.061 ], [ -10.998, 9.054 ], [ -10.998, 9.054 ], [ -10.994, 9.052 ], [ -10.988, 9.047 ], [ -10.981, 9.043 ], [ -10.977, 9.041 ], [ -10.977, 9.041 ], [ -10.972, 9.039 ], [ -10.969, 9.039 ], [ -10.965, 9.037 ], [ -10.963, 9.036 ], [ -10.963, 9.036 ], [ -10.953, 9.031 ], [ -10.938, 9.025 ], [ -10.929, 9.018 ], [ -10.927, 9.017 ], [ -10.913, 9.008 ], [ -10.918, 9.001 ], [ -10.921, 8.997 ], [ -10.924, 8.994 ], [ -10.928, 8.989 ], [ -10.931, 8.987 ], [ -10.932, 8.986 ], [ -10.932, 8.985 ], [ -10.931, 8.983 ], [ -10.931, 8.982 ], [ -10.93, 8.981 ], [ -10.929, 8.979 ], [ -10.928, 8.978 ], [ -10.927, 8.977 ], [ -10.926, 8.976 ], [ -10.926, 8.975 ], [ -10.925, 8.975 ], [ -10.925, 8.974 ], [ -10.925, 8.973 ], [ -10.924, 8.972 ], [ -10.923, 8.972 ], [ -10.922, 8.97 ], [ -10.921, 8.968 ], [ -10.92, 8.967 ], [ -10.92, 8.966 ], [ -10.918, 8.964 ], [ -10.918, 8.963 ], [ -10.917, 8.963 ], [ -10.916, 8.962 ], [ -10.915, 8.961 ], [ -10.915, 8.96 ], [ -10.914, 8.959 ], [ -10.914, 8.958 ], [ -10.913, 8.958 ], [ -10.911, 8.958 ], [ -10.91, 8.96 ], [ -10.908, 8.962 ], [ -10.906, 8.965 ], [ -10.902, 8.969 ], [ -10.899, 8.973 ], [ -10.898, 8.974 ], [ -10.897, 8.974 ], [ -10.896, 8.974 ], [ -10.894, 8.971 ], [ -10.892, 8.969 ], [ -10.89, 8.967 ], [ -10.887, 8.964 ], [ -10.885, 8.961 ], [ -10.883, 8.958 ], [ -10.881, 8.956 ], [ -10.876, 8.954 ], [ -10.877, 8.953 ], [ -10.876, 8.951 ], [ -10.874, 8.949 ], [ -10.874, 8.949 ], [ -10.873, 8.949 ], [ -10.873, 8.949 ], [ -10.868, 8.951 ], [ -10.853, 8.955 ], [ -10.844, 8.948 ], [ -10.836, 8.938 ], [ -10.826, 8.936 ], [ -10.816, 8.935 ], [ -10.815, 8.935 ], [ -10.807, 8.934 ], [ -10.805, 8.935 ], [ -10.803, 8.934 ], [ -10.8, 8.934 ], [ -10.796, 8.937 ], [ -10.79, 8.943 ], [ -10.786, 8.943 ], [ -10.781, 8.944 ], [ -10.776, 8.94 ], [ -10.769, 8.94 ], [ -10.761, 8.935 ], [ -10.756, 8.933 ], [ -10.754, 8.934 ], [ -10.748, 8.937 ], [ -10.741, 8.939 ], [ -10.738, 8.933 ], [ -10.729, 8.931 ], [ -10.717, 8.935 ], [ -10.704, 8.936 ], [ -10.703, 8.936 ], [ -10.692, 8.936 ], [ -10.69, 8.936 ], [ -10.674, 8.935 ], [ -10.674, 8.936 ], [ -10.674, 8.937 ], [ -10.674, 8.945 ], [ -10.675, 8.956 ], [ -10.676, 8.958 ], [ -10.677, 8.96 ], [ -10.679, 8.963 ], [ -10.687, 8.965 ], [ -10.694, 8.966 ], [ -10.694, 8.97 ], [ -10.694, 8.972 ], [ -10.687, 8.982 ], [ -10.685, 8.987 ], [ -10.682, 8.995 ], [ -10.684, 9.002 ], [ -10.682, 9.009 ], [ -10.679, 9.009 ], [ -10.678, 9.015 ], [ -10.677, 9.016 ], [ -10.673, 9.018 ], [ -10.663, 9.02 ], [ -10.66, 9.021 ], [ -10.65, 9.023 ], [ -10.647, 9.024 ], [ -10.642, 9.025 ], [ -10.636, 9.029 ], [ -10.631, 9.033 ], [ -10.629, 9.035 ], [ -10.626, 9.037 ], [ -10.625, 9.038 ], [ -10.622, 9.042 ], [ -10.615, 9.041 ], [ -10.609, 9.041 ], [ -10.604, 9.042 ], [ -10.6, 9.042 ], [ -10.597, 9.041 ], [ -10.589, 9.043 ], [ -10.586, 9.045 ], [ -10.584, 9.045 ], [ -10.581, 9.047 ], [ -10.579, 9.048 ], [ -10.578, 9.047 ], [ -10.578, 9.047 ], [ -10.576, 9.046 ], [ -10.575, 9.046 ], [ -10.574, 9.046 ], [ -10.574, 9.045 ], [ -10.574, 9.044 ], [ -10.574, 9.043 ], [ -10.575, 9.042 ], [ -10.575, 9.041 ], [ -10.575, 9.039 ], [ -10.576, 9.039 ], [ -10.577, 9.038 ], [ -10.577, 9.037 ], [ -10.578, 9.035 ], [ -10.578, 9.033 ], [ -10.579, 9.032 ], [ -10.581, 9.03 ], [ -10.581, 9.029 ], [ -10.58, 9.028 ], [ -10.58, 9.027 ], [ -10.58, 9.026 ], [ -10.58, 9.025 ], [ -10.581, 9.023 ], [ -10.581, 9.022 ], [ -10.581, 9.021 ], [ -10.58, 9.019 ], [ -10.579, 9.018 ], [ -10.58, 9.016 ], [ -10.58, 9.015 ], [ -10.581, 9.015 ], [ -10.582, 9.016 ], [ -10.583, 9.015 ], [ -10.583, 9.015 ], [ -10.583, 9.014 ], [ -10.584, 9.013 ], [ -10.586, 9.012 ], [ -10.587, 9.012 ], [ -10.588, 9.012 ], [ -10.588, 9.011 ], [ -10.588, 9.01 ], [ -10.589, 9.009 ], [ -10.589, 9.009 ], [ -10.589, 9.008 ], [ -10.589, 9.007 ], [ -10.589, 9.006 ], [ -10.588, 9.005 ], [ -10.587, 9.004 ], [ -10.586, 9.004 ], [ -10.586, 9.003 ], [ -10.586, 9.002 ], [ -10.586, 9.001 ], [ -10.587, 9.0 ], [ -10.588, 9.0 ], [ -10.588, 8.999 ], [ -10.589, 8.999 ], [ -10.589, 8.998 ], [ -10.59, 8.997 ], [ -10.59, 8.996 ], [ -10.59, 8.995 ], [ -10.59, 8.995 ], [ -10.591, 8.994 ], [ -10.591, 8.992 ], [ -10.592, 8.991 ], [ -10.592, 8.989 ], [ -10.591, 8.987 ], [ -10.591, 8.986 ], [ -10.59, 8.984 ], [ -10.589, 8.983 ], [ -10.59, 8.981 ], [ -10.59, 8.98 ], [ -10.59, 8.979 ], [ -10.59, 8.978 ], [ -10.59, 8.977 ], [ -10.59, 8.976 ], [ -10.589, 8.974 ], [ -10.589, 8.973 ], [ -10.589, 8.972 ], [ -10.588, 8.971 ], [ -10.588, 8.97 ], [ -10.589, 8.969 ], [ -10.589, 8.968 ], [ -10.589, 8.967 ], [ -10.589, 8.965 ], [ -10.588, 8.964 ], [ -10.588, 8.963 ], [ -10.587, 8.964 ], [ -10.586, 8.964 ], [ -10.585, 8.964 ], [ -10.586, 8.962 ], [ -10.586, 8.962 ], [ -10.585, 8.961 ], [ -10.585, 8.961 ], [ -10.585, 8.96 ], [ -10.585, 8.959 ], [ -10.586, 8.959 ], [ -10.587, 8.959 ], [ -10.587, 8.959 ], [ -10.588, 8.959 ], [ -10.589, 8.959 ], [ -10.589, 8.958 ], [ -10.589, 8.958 ], [ -10.589, 8.957 ], [ -10.589, 8.957 ], [ -10.588, 8.957 ], [ -10.588, 8.957 ], [ -10.587, 8.956 ], [ -10.586, 8.954 ], [ -10.586, 8.954 ], [ -10.585, 8.953 ], [ -10.583, 8.945 ], [ -10.584, 8.943 ], [ -10.583, 8.942 ], [ -10.584, 8.941 ], [ -10.583, 8.94 ], [ -10.583, 8.937 ], [ -10.581, 8.933 ], [ -10.582, 8.932 ], [ -10.58, 8.931 ], [ -10.577, 8.929 ], [ -10.578, 8.927 ], [ -10.578, 8.926 ], [ -10.578, 8.925 ], [ -10.578, 8.925 ], [ -10.578, 8.924 ], [ -10.578, 8.923 ], [ -10.578, 8.923 ], [ -10.577, 8.923 ], [ -10.576, 8.922 ], [ -10.576, 8.922 ], [ -10.575, 8.921 ], [ -10.575, 8.92 ], [ -10.575, 8.918 ], [ -10.575, 8.917 ], [ -10.575, 8.916 ], [ -10.575, 8.915 ], [ -10.575, 8.914 ], [ -10.575, 8.912 ], [ -10.574, 8.911 ], [ -10.574, 8.911 ], [ -10.574, 8.91 ], [ -10.573, 8.908 ], [ -10.574, 8.908 ], [ -10.575, 8.907 ], [ -10.575, 8.906 ], [ -10.574, 8.905 ], [ -10.575, 8.904 ], [ -10.575, 8.903 ], [ -10.575, 8.902 ], [ -10.576, 8.9 ], [ -10.576, 8.899 ], [ -10.576, 8.898 ], [ -10.575, 8.897 ], [ -10.575, 8.896 ], [ -10.576, 8.896 ], [ -10.576, 8.894 ], [ -10.576, 8.893 ], [ -10.576, 8.892 ], [ -10.575, 8.891 ], [ -10.574, 8.891 ], [ -10.574, 8.89 ], [ -10.574, 8.89 ], [ -10.574, 8.889 ], [ -10.574, 8.888 ], [ -10.575, 8.888 ], [ -10.575, 8.887 ], [ -10.574, 8.886 ], [ -10.573, 8.885 ], [ -10.573, 8.885 ], [ -10.572, 8.886 ], [ -10.572, 8.886 ], [ -10.571, 8.886 ], [ -10.571, 8.885 ], [ -10.571, 8.885 ], [ -10.571, 8.884 ], [ -10.571, 8.883 ], [ -10.57, 8.882 ], [ -10.57, 8.882 ], [ -10.569, 8.881 ], [ -10.569, 8.88 ], [ -10.57, 8.879 ], [ -10.57, 8.879 ], [ -10.57, 8.878 ], [ -10.57, 8.877 ], [ -10.571, 8.877 ], [ -10.571, 8.876 ], [ -10.57, 8.873 ], [ -10.57, 8.872 ], [ -10.569, 8.871 ], [ -10.568, 8.871 ], [ -10.568, 8.87 ], [ -10.568, 8.87 ], [ -10.568, 8.869 ], [ -10.567, 8.867 ], [ -10.567, 8.867 ], [ -10.567, 8.866 ], [ -10.567, 8.866 ], [ -10.566, 8.864 ], [ -10.566, 8.862 ], [ -10.566, 8.861 ], [ -10.565, 8.86 ], [ -10.565, 8.86 ], [ -10.564, 8.859 ], [ -10.563, 8.858 ], [ -10.563, 8.857 ], [ -10.564, 8.856 ], [ -10.564, 8.854 ], [ -10.564, 8.854 ], [ -10.562, 8.854 ], [ -10.561, 8.85 ], [ -10.562, 8.847 ], [ -10.56, 8.846 ], [ -10.559, 8.845 ], [ -10.56, 8.843 ], [ -10.559, 8.839 ], [ -10.56, 8.836 ], [ -10.559, 8.833 ], [ -10.56, 8.831 ], [ -10.559, 8.829 ], [ -10.558, 8.829 ], [ -10.559, 8.827 ], [ -10.558, 8.824 ], [ -10.559, 8.823 ], [ -10.557, 8.822 ], [ -10.558, 8.82 ], [ -10.56, 8.818 ], [ -10.561, 8.817 ], [ -10.562, 8.816 ], [ -10.562, 8.815 ], [ -10.562, 8.815 ], [ -10.561, 8.813 ], [ -10.56, 8.812 ], [ -10.559, 8.81 ], [ -10.559, 8.809 ], [ -10.56, 8.808 ], [ -10.56, 8.807 ], [ -10.561, 8.806 ], [ -10.561, 8.804 ], [ -10.56, 8.804 ], [ -10.559, 8.804 ], [ -10.558, 8.805 ], [ -10.556, 8.805 ], [ -10.555, 8.805 ], [ -10.554, 8.805 ], [ -10.553, 8.804 ], [ -10.552, 8.803 ], [ -10.551, 8.802 ], [ -10.551, 8.801 ], [ -10.551, 8.8 ], [ -10.55, 8.799 ], [ -10.549, 8.798 ], [ -10.549, 8.799 ], [ -10.549, 8.799 ], [ -10.549, 8.8 ], [ -10.549, 8.801 ], [ -10.548, 8.801 ], [ -10.548, 8.802 ], [ -10.547, 8.802 ], [ -10.545, 8.802 ], [ -10.545, 8.803 ], [ -10.544, 8.803 ], [ -10.544, 8.804 ], [ -10.543, 8.804 ], [ -10.543, 8.804 ], [ -10.541, 8.804 ], [ -10.541, 8.803 ], [ -10.54, 8.803 ], [ -10.54, 8.802 ], [ -10.54, 8.801 ], [ -10.54, 8.801 ], [ -10.54, 8.8 ], [ -10.539, 8.799 ], [ -10.537, 8.799 ], [ -10.537, 8.798 ], [ -10.537, 8.798 ], [ -10.537, 8.797 ], [ -10.537, 8.797 ], [ -10.537, 8.796 ], [ -10.537, 8.795 ], [ -10.536, 8.795 ], [ -10.535, 8.795 ], [ -10.533, 8.794 ], [ -10.533, 8.792 ], [ -10.532, 8.791 ], [ -10.532, 8.791 ], [ -10.531, 8.789 ], [ -10.528, 8.788 ], [ -10.527, 8.788 ], [ -10.525, 8.787 ], [ -10.524, 8.784 ], [ -10.522, 8.785 ], [ -10.519, 8.783 ], [ -10.519, 8.779 ], [ -10.517, 8.774 ], [ -10.516, 8.768 ], [ -10.515, 8.763 ], [ -10.513, 8.76 ], [ -10.512, 8.759 ], [ -10.512, 8.758 ], [ -10.512, 8.757 ], [ -10.512, 8.756 ], [ -10.512, 8.755 ], [ -10.512, 8.755 ], [ -10.512, 8.753 ], [ -10.512, 8.751 ], [ -10.511, 8.749 ], [ -10.511, 8.749 ], [ -10.51, 8.748 ], [ -10.51, 8.747 ], [ -10.51, 8.746 ], [ -10.511, 8.746 ], [ -10.512, 8.745 ], [ -10.512, 8.744 ], [ -10.511, 8.743 ], [ -10.511, 8.742 ], [ -10.512, 8.741 ], [ -10.511, 8.74 ], [ -10.51, 8.742 ], [ -10.508, 8.743 ], [ -10.506, 8.742 ], [ -10.505, 8.741 ], [ -10.501, 8.744 ], [ -10.497, 8.743 ], [ -10.496, 8.741 ], [ -10.497, 8.74 ], [ -10.501, 8.741 ], [ -10.504, 8.74 ], [ -10.506, 8.736 ], [ -10.505, 8.734 ], [ -10.504, 8.732 ], [ -10.503, 8.731 ], [ -10.503, 8.73 ], [ -10.502, 8.729 ], [ -10.501, 8.728 ], [ -10.501, 8.728 ], [ -10.501, 8.726 ], [ -10.499, 8.726 ], [ -10.498, 8.725 ], [ -10.497, 8.725 ], [ -10.497, 8.725 ], [ -10.496, 8.724 ], [ -10.496, 8.724 ], [ -10.496, 8.723 ], [ -10.496, 8.722 ], [ -10.496, 8.721 ], [ -10.496, 8.72 ], [ -10.496, 8.719 ], [ -10.496, 8.719 ], [ -10.496, 8.718 ], [ -10.496, 8.717 ], [ -10.497, 8.717 ], [ -10.497, 8.717 ], [ -10.498, 8.716 ], [ -10.499, 8.716 ], [ -10.499, 8.715 ], [ -10.5, 8.714 ], [ -10.499, 8.712 ], [ -10.498, 8.711 ], [ -10.493, 8.712 ], [ -10.494, 8.71 ], [ -10.495, 8.708 ], [ -10.495, 8.706 ], [ -10.492, 8.706 ], [ -10.49, 8.707 ], [ -10.487, 8.705 ], [ -10.486, 8.704 ], [ -10.485, 8.704 ], [ -10.485, 8.703 ], [ -10.484, 8.702 ], [ -10.484, 8.702 ], [ -10.484, 8.701 ], [ -10.484, 8.7 ], [ -10.484, 8.7 ], [ -10.484, 8.699 ], [ -10.483, 8.699 ], [ -10.483, 8.7 ], [ -10.481, 8.7 ], [ -10.481, 8.699 ], [ -10.481, 8.698 ], [ -10.481, 8.697 ], [ -10.48, 8.696 ], [ -10.479, 8.695 ], [ -10.478, 8.695 ], [ -10.478, 8.695 ], [ -10.475, 8.696 ], [ -10.474, 8.694 ], [ -10.476, 8.693 ], [ -10.475, 8.689 ], [ -10.477, 8.686 ], [ -10.477, 8.683 ], [ -10.475, 8.684 ], [ -10.472, 8.687 ], [ -10.47, 8.683 ], [ -10.466, 8.681 ], [ -10.465, 8.679 ], [ -10.465, 8.677 ], [ -10.466, 8.676 ], [ -10.466, 8.675 ], [ -10.466, 8.674 ], [ -10.465, 8.672 ], [ -10.466, 8.67 ], [ -10.468, 8.673 ], [ -10.47, 8.671 ], [ -10.472, 8.668 ], [ -10.472, 8.662 ], [ -10.472, 8.661 ], [ -10.473, 8.66 ], [ -10.474, 8.659 ], [ -10.475, 8.658 ], [ -10.476, 8.657 ], [ -10.473, 8.653 ], [ -10.471, 8.651 ], [ -10.471, 8.649 ], [ -10.474, 8.646 ], [ -10.478, 8.645 ], [ -10.479, 8.64 ], [ -10.485, 8.638 ], [ -10.486, 8.637 ], [ -10.488, 8.636 ], [ -10.49, 8.635 ], [ -10.492, 8.632 ], [ -10.493, 8.63 ], [ -10.491, 8.627 ], [ -10.493, 8.625 ], [ -10.496, 8.625 ], [ -10.501, 8.623 ], [ -10.504, 8.622 ], [ -10.504, 8.622 ], [ -10.51, 8.621 ], [ -10.511, 8.616 ], [ -10.512, 8.614 ], [ -10.516, 8.616 ], [ -10.518, 8.619 ], [ -10.52, 8.62 ], [ -10.522, 8.62 ], [ -10.523, 8.618 ], [ -10.526, 8.617 ], [ -10.528, 8.616 ], [ -10.529, 8.615 ], [ -10.531, 8.615 ], [ -10.532, 8.615 ], [ -10.534, 8.616 ], [ -10.535, 8.617 ], [ -10.536, 8.617 ], [ -10.538, 8.616 ], [ -10.538, 8.616 ], [ -10.539, 8.615 ], [ -10.54, 8.615 ], [ -10.541, 8.615 ], [ -10.542, 8.614 ], [ -10.543, 8.612 ], [ -10.543, 8.61 ], [ -10.544, 8.609 ], [ -10.545, 8.608 ], [ -10.546, 8.607 ], [ -10.547, 8.607 ], [ -10.549, 8.607 ], [ -10.55, 8.607 ], [ -10.551, 8.607 ], [ -10.552, 8.607 ], [ -10.553, 8.605 ], [ -10.554, 8.604 ], [ -10.556, 8.603 ], [ -10.557, 8.604 ], [ -10.557, 8.604 ], [ -10.558, 8.604 ], [ -10.559, 8.604 ], [ -10.559, 8.604 ], [ -10.559, 8.603 ], [ -10.559, 8.603 ], [ -10.559, 8.601 ], [ -10.559, 8.6 ], [ -10.56, 8.599 ], [ -10.561, 8.599 ], [ -10.562, 8.599 ], [ -10.563, 8.6 ], [ -10.564, 8.601 ], [ -10.566, 8.602 ], [ -10.567, 8.602 ], [ -10.569, 8.602 ], [ -10.572, 8.599 ], [ -10.575, 8.598 ], [ -10.576, 8.596 ], [ -10.575, 8.593 ], [ -10.573, 8.59 ], [ -10.574, 8.586 ], [ -10.574, 8.586 ], [ -10.573, 8.583 ], [ -10.574, 8.579 ], [ -10.574, 8.573 ], [ -10.577, 8.572 ], [ -10.579, 8.574 ], [ -10.585, 8.57 ], [ -10.586, 8.569 ], [ -10.587, 8.567 ], [ -10.59, 8.563 ], [ -10.59, 8.561 ], [ -10.593, 8.554 ], [ -10.593, 8.55 ], [ -10.596, 8.547 ], [ -10.601, 8.546 ], [ -10.605, 8.546 ], [ -10.607, 8.543 ], [ -10.609, 8.542 ], [ -10.609, 8.542 ], [ -10.612, 8.545 ], [ -10.615, 8.542 ], [ -10.615, 8.538 ], [ -10.615, 8.538 ], [ -10.613, 8.535 ], [ -10.614, 8.533 ], [ -10.615, 8.53 ], [ -10.618, 8.529 ], [ -10.62, 8.528 ], [ -10.622, 8.518 ], [ -10.623, 8.513 ], [ -10.626, 8.509 ], [ -10.627, 8.505 ], [ -10.626, 8.501 ], [ -10.621, 8.498 ], [ -10.62, 8.496 ], [ -10.621, 8.494 ], [ -10.622, 8.493 ], [ -10.62, 8.492 ], [ -10.623, 8.488 ], [ -10.624, 8.487 ], [ -10.629, 8.489 ], [ -10.633, 8.491 ], [ -10.633, 8.489 ], [ -10.634, 8.488 ], [ -10.633, 8.485 ], [ -10.632, 8.482 ], [ -10.632, 8.481 ], [ -10.632, 8.48 ], [ -10.632, 8.48 ], [ -10.632, 8.478 ], [ -10.633, 8.477 ], [ -10.635, 8.476 ], [ -10.637, 8.475 ], [ -10.639, 8.475 ], [ -10.64, 8.475 ], [ -10.641, 8.474 ], [ -10.642, 8.472 ], [ -10.641, 8.471 ], [ -10.64, 8.47 ], [ -10.639, 8.469 ], [ -10.639, 8.467 ], [ -10.64, 8.466 ], [ -10.642, 8.464 ], [ -10.642, 8.463 ], [ -10.64, 8.461 ], [ -10.641, 8.458 ], [ -10.641, 8.456 ], [ -10.642, 8.454 ], [ -10.643, 8.453 ], [ -10.643, 8.454 ], [ -10.648, 8.462 ], [ -10.65, 8.466 ], [ -10.658, 8.464 ], [ -10.66, 8.461 ], [ -10.661, 8.46 ], [ -10.67, 8.458 ], [ -10.671, 8.457 ], [ -10.671, 8.457 ], [ -10.673, 8.457 ], [ -10.681, 8.451 ], [ -10.683, 8.451 ], [ -10.683, 8.451 ], [ -10.683, 8.451 ], [ -10.69, 8.45 ], [ -10.696, 8.45 ], [ -10.698, 8.443 ], [ -10.699, 8.442 ], [ -10.702, 8.442 ], [ -10.703, 8.444 ], [ -10.704, 8.446 ], [ -10.706, 8.447 ], [ -10.708, 8.447 ], [ -10.709, 8.447 ], [ -10.712, 8.445 ], [ -10.712, 8.445 ], [ -10.712, 8.442 ], [ -10.719, 8.443 ], [ -10.724, 8.443 ], [ -10.727, 8.438 ], [ -10.728, 8.436 ], [ -10.728, 8.435 ], [ -10.73, 8.429 ], [ -10.731, 8.426 ], [ -10.735, 8.421 ], [ -10.737, 8.42 ], [ -10.743, 8.415 ], [ -10.746, 8.415 ], [ -10.748, 8.414 ], [ -10.752, 8.414 ], [ -10.755, 8.414 ], [ -10.757, 8.414 ], [ -10.758, 8.413 ], [ -10.759, 8.413 ], [ -10.761, 8.413 ], [ -10.763, 8.412 ], [ -10.764, 8.412 ], [ -10.765, 8.412 ], [ -10.766, 8.412 ], [ -10.767, 8.411 ], [ -10.774, 8.411 ], [ -10.781, 8.411 ], [ -10.785, 8.411 ], [ -10.791, 8.41 ], [ -10.797, 8.409 ], [ -10.801, 8.409 ], [ -10.803, 8.408 ], [ -10.805, 8.408 ], [ -10.813, 8.411 ], [ -10.823, 8.414 ], [ -10.83, 8.413 ], [ -10.835, 8.412 ], [ -10.838, 8.411 ], [ -10.839, 8.41 ], [ -10.843, 8.408 ], [ -10.848, 8.403 ], [ -10.844, 8.398 ], [ -10.844, 8.392 ], [ -10.844, 8.392 ], [ -10.855, 8.392 ], [ -10.868, 8.391 ], [ -10.87, 8.391 ], [ -10.876, 8.388 ], [ -10.878, 8.388 ], [ -10.882, 8.386 ], [ -10.888, 8.382 ], [ -10.894, 8.376 ], [ -10.899, 8.377 ], [ -10.907, 8.38 ], [ -10.911, 8.382 ], [ -10.922, 8.38 ], [ -10.923, 8.379 ], [ -10.924, 8.379 ], [ -10.926, 8.383 ], [ -10.926, 8.387 ], [ -10.927, 8.388 ], [ -10.931, 8.388 ], [ -10.935, 8.389 ], [ -10.939, 8.389 ], [ -10.942, 8.389 ], [ -10.945, 8.388 ], [ -10.948, 8.388 ], [ -10.95, 8.387 ], [ -10.951, 8.386 ], [ -10.952, 8.385 ], [ -10.952, 8.384 ], [ -10.952, 8.383 ], [ -10.953, 8.382 ], [ -10.953, 8.382 ], [ -10.954, 8.382 ], [ -10.955, 8.381 ], [ -10.957, 8.379 ], [ -10.959, 8.377 ], [ -10.962, 8.375 ], [ -10.965, 8.374 ], [ -10.969, 8.372 ], [ -10.972, 8.372 ], [ -10.975, 8.372 ], [ -10.981, 8.372 ], [ -10.983, 8.371 ], [ -10.986, 8.371 ], [ -10.987, 8.371 ], [ -10.988, 8.371 ], [ -10.991, 8.371 ], [ -10.995, 8.369 ], [ -10.998, 8.364 ], [ -11.0, 8.364 ], [ -11.001, 8.363 ], [ -11.008, 8.36 ], [ -11.014, 8.358 ], [ -11.019, 8.356 ], [ -11.022, 8.356 ], [ -11.025, 8.355 ], [ -11.025, 8.354 ] ] ] ] } },
{ "type": "Feature", "properties": { "NEW_DIST": "Moyamba", "NEW_PROV": "Southern", "CS_Pro_Num": 3, "CS_Pro_Nam": "Southern", "CS_Dis_Num": 33, "CS_Dis_Nam": "Moyamba", "layer": "Moyamba District" }, "geometry": { "type": "MultiPolygon", "coordinates": [ [ [ [ -12.144, 7.664 ], [ -12.145, 7.664 ], [ -12.147, 7.663 ], [ -12.152, 7.663 ], [ -12.155, 7.664 ], [ -12.157, 7.667 ], [ -12.16, 7.67 ], [ -12.165, 7.67 ], [ -12.168, 7.668 ], [ -12.171, 7.665 ], [ -12.171, 7.665 ], [ -12.174, 7.666 ], [ -12.177, 7.667 ], [ -12.178, 7.667 ], [ -12.183, 7.666 ], [ -12.186, 7.664 ], [ -12.19, 7.666 ], [ -12.194, 7.668 ], [ -12.195, 7.669 ], [ -12.197, 7.671 ], [ -12.201, 7.675 ], [ -12.204, 7.678 ], [ -12.205, 7.679 ], [ -12.209, 7.682 ], [ -12.211, 7.683 ], [ -12.214, 7.686 ], [ -12.217, 7.687 ], [ -12.22, 7.688 ], [ -12.225, 7.689 ], [ -12.23, 7.689 ], [ -12.233, 7.689 ], [ -12.236, 7.689 ], [ -12.241, 7.69 ], [ -12.245, 7.692 ], [ -12.248, 7.695 ], [ -12.249, 7.699 ], [ -12.249, 7.699 ], [ -12.25, 7.704 ], [ -12.25, 7.704 ], [ -12.253, 7.711 ], [ -12.257, 7.714 ], [ -12.262, 7.718 ], [ -12.266, 7.721 ], [ -12.269, 7.725 ], [ -12.269, 7.725 ], [ -12.273, 7.729 ], [ -12.277, 7.734 ], [ -12.28, 7.739 ], [ -12.281, 7.739 ], [ -12.283, 7.743 ], [ -12.287, 7.748 ], [ -12.291, 7.754 ], [ -12.295, 7.761 ], [ -12.295, 7.761 ], [ -12.296, 7.763 ], [ -12.296, 7.764 ], [ -12.298, 7.768 ], [ -12.298, 7.774 ], [ -12.298, 7.776 ], [ -12.298, 7.778 ], [ -12.298, 7.781 ], [ -12.297, 7.782 ], [ -12.297, 7.782 ], [ -12.297, 7.784 ], [ -12.296, 7.785 ], [ -12.296, 7.786 ], [ -12.295, 7.788 ], [ -12.294, 7.789 ], [ -12.295, 7.79 ], [ -12.295, 7.791 ], [ -12.294, 7.791 ], [ -12.295, 7.791 ], [ -12.296, 7.791 ], [ -12.297, 7.791 ], [ -12.297, 7.792 ], [ -12.297, 7.792 ], [ -12.295, 7.793 ], [ -12.295, 7.793 ], [ -12.295, 7.794 ], [ -12.296, 7.793 ], [ -12.296, 7.794 ], [ -12.296, 7.796 ], [ -12.296, 7.796 ], [ -12.296, 7.797 ], [ -12.296, 7.797 ], [ -12.296, 7.797 ], [ -12.296, 7.798 ], [ -12.296, 7.798 ], [ -12.296, 7.798 ], [ -12.297, 7.798 ], [ -12.297, 7.799 ], [ -12.298, 7.8 ], [ -12.298, 7.8 ], [ -12.298, 7.801 ], [ -12.298, 7.801 ], [ -12.299, 7.801 ], [ -12.3, 7.801 ], [ -12.304, 7.801 ], [ -12.306, 7.801 ], [ -12.31, 7.8 ], [ -12.311, 7.8 ], [ -12.311, 7.8 ], [ -12.311, 7.8 ], [ -12.314, 7.8 ], [ -12.318, 7.801 ], [ -12.323, 7.801 ], [ -12.329, 7.801 ], [ -12.332, 7.801 ], [ -12.336, 7.803 ], [ -12.339, 7.805 ], [ -12.342, 7.805 ], [ -12.345, 7.805 ], [ -12.347, 7.805 ], [ -12.348, 7.806 ], [ -12.352, 7.808 ], [ -12.354, 7.808 ], [ -12.356, 7.805 ], [ -12.358, 7.803 ], [ -12.359, 7.801 ], [ -12.363, 7.797 ], [ -12.364, 7.795 ], [ -12.365, 7.79 ], [ -12.365, 7.789 ], [ -12.368, 7.785 ], [ -12.369, 7.784 ], [ -12.369, 7.783 ], [ -12.371, 7.779 ], [ -12.373, 7.778 ], [ -12.376, 7.777 ], [ -12.379, 7.776 ], [ -12.382, 7.775 ], [ -12.387, 7.773 ], [ -12.389, 7.772 ], [ -12.389, 7.769 ], [ -12.391, 7.767 ], [ -12.392, 7.764 ], [ -12.39, 7.761 ], [ -12.392, 7.758 ], [ -12.395, 7.756 ], [ -12.397, 7.756 ], [ -12.398, 7.758 ], [ -12.398, 7.761 ], [ -12.399, 7.763 ], [ -12.401, 7.764 ], [ -12.408, 7.766 ], [ -12.415, 7.765 ], [ -12.423, 7.763 ], [ -12.426, 7.76 ], [ -12.429, 7.758 ], [ -12.43, 7.757 ], [ -12.432, 7.757 ], [ -12.432, 7.756 ], [ -12.434, 7.756 ], [ -12.436, 7.756 ], [ -12.439, 7.755 ], [ -12.441, 7.755 ], [ -12.444, 7.754 ], [ -12.446, 7.753 ], [ -12.448, 7.751 ], [ -12.449, 7.75 ], [ -12.449, 7.747 ], [ -12.449, 7.745 ], [ -12.449, 7.742 ], [ -12.448, 7.741 ], [ -12.449, 7.74 ], [ -12.45, 7.739 ], [ -12.45, 7.737 ], [ -12.451, 7.736 ], [ -12.452, 7.734 ], [ -12.453, 7.732 ], [ -12.455, 7.731 ], [ -12.457, 7.728 ], [ -12.459, 7.726 ], [ -12.46, 7.725 ], [ -12.461, 7.725 ], [ -12.462, 7.725 ], [ -12.463, 7.725 ], [ -12.464, 7.725 ], [ -12.466, 7.725 ], [ -12.468, 7.725 ], [ -12.468, 7.726 ], [ -12.469, 7.727 ], [ -12.47, 7.727 ], [ -12.471, 7.729 ], [ -12.471, 7.73 ], [ -12.472, 7.732 ], [ -12.473, 7.734 ], [ -12.473, 7.737 ], [ -12.474, 7.74 ], [ -12.474, 7.742 ], [ -12.475, 7.743 ], [ -12.476, 7.744 ], [ -12.477, 7.746 ], [ -12.478, 7.747 ], [ -12.479, 7.748 ], [ -12.48, 7.749 ], [ -12.481, 7.75 ], [ -12.481, 7.751 ], [ -12.481, 7.752 ], [ -12.48, 7.756 ], [ -12.478, 7.759 ], [ -12.478, 7.761 ], [ -12.478, 7.762 ], [ -12.478, 7.763 ], [ -12.478, 7.765 ], [ -12.479, 7.767 ], [ -12.479, 7.769 ], [ -12.48, 7.771 ], [ -12.481, 7.772 ], [ -12.482, 7.772 ], [ -12.483, 7.772 ], [ -12.483, 7.772 ], [ -12.485, 7.77 ], [ -12.487, 7.768 ], [ -12.488, 7.765 ], [ -12.489, 7.763 ], [ -12.489, 7.761 ], [ -12.49, 7.759 ], [ -12.491, 7.756 ], [ -12.493, 7.754 ], [ -12.495, 7.751 ], [ -12.498, 7.749 ], [ -12.501, 7.747 ], [ -12.503, 7.746 ], [ -12.505, 7.745 ], [ -12.506, 7.744 ], [ -12.508, 7.744 ], [ -12.509, 7.743 ], [ -12.511, 7.742 ], [ -12.513, 7.74 ], [ -12.515, 7.739 ], [ -12.516, 7.738 ], [ -12.517, 7.737 ], [ -12.519, 7.735 ], [ -12.52, 7.733 ], [ -12.522, 7.731 ], [ -12.523, 7.73 ], [ -12.525, 7.729 ], [ -12.527, 7.728 ], [ -12.53, 7.727 ], [ -12.532, 7.726 ], [ -12.533, 7.725 ], [ -12.535, 7.724 ], [ -12.537, 7.723 ], [ -12.538, 7.722 ], [ -12.539, 7.721 ], [ -12.541, 7.72 ], [ -12.543, 7.719 ], [ -12.545, 7.717 ], [ -12.547, 7.715 ], [ -12.549, 7.714 ], [ -12.55, 7.713 ], [ -12.551, 7.712 ], [ -12.552, 7.712 ], [ -12.553, 7.711 ], [ -12.554, 7.71 ], [ -12.556, 7.708 ], [ -12.558, 7.707 ], [ -12.56, 7.707 ], [ -12.563, 7.705 ], [ -12.566, 7.703 ], [ -12.568, 7.701 ], [ -12.57, 7.7 ], [ -12.571, 7.699 ], [ -12.572, 7.698 ], [ -12.573, 7.697 ], [ -12.575, 7.694 ], [ -12.577, 7.693 ], [ -12.58, 7.691 ], [ -12.584, 7.687 ], [ -12.586, 7.685 ], [ -12.588, 7.685 ], [ -12.589, 7.684 ], [ -12.59, 7.685 ], [ -12.591, 7.685 ], [ -12.593, 7.686 ], [ -12.597, 7.687 ], [ -12.599, 7.687 ], [ -12.602, 7.687 ], [ -12.605, 7.688 ], [ -12.606, 7.687 ], [ -12.61, 7.688 ], [ -12.615, 7.688 ], [ -12.617, 7.689 ], [ -12.62, 7.689 ], [ -12.621, 7.689 ], [ -12.623, 7.69 ], [ -12.624, 7.692 ], [ -12.624, 7.693 ], [ -12.624, 7.694 ], [ -12.623, 7.695 ], [ -12.623, 7.696 ], [ -12.625, 7.696 ], [ -12.626, 7.696 ], [ -12.627, 7.695 ], [ -12.627, 7.694 ], [ -12.628, 7.693 ], [ -12.629, 7.693 ], [ -12.632, 7.693 ], [ -12.635, 7.693 ], [ -12.638, 7.694 ], [ -12.639, 7.694 ], [ -12.645, 7.695 ], [ -12.647, 7.695 ], [ -12.649, 7.695 ], [ -12.652, 7.696 ], [ -12.656, 7.697 ], [ -12.659, 7.697 ], [ -12.662, 7.697 ], [ -12.663, 7.698 ], [ -12.664, 7.698 ], [ -12.665, 7.698 ], [ -12.667, 7.698 ], [ -12.668, 7.699 ], [ -12.67, 7.701 ], [ -12.672, 7.702 ], [ -12.674, 7.703 ], [ -12.677, 7.704 ], [ -12.677, 7.704 ], [ -12.678, 7.704 ], [ -12.681, 7.705 ], [ -12.682, 7.706 ], [ -12.683, 7.706 ], [ -12.685, 7.706 ], [ -12.688, 7.706 ], [ -12.691, 7.705 ], [ -12.694, 7.705 ], [ -12.698, 7.704 ], [ -12.702, 7.703 ], [ -12.704, 7.702 ], [ -12.707, 7.702 ], [ -12.708, 7.702 ], [ -12.711, 7.701 ], [ -12.713, 7.701 ], [ -12.716, 7.702 ], [ -12.717, 7.704 ], [ -12.718, 7.706 ], [ -12.719, 7.708 ], [ -12.721, 7.71 ], [ -12.722, 7.711 ], [ -12.722, 7.712 ], [ -12.722, 7.713 ], [ -12.723, 7.714 ], [ -12.725, 7.715 ], [ -12.727, 7.715 ], [ -12.727, 7.715 ], [ -12.73, 7.716 ], [ -12.732, 7.717 ], [ -12.734, 7.719 ], [ -12.736, 7.72 ], [ -12.738, 7.722 ], [ -12.739, 7.723 ], [ -12.74, 7.724 ], [ -12.742, 7.725 ], [ -12.743, 7.726 ], [ -12.743, 7.727 ], [ -12.744, 7.728 ], [ -12.744, 7.729 ], [ -12.745, 7.731 ], [ -12.746, 7.732 ], [ -12.747, 7.733 ], [ -12.748, 7.734 ], [ -12.749, 7.736 ], [ -12.749, 7.737 ], [ -12.749, 7.737 ], [ -12.749, 7.738 ], [ -12.749, 7.739 ], [ -12.75, 7.74 ], [ -12.751, 7.74 ], [ -12.751, 7.74 ], [ -12.752, 7.741 ], [ -12.752, 7.742 ], [ -12.753, 7.742 ], [ -12.754, 7.742 ], [ -12.755, 7.742 ], [ -12.755, 7.743 ], [ -12.754, 7.744 ], [ -12.754, 7.745 ], [ -12.755, 7.745 ], [ -12.755, 7.746 ], [ -12.755, 7.747 ], [ -12.755, 7.748 ], [ -12.755, 7.748 ], [ -12.756, 7.748 ], [ -12.756, 7.748 ], [ -12.757, 7.748 ], [ -12.758, 7.747 ], [ -12.759, 7.747 ], [ -12.76, 7.747 ], [ -12.76, 7.747 ], [ -12.76, 7.746 ], [ -12.76, 7.745 ], [ -12.761, 7.745 ], [ -12.764, 7.745 ], [ -12.767, 7.747 ], [ -12.769, 7.748 ], [ -12.77, 7.749 ], [ -12.77, 7.749 ], [ -12.772, 7.75 ], [ -12.773, 7.751 ], [ -12.774, 7.752 ], [ -12.775, 7.753 ], [ -12.775, 7.754 ], [ -12.777, 7.755 ], [ -12.777, 7.756 ], [ -12.777, 7.757 ], [ -12.778, 7.758 ], [ -12.779, 7.757 ], [ -12.779, 7.757 ], [ -12.78, 7.757 ], [ -12.781, 7.758 ], [ -12.783, 7.759 ], [ -12.784, 7.76 ], [ -12.784, 7.761 ], [ -12.785, 7.763 ], [ -12.786, 7.765 ], [ -12.786, 7.765 ], [ -12.786, 7.766 ], [ -12.787, 7.768 ], [ -12.788, 7.769 ], [ -12.788, 7.77 ], [ -12.789, 7.771 ], [ -12.789, 7.772 ], [ -12.789, 7.773 ], [ -12.789, 7.775 ], [ -12.789, 7.777 ], [ -12.789, 7.779 ], [ -12.789, 7.781 ], [ -12.789, 7.784 ], [ -12.789, 7.785 ], [ -12.789, 7.786 ], [ -12.789, 7.789 ], [ -12.789, 7.79 ], [ -12.79, 7.792 ], [ -12.79, 7.794 ], [ -12.791, 7.796 ], [ -12.792, 7.798 ], [ -12.793, 7.799 ], [ -12.793, 7.8 ], [ -12.793, 7.8 ], [ -12.793, 7.801 ], [ -12.794, 7.803 ], [ -12.798, 7.8 ], [ -12.799, 7.8 ], [ -12.801, 7.799 ], [ -12.801, 7.798 ], [ -12.802, 7.797 ], [ -12.802, 7.797 ], [ -12.802, 7.796 ], [ -12.803, 7.796 ], [ -12.803, 7.795 ], [ -12.804, 7.794 ], [ -12.804, 7.793 ], [ -12.804, 7.793 ], [ -12.804, 7.792 ], [ -12.804, 7.791 ], [ -12.804, 7.791 ], [ -12.805, 7.79 ], [ -12.805, 7.789 ], [ -12.806, 7.789 ], [ -12.807, 7.789 ], [ -12.807, 7.79 ], [ -12.807, 7.79 ], [ -12.808, 7.791 ], [ -12.809, 7.79 ], [ -12.809, 7.79 ], [ -12.81, 7.79 ], [ -12.81, 7.791 ], [ -12.81, 7.792 ], [ -12.812, 7.792 ], [ -12.814, 7.793 ], [ -12.816, 7.793 ], [ -12.818, 7.794 ], [ -12.821, 7.795 ], [ -12.824, 7.796 ], [ -12.827, 7.798 ], [ -12.828, 7.798 ], [ -12.83, 7.798 ], [ -12.833, 7.8 ], [ -12.836, 7.801 ], [ -12.84, 7.804 ], [ -12.842, 7.806 ], [ -12.845, 7.809 ], [ -12.846, 7.808 ], [ -12.847, 7.808 ], [ -12.85, 7.81 ], [ -12.854, 7.813 ], [ -12.855, 7.814 ], [ -12.858, 7.817 ], [ -12.861, 7.819 ], [ -12.863, 7.82 ], [ -12.865, 7.821 ], [ -12.867, 7.822 ], [ -12.87, 7.825 ], [ -12.87, 7.825 ], [ -12.872, 7.828 ], [ -12.874, 7.831 ], [ -12.877, 7.836 ], [ -12.879, 7.84 ], [ -12.881, 7.842 ], [ -12.882, 7.842 ], [ -12.883, 7.844 ], [ -12.885, 7.846 ], [ -12.885, 7.846 ], [ -12.888, 7.85 ], [ -12.891, 7.853 ], [ -12.893, 7.855 ], [ -12.893, 7.855 ], [ -12.894, 7.857 ], [ -12.896, 7.859 ], [ -12.899, 7.862 ], [ -12.899, 7.862 ], [ -12.904, 7.866 ], [ -12.907, 7.869 ], [ -12.908, 7.87 ], [ -12.91, 7.87 ], [ -12.91, 7.87 ], [ -12.912, 7.87 ], [ -12.914, 7.87 ], [ -12.916, 7.87 ], [ -12.918, 7.87 ], [ -12.92, 7.87 ], [ -12.921, 7.869 ], [ -12.921, 7.869 ], [ -12.921, 7.87 ], [ -12.924, 7.87 ], [ -12.926, 7.87 ], [ -12.927, 7.871 ], [ -12.927, 7.871 ], [ -12.929, 7.872 ], [ -12.93, 7.875 ], [ -12.931, 7.878 ], [ -12.932, 7.881 ], [ -12.933, 7.882 ], [ -12.934, 7.884 ], [ -12.936, 7.888 ], [ -12.936, 7.888 ], [ -12.937, 7.89 ], [ -12.94, 7.894 ], [ -12.942, 7.895 ], [ -12.942, 7.896 ], [ -12.944, 7.898 ], [ -12.946, 7.901 ], [ -12.947, 7.901 ], [ -12.948, 7.902 ], [ -12.951, 7.905 ], [ -12.953, 7.907 ], [ -12.955, 7.908 ], [ -12.957, 7.907 ], [ -12.957, 7.908 ], [ -12.958, 7.91 ], [ -12.959, 7.912 ], [ -12.96, 7.913 ], [ -12.96, 7.914 ], [ -12.96, 7.915 ], [ -12.96, 7.915 ], [ -12.96, 7.915 ], [ -12.961, 7.915 ], [ -12.961, 7.917 ], [ -12.96, 7.917 ], [ -12.96, 7.918 ], [ -12.959, 7.917 ], [ -12.958, 7.917 ], [ -12.957, 7.917 ], [ -12.956, 7.917 ], [ -12.956, 7.917 ], [ -12.956, 7.917 ], [ -12.955, 7.918 ], [ -12.955, 7.917 ], [ -12.955, 7.917 ], [ -12.954, 7.918 ], [ -12.954, 7.919 ], [ -12.954, 7.919 ], [ -12.953, 7.918 ], [ -12.952, 7.919 ], [ -12.952, 7.918 ], [ -12.952, 7.918 ], [ -12.952, 7.918 ], [ -12.951, 7.918 ], [ -12.95, 7.918 ], [ -12.95, 7.917 ], [ -12.949, 7.917 ], [ -12.948, 7.917 ], [ -12.948, 7.917 ], [ -12.947, 7.917 ], [ -12.946, 7.918 ], [ -12.945, 7.918 ], [ -12.944, 7.918 ], [ -12.942, 7.919 ], [ -12.94, 7.92 ], [ -12.939, 7.921 ], [ -12.937, 7.921 ], [ -12.937, 7.92 ], [ -12.936, 7.921 ], [ -12.936, 7.921 ], [ -12.935, 7.921 ], [ -12.935, 7.921 ], [ -12.935, 7.921 ], [ -12.934, 7.922 ], [ -12.933, 7.921 ], [ -12.933, 7.921 ], [ -12.93, 7.923 ], [ -12.928, 7.923 ], [ -12.926, 7.925 ], [ -12.925, 7.925 ], [ -12.925, 7.925 ], [ -12.924, 7.927 ], [ -12.924, 7.928 ], [ -12.923, 7.929 ], [ -12.921, 7.93 ], [ -12.92, 7.93 ], [ -12.92, 7.93 ], [ -12.921, 7.932 ], [ -12.921, 7.933 ], [ -12.92, 7.933 ], [ -12.919, 7.933 ], [ -12.918, 7.933 ], [ -12.916, 7.935 ], [ -12.914, 7.937 ], [ -12.914, 7.938 ], [ -12.91, 7.94 ], [ -12.909, 7.942 ], [ -12.903, 7.944 ], [ -12.903, 7.944 ], [ -12.903, 7.943 ], [ -12.903, 7.942 ], [ -12.903, 7.941 ], [ -12.902, 7.942 ], [ -12.899, 7.944 ], [ -12.896, 7.944 ], [ -12.892, 7.945 ], [ -12.889, 7.946 ], [ -12.887, 7.945 ], [ -12.884, 7.944 ], [ -12.881, 7.943 ], [ -12.876, 7.942 ], [ -12.87, 7.942 ], [ -12.864, 7.942 ], [ -12.859, 7.942 ], [ -12.854, 7.94 ], [ -12.852, 7.939 ], [ -12.849, 7.939 ], [ -12.848, 7.94 ], [ -12.849, 7.94 ], [ -12.849, 7.94 ], [ -12.85, 7.94 ], [ -12.85, 7.941 ], [ -12.851, 7.943 ], [ -12.853, 7.945 ], [ -12.854, 7.944 ], [ -12.855, 7.945 ], [ -12.856, 7.947 ], [ -12.859, 7.948 ], [ -12.861, 7.949 ], [ -12.864, 7.951 ], [ -12.871, 7.953 ], [ -12.877, 7.955 ], [ -12.879, 7.957 ], [ -12.88, 7.958 ], [ -12.882, 7.958 ], [ -12.887, 7.958 ], [ -12.889, 7.96 ], [ -12.892, 7.964 ], [ -12.892, 7.97 ], [ -12.893, 7.975 ], [ -12.893, 7.979 ], [ -12.893, 7.983 ], [ -12.894, 7.983 ], [ -12.894, 7.984 ], [ -12.896, 7.987 ], [ -12.897, 7.991 ], [ -12.896, 7.995 ], [ -12.896, 7.998 ], [ -12.898, 8.0 ], [ -12.899, 8.001 ], [ -12.9, 8.007 ], [ -12.9, 8.012 ], [ -12.9, 8.013 ], [ -12.9, 8.014 ], [ -12.901, 8.017 ], [ -12.902, 8.021 ], [ -12.902, 8.023 ], [ -12.903, 8.025 ], [ -12.904, 8.028 ], [ -12.904, 8.028 ], [ -12.904, 8.029 ], [ -12.905, 8.032 ], [ -12.905, 8.032 ], [ -12.904, 8.034 ], [ -12.906, 8.038 ], [ -12.906, 8.041 ], [ -12.906, 8.043 ], [ -12.906, 8.045 ], [ -12.905, 8.047 ], [ -12.904, 8.049 ], [ -12.904, 8.052 ], [ -12.904, 8.054 ], [ -12.904, 8.056 ], [ -12.903, 8.059 ], [ -12.903, 8.06 ], [ -12.903, 8.062 ], [ -12.903, 8.063 ], [ -12.903, 8.065 ], [ -12.904, 8.066 ], [ -12.904, 8.069 ], [ -12.904, 8.071 ], [ -12.903, 8.072 ], [ -12.902, 8.074 ], [ -12.9, 8.077 ], [ -12.898, 8.082 ], [ -12.898, 8.086 ], [ -12.898, 8.087 ], [ -12.898, 8.089 ], [ -12.898, 8.09 ], [ -12.893, 8.09 ], [ -12.898, 8.09 ], [ -12.897, 8.093 ], [ -12.907, 8.091 ], [ -12.908, 8.09 ], [ -12.91, 8.089 ], [ -12.912, 8.091 ], [ -12.912, 8.092 ], [ -12.912, 8.092 ], [ -12.913, 8.092 ], [ -12.914, 8.093 ], [ -12.915, 8.095 ], [ -12.913, 8.096 ], [ -12.913, 8.1 ], [ -12.913, 8.1 ], [ -12.913, 8.101 ], [ -12.915, 8.102 ], [ -12.917, 8.103 ], [ -12.918, 8.103 ], [ -12.918, 8.102 ], [ -12.919, 8.103 ], [ -12.919, 8.104 ], [ -12.92, 8.105 ], [ -12.921, 8.106 ], [ -12.922, 8.107 ], [ -12.925, 8.109 ], [ -12.925, 8.112 ], [ -12.924, 8.114 ], [ -12.924, 8.115 ], [ -12.925, 8.116 ], [ -12.926, 8.119 ], [ -12.927, 8.122 ], [ -12.929, 8.124 ], [ -12.929, 8.124 ], [ -12.93, 8.128 ], [ -12.932, 8.131 ], [ -12.933, 8.133 ], [ -12.934, 8.134 ], [ -12.936, 8.135 ], [ -12.935, 8.136 ], [ -12.936, 8.137 ], [ -12.935, 8.138 ], [ -12.936, 8.14 ], [ -12.937, 8.141 ], [ -12.939, 8.145 ], [ -12.941, 8.146 ], [ -12.941, 8.147 ], [ -12.942, 8.149 ], [ -12.942, 8.149 ], [ -12.944, 8.153 ], [ -12.945, 8.155 ], [ -12.951, 8.161 ], [ -12.954, 8.165 ], [ -12.954, 8.165 ], [ -12.956, 8.167 ], [ -12.959, 8.171 ], [ -12.962, 8.173 ], [ -12.964, 8.175 ], [ -12.969, 8.181 ], [ -12.976, 8.187 ], [ -12.987, 8.201 ], [ -12.993, 8.209 ], [ -12.992, 8.214 ], [ -12.991, 8.219 ], [ -12.989, 8.218 ], [ -12.988, 8.222 ], [ -12.988, 8.229 ], [ -12.989, 8.233 ], [ -12.989, 8.236 ], [ -12.985, 8.242 ], [ -12.98, 8.247 ], [ -12.977, 8.25 ], [ -12.975, 8.254 ], [ -12.975, 8.258 ], [ -12.975, 8.261 ], [ -12.975, 8.262 ], [ -12.972, 8.265 ], [ -12.972, 8.265 ], [ -12.971, 8.266 ], [ -12.969, 8.266 ], [ -12.967, 8.265 ], [ -12.965, 8.262 ], [ -12.964, 8.258 ], [ -12.963, 8.253 ], [ -12.959, 8.25 ], [ -12.957, 8.249 ], [ -12.953, 8.249 ], [ -12.953, 8.249 ], [ -12.951, 8.249 ], [ -12.949, 8.251 ], [ -12.949, 8.254 ], [ -12.948, 8.257 ], [ -12.948, 8.258 ], [ -12.946, 8.261 ], [ -12.944, 8.262 ], [ -12.942, 8.263 ], [ -12.94, 8.264 ], [ -12.938, 8.265 ], [ -12.937, 8.265 ], [ -12.936, 8.264 ], [ -12.934, 8.262 ], [ -12.934, 8.262 ], [ -12.934, 8.261 ], [ -12.933, 8.259 ], [ -12.929, 8.259 ], [ -12.924, 8.26 ], [ -12.922, 8.261 ], [ -12.918, 8.262 ], [ -12.913, 8.263 ], [ -12.914, 8.267 ], [ -12.914, 8.271 ], [ -12.909, 8.274 ], [ -12.908, 8.272 ], [ -12.909, 8.274 ], [ -12.904, 8.277 ], [ -12.901, 8.275 ], [ -12.898, 8.273 ], [ -12.892, 8.276 ], [ -12.889, 8.277 ], [ -12.888, 8.277 ], [ -12.883, 8.28 ], [ -12.885, 8.283 ], [ -12.886, 8.284 ], [ -12.89, 8.285 ], [ -12.892, 8.286 ], [ -12.893, 8.289 ], [ -12.887, 8.294 ], [ -12.885, 8.298 ], [ -12.885, 8.303 ], [ -12.884, 8.308 ], [ -12.883, 8.311 ], [ -12.878, 8.309 ], [ -12.877, 8.306 ], [ -12.873, 8.302 ], [ -12.871, 8.303 ], [ -12.869, 8.303 ], [ -12.865, 8.306 ], [ -12.863, 8.309 ], [ -12.862, 8.309 ], [ -12.863, 8.312 ], [ -12.866, 8.315 ], [ -12.868, 8.318 ], [ -12.869, 8.321 ], [ -12.868, 8.326 ], [ -12.866, 8.329 ], [ -12.864, 8.333 ], [ -12.858, 8.332 ], [ -12.853, 8.332 ], [ -12.849, 8.334 ], [ -12.849, 8.334 ], [ -12.848, 8.337 ], [ -12.848, 8.339 ], [ -12.848, 8.34 ], [ -12.85, 8.342 ], [ -12.852, 8.343 ], [ -12.853, 8.345 ], [ -12.856, 8.349 ], [ -12.855, 8.352 ], [ -12.851, 8.352 ], [ -12.846, 8.352 ], [ -12.843, 8.355 ], [ -12.843, 8.355 ], [ -12.84, 8.357 ], [ -12.839, 8.357 ], [ -12.838, 8.358 ], [ -12.838, 8.359 ], [ -12.84, 8.363 ], [ -12.841, 8.366 ], [ -12.842, 8.37 ], [ -12.84, 8.373 ], [ -12.837, 8.374 ], [ -12.831, 8.373 ], [ -12.826, 8.374 ], [ -12.825, 8.378 ], [ -12.825, 8.378 ], [ -12.826, 8.38 ], [ -12.828, 8.383 ], [ -12.827, 8.389 ], [ -12.829, 8.392 ], [ -12.83, 8.394 ], [ -12.83, 8.395 ], [ -12.83, 8.397 ], [ -12.824, 8.395 ], [ -12.82, 8.395 ], [ -12.816, 8.398 ], [ -12.812, 8.396 ], [ -12.812, 8.396 ], [ -12.81, 8.391 ], [ -12.81, 8.39 ], [ -12.809, 8.388 ], [ -12.806, 8.388 ], [ -12.803, 8.389 ], [ -12.803, 8.387 ], [ -12.803, 8.389 ], [ -12.801, 8.389 ], [ -12.797, 8.391 ], [ -12.79, 8.392 ], [ -12.79, 8.387 ], [ -12.788, 8.386 ], [ -12.783, 8.387 ], [ -12.783, 8.386 ], [ -12.781, 8.382 ], [ -12.781, 8.38 ], [ -12.78, 8.379 ], [ -12.775, 8.379 ], [ -12.773, 8.375 ], [ -12.771, 8.372 ], [ -12.765, 8.373 ], [ -12.765, 8.369 ], [ -12.762, 8.365 ], [ -12.762, 8.364 ], [ -12.761, 8.359 ], [ -12.758, 8.358 ], [ -12.757, 8.357 ], [ -12.757, 8.357 ], [ -12.754, 8.357 ], [ -12.753, 8.352 ], [ -12.748, 8.355 ], [ -12.746, 8.351 ], [ -12.743, 8.349 ], [ -12.742, 8.351 ], [ -12.74, 8.352 ], [ -12.736, 8.349 ], [ -12.731, 8.35 ], [ -12.73, 8.347 ], [ -12.727, 8.35 ], [ -12.723, 8.351 ], [ -12.722, 8.352 ], [ -12.719, 8.354 ], [ -12.721, 8.357 ], [ -12.723, 8.359 ], [ -12.719, 8.362 ], [ -12.719, 8.364 ], [ -12.72, 8.368 ], [ -12.72, 8.368 ], [ -12.719, 8.369 ], [ -12.714, 8.366 ], [ -12.709, 8.364 ], [ -12.704, 8.364 ], [ -12.7, 8.364 ], [ -12.694, 8.365 ], [ -12.69, 8.367 ], [ -12.689, 8.367 ], [ -12.683, 8.369 ], [ -12.679, 8.371 ], [ -12.678, 8.368 ], [ -12.677, 8.366 ], [ -12.675, 8.364 ], [ -12.673, 8.368 ], [ -12.673, 8.37 ], [ -12.67, 8.372 ], [ -12.67, 8.376 ], [ -12.664, 8.376 ], [ -12.661, 8.376 ], [ -12.66, 8.376 ], [ -12.658, 8.372 ], [ -12.656, 8.375 ], [ -12.653, 8.375 ], [ -12.652, 8.371 ], [ -12.65, 8.368 ], [ -12.648, 8.367 ], [ -12.647, 8.368 ], [ -12.647, 8.364 ], [ -12.648, 8.36 ], [ -12.647, 8.357 ], [ -12.647, 8.356 ], [ -12.645, 8.354 ], [ -12.641, 8.354 ], [ -12.638, 8.352 ], [ -12.635, 8.354 ], [ -12.632, 8.355 ], [ -12.627, 8.353 ], [ -12.623, 8.352 ], [ -12.62, 8.35 ], [ -12.62, 8.35 ], [ -12.619, 8.349 ], [ -12.618, 8.347 ], [ -12.617, 8.345 ], [ -12.614, 8.342 ], [ -12.614, 8.342 ], [ -12.613, 8.341 ], [ -12.609, 8.341 ], [ -12.606, 8.341 ], [ -12.604, 8.341 ], [ -12.604, 8.336 ], [ -12.602, 8.333 ], [ -12.599, 8.33 ], [ -12.598, 8.327 ], [ -12.598, 8.325 ], [ -12.598, 8.323 ], [ -12.598, 8.321 ], [ -12.595, 8.317 ], [ -12.594, 8.316 ], [ -12.594, 8.314 ], [ -12.593, 8.313 ], [ -12.593, 8.312 ], [ -12.592, 8.31 ], [ -12.586, 8.308 ], [ -12.583, 8.307 ], [ -12.577, 8.305 ], [ -12.575, 8.306 ], [ -12.571, 8.305 ], [ -12.569, 8.305 ], [ -12.567, 8.303 ], [ -12.564, 8.302 ], [ -12.56, 8.301 ], [ -12.556, 8.299 ], [ -12.554, 8.299 ], [ -12.551, 8.297 ], [ -12.549, 8.296 ], [ -12.548, 8.295 ], [ -12.547, 8.295 ], [ -12.546, 8.294 ], [ -12.543, 8.293 ], [ -12.541, 8.291 ], [ -12.537, 8.29 ], [ -12.536, 8.29 ], [ -12.533, 8.289 ], [ -12.528, 8.288 ], [ -12.525, 8.288 ], [ -12.52, 8.288 ], [ -12.516, 8.287 ], [ -12.509, 8.288 ], [ -12.504, 8.288 ], [ -12.503, 8.288 ], [ -12.498, 8.288 ], [ -12.494, 8.288 ], [ -12.491, 8.289 ], [ -12.485, 8.292 ], [ -12.481, 8.294 ], [ -12.478, 8.294 ], [ -12.477, 8.294 ], [ -12.475, 8.294 ], [ -12.471, 8.293 ], [ -12.468, 8.292 ], [ -12.464, 8.292 ], [ -12.462, 8.293 ], [ -12.46, 8.295 ], [ -12.457, 8.299 ], [ -12.453, 8.302 ], [ -12.449, 8.304 ], [ -12.447, 8.306 ], [ -12.444, 8.307 ], [ -12.441, 8.308 ], [ -12.438, 8.31 ], [ -12.436, 8.314 ], [ -12.432, 8.315 ], [ -12.426, 8.315 ], [ -12.421, 8.312 ], [ -12.421, 8.312 ], [ -12.418, 8.311 ], [ -12.415, 8.313 ], [ -12.41, 8.314 ], [ -12.408, 8.315 ], [ -12.404, 8.317 ], [ -12.401, 8.317 ], [ -12.397, 8.317 ], [ -12.395, 8.32 ], [ -12.394, 8.32 ], [ -12.395, 8.32 ], [ -12.393, 8.323 ], [ -12.392, 8.326 ], [ -12.392, 8.329 ], [ -12.391, 8.332 ], [ -12.388, 8.334 ], [ -12.384, 8.336 ], [ -12.381, 8.34 ], [ -12.38, 8.342 ], [ -12.372, 8.347 ], [ -12.372, 8.348 ], [ -12.371, 8.35 ], [ -12.371, 8.353 ], [ -12.367, 8.351 ], [ -12.363, 8.35 ], [ -12.36, 8.35 ], [ -12.358, 8.351 ], [ -12.356, 8.352 ], [ -12.352, 8.354 ], [ -12.35, 8.354 ], [ -12.349, 8.352 ], [ -12.346, 8.352 ], [ -12.344, 8.352 ], [ -12.342, 8.35 ], [ -12.339, 8.346 ], [ -12.339, 8.345 ], [ -12.336, 8.341 ], [ -12.334, 8.339 ], [ -12.333, 8.337 ], [ -12.331, 8.335 ], [ -12.33, 8.335 ], [ -12.326, 8.334 ], [ -12.321, 8.333 ], [ -12.316, 8.332 ], [ -12.312, 8.331 ], [ -12.308, 8.33 ], [ -12.307, 8.329 ], [ -12.306, 8.329 ], [ -12.303, 8.328 ], [ -12.301, 8.328 ], [ -12.3, 8.325 ], [ -12.3, 8.322 ], [ -12.299, 8.322 ], [ -12.298, 8.322 ], [ -12.296, 8.322 ], [ -12.295, 8.322 ], [ -12.294, 8.319 ], [ -12.293, 8.32 ], [ -12.292, 8.32 ], [ -12.291, 8.324 ], [ -12.292, 8.327 ], [ -12.288, 8.329 ], [ -12.286, 8.331 ], [ -12.285, 8.334 ], [ -12.283, 8.337 ], [ -12.281, 8.337 ], [ -12.28, 8.34 ], [ -12.278, 8.342 ], [ -12.276, 8.345 ], [ -12.276, 8.345 ], [ -12.273, 8.347 ], [ -12.27, 8.349 ], [ -12.267, 8.349 ], [ -12.266, 8.35 ], [ -12.262, 8.351 ], [ -12.262, 8.351 ], [ -12.26, 8.351 ], [ -12.258, 8.352 ], [ -12.256, 8.352 ], [ -12.255, 8.352 ], [ -12.25, 8.352 ], [ -12.247, 8.354 ], [ -12.245, 8.35 ], [ -12.242, 8.349 ], [ -12.24, 8.348 ], [ -12.237, 8.347 ], [ -12.235, 8.346 ], [ -12.234, 8.345 ], [ -12.231, 8.345 ], [ -12.23, 8.344 ], [ -12.229, 8.345 ], [ -12.227, 8.345 ], [ -12.226, 8.348 ], [ -12.224, 8.348 ], [ -12.222, 8.351 ], [ -12.219, 8.353 ], [ -12.219, 8.351 ], [ -12.217, 8.352 ], [ -12.216, 8.353 ], [ -12.214, 8.352 ], [ -12.211, 8.351 ], [ -12.209, 8.351 ], [ -12.206, 8.351 ], [ -12.203, 8.351 ], [ -12.2, 8.354 ], [ -12.197, 8.355 ], [ -12.193, 8.356 ], [ -12.19, 8.357 ], [ -12.186, 8.359 ], [ -12.183, 8.36 ], [ -12.179, 8.361 ], [ -12.175, 8.361 ], [ -12.172, 8.361 ], [ -12.169, 8.361 ], [ -12.167, 8.359 ], [ -12.166, 8.357 ], [ -12.169, 8.352 ], [ -12.17, 8.349 ], [ -12.168, 8.343 ], [ -12.166, 8.339 ], [ -12.163, 8.336 ], [ -12.161, 8.334 ], [ -12.161, 8.333 ], [ -12.158, 8.33 ], [ -12.154, 8.329 ], [ -12.15, 8.328 ], [ -12.147, 8.327 ], [ -12.144, 8.326 ], [ -12.141, 8.326 ], [ -12.14, 8.324 ], [ -12.137, 8.322 ], [ -12.134, 8.32 ], [ -12.134, 8.317 ], [ -12.134, 8.314 ], [ -12.136, 8.312 ], [ -12.134, 8.308 ], [ -12.134, 8.307 ], [ -12.132, 8.305 ], [ -12.129, 8.304 ], [ -12.125, 8.303 ], [ -12.124, 8.303 ], [ -12.123, 8.301 ], [ -12.121, 8.301 ], [ -12.122, 8.299 ], [ -12.119, 8.299 ], [ -12.117, 8.298 ], [ -12.114, 8.297 ], [ -12.11, 8.294 ], [ -12.109, 8.293 ], [ -12.108, 8.292 ], [ -12.106, 8.291 ], [ -12.105, 8.289 ], [ -12.103, 8.288 ], [ -12.103, 8.287 ], [ -12.099, 8.285 ], [ -12.099, 8.283 ], [ -12.097, 8.282 ], [ -12.093, 8.281 ], [ -12.09, 8.28 ], [ -12.088, 8.28 ], [ -12.085, 8.278 ], [ -12.082, 8.277 ], [ -12.079, 8.272 ], [ -12.08, 8.269 ], [ -12.079, 8.267 ], [ -12.078, 8.266 ], [ -12.075, 8.263 ], [ -12.072, 8.261 ], [ -12.07, 8.261 ], [ -12.069, 8.26 ], [ -12.069, 8.26 ], [ -12.067, 8.26 ], [ -12.065, 8.261 ], [ -12.064, 8.261 ], [ -12.062, 8.259 ], [ -12.061, 8.258 ], [ -12.058, 8.255 ], [ -12.055, 8.254 ], [ -12.055, 8.252 ], [ -12.057, 8.251 ], [ -12.058, 8.25 ], [ -12.058, 8.25 ], [ -12.057, 8.249 ], [ -12.056, 8.248 ], [ -12.051, 8.248 ], [ -12.049, 8.249 ], [ -12.047, 8.249 ], [ -12.045, 8.251 ], [ -12.042, 8.25 ], [ -12.04, 8.25 ], [ -12.039, 8.25 ], [ -12.038, 8.249 ], [ -12.037, 8.246 ], [ -12.036, 8.244 ], [ -12.034, 8.242 ], [ -12.034, 8.238 ], [ -12.032, 8.237 ], [ -12.031, 8.237 ], [ -12.03, 8.237 ], [ -12.03, 8.237 ], [ -12.029, 8.24 ], [ -12.031, 8.244 ], [ -12.032, 8.247 ], [ -12.033, 8.25 ], [ -12.035, 8.251 ], [ -12.035, 8.251 ], [ -12.036, 8.253 ], [ -12.036, 8.256 ], [ -12.035, 8.259 ], [ -12.033, 8.265 ], [ -12.033, 8.269 ], [ -12.034, 8.272 ], [ -12.037, 8.277 ], [ -12.037, 8.279 ], [ -12.038, 8.28 ], [ -12.04, 8.284 ], [ -12.04, 8.287 ], [ -12.034, 8.289 ], [ -12.035, 8.294 ], [ -12.035, 8.297 ], [ -12.036, 8.297 ], [ -12.038, 8.297 ], [ -12.041, 8.296 ], [ -12.042, 8.293 ], [ -12.045, 8.292 ], [ -12.048, 8.291 ], [ -12.05, 8.291 ], [ -12.054, 8.294 ], [ -12.057, 8.3 ], [ -12.061, 8.309 ], [ -12.062, 8.312 ], [ -12.066, 8.313 ], [ -12.067, 8.316 ], [ -12.067, 8.319 ], [ -12.066, 8.321 ], [ -12.066, 8.322 ], [ -12.062, 8.326 ], [ -12.058, 8.33 ], [ -12.054, 8.335 ], [ -12.052, 8.338 ], [ -12.051, 8.34 ], [ -12.051, 8.341 ], [ -12.049, 8.344 ], [ -12.047, 8.346 ], [ -12.046, 8.348 ], [ -12.044, 8.351 ], [ -12.044, 8.356 ], [ -12.044, 8.359 ], [ -12.043, 8.362 ], [ -12.043, 8.364 ], [ -12.039, 8.367 ], [ -12.036, 8.37 ], [ -12.035, 8.369 ], [ -12.035, 8.366 ], [ -12.036, 8.363 ], [ -12.036, 8.361 ], [ -12.034, 8.358 ], [ -12.032, 8.358 ], [ -12.028, 8.358 ], [ -12.026, 8.362 ], [ -12.025, 8.367 ], [ -12.024, 8.37 ], [ -12.022, 8.372 ], [ -12.02, 8.372 ], [ -12.017, 8.372 ], [ -12.013, 8.372 ], [ -12.008, 8.373 ], [ -12.007, 8.376 ], [ -12.004, 8.382 ], [ -12.002, 8.384 ], [ -12.002, 8.386 ], [ -12.001, 8.386 ], [ -12.001, 8.386 ], [ -12.0, 8.386 ], [ -12.0, 8.387 ], [ -12.0, 8.388 ], [ -12.0, 8.388 ], [ -12.0, 8.389 ], [ -11.996, 8.391 ], [ -11.996, 8.388 ], [ -11.996, 8.379 ], [ -11.996, 8.376 ], [ -11.994, 8.374 ], [ -11.991, 8.373 ], [ -11.988, 8.37 ], [ -11.982, 8.368 ], [ -11.979, 8.365 ], [ -11.977, 8.364 ], [ -11.97, 8.362 ], [ -11.968, 8.361 ], [ -11.966, 8.362 ], [ -11.964, 8.362 ], [ -11.962, 8.361 ], [ -11.96, 8.358 ], [ -11.957, 8.36 ], [ -11.955, 8.358 ], [ -11.953, 8.358 ], [ -11.951, 8.356 ], [ -11.949, 8.358 ], [ -11.948, 8.356 ], [ -11.948, 8.354 ], [ -11.947, 8.355 ], [ -11.945, 8.356 ], [ -11.943, 8.356 ], [ -11.943, 8.353 ], [ -11.942, 8.352 ], [ -11.939, 8.352 ], [ -11.939, 8.351 ], [ -11.937, 8.352 ], [ -11.935, 8.35 ], [ -11.934, 8.35 ], [ -11.931, 8.349 ], [ -11.931, 8.349 ], [ -11.93, 8.351 ], [ -11.928, 8.35 ], [ -11.928, 8.35 ], [ -11.925, 8.351 ], [ -11.924, 8.354 ], [ -11.923, 8.356 ], [ -11.921, 8.355 ], [ -11.92, 8.357 ], [ -11.919, 8.358 ], [ -11.916, 8.358 ], [ -11.915, 8.361 ], [ -11.914, 8.36 ], [ -11.911, 8.36 ], [ -11.91, 8.359 ], [ -11.908, 8.359 ], [ -11.905, 8.359 ], [ -11.903, 8.359 ], [ -11.9, 8.36 ], [ -11.899, 8.36 ], [ -11.896, 8.359 ], [ -11.895, 8.358 ], [ -11.892, 8.356 ], [ -11.891, 8.355 ], [ -11.887, 8.355 ], [ -11.886, 8.355 ], [ -11.882, 8.355 ], [ -11.88, 8.356 ], [ -11.878, 8.354 ], [ -11.875, 8.354 ], [ -11.874, 8.354 ], [ -11.873, 8.354 ], [ -11.871, 8.352 ], [ -11.869, 8.351 ], [ -11.866, 8.35 ], [ -11.862, 8.351 ], [ -11.858, 8.353 ], [ -11.856, 8.355 ], [ -11.856, 8.355 ], [ -11.854, 8.357 ], [ -11.852, 8.36 ], [ -11.848, 8.361 ], [ -11.845, 8.361 ], [ -11.842, 8.361 ], [ -11.838, 8.359 ], [ -11.836, 8.357 ], [ -11.832, 8.356 ], [ -11.83, 8.356 ], [ -11.827, 8.356 ], [ -11.823, 8.358 ], [ -11.823, 8.356 ], [ -11.821, 8.347 ], [ -11.82, 8.343 ], [ -11.819, 8.339 ], [ -11.818, 8.336 ], [ -11.819, 8.333 ], [ -11.818, 8.331 ], [ -11.815, 8.332 ], [ -11.813, 8.334 ], [ -11.81, 8.336 ], [ -11.805, 8.335 ], [ -11.803, 8.333 ], [ -11.803, 8.337 ], [ -11.8, 8.339 ], [ -11.796, 8.341 ], [ -11.791, 8.343 ], [ -11.788, 8.339 ], [ -11.788, 8.335 ], [ -11.787, 8.333 ], [ -11.785, 8.33 ], [ -11.785, 8.327 ], [ -11.784, 8.324 ], [ -11.784, 8.32 ], [ -11.784, 8.319 ], [ -11.783, 8.314 ], [ -11.782, 8.31 ], [ -11.781, 8.307 ], [ -11.78, 8.301 ], [ -11.78, 8.299 ], [ -11.78, 8.294 ], [ -11.782, 8.285 ], [ -11.784, 8.282 ], [ -11.786, 8.281 ], [ -11.788, 8.279 ], [ -11.793, 8.276 ], [ -11.798, 8.272 ], [ -11.806, 8.266 ], [ -11.811, 8.261 ], [ -11.815, 8.258 ], [ -11.816, 8.253 ], [ -11.816, 8.253 ], [ -11.809, 8.248 ], [ -11.806, 8.246 ], [ -11.804, 8.244 ], [ -11.804, 8.241 ], [ -11.805, 8.238 ], [ -11.805, 8.235 ], [ -11.805, 8.232 ], [ -11.805, 8.232 ], [ -11.804, 8.229 ], [ -11.803, 8.226 ], [ -11.801, 8.223 ], [ -11.801, 8.22 ], [ -11.802, 8.216 ], [ -11.802, 8.209 ], [ -11.802, 8.208 ], [ -11.802, 8.201 ], [ -11.802, 8.198 ], [ -11.803, 8.193 ], [ -11.803, 8.189 ], [ -11.804, 8.186 ], [ -11.805, 8.183 ], [ -11.805, 8.18 ], [ -11.806, 8.177 ], [ -11.808, 8.174 ], [ -11.808, 8.173 ], [ -11.809, 8.172 ], [ -11.811, 8.171 ], [ -11.808, 8.169 ], [ -11.811, 8.168 ], [ -11.811, 8.166 ], [ -11.813, 8.165 ], [ -11.813, 8.164 ], [ -11.814, 8.162 ], [ -11.814, 8.161 ], [ -11.816, 8.158 ], [ -11.816, 8.153 ], [ -11.82, 8.155 ], [ -11.824, 8.155 ], [ -11.828, 8.156 ], [ -11.834, 8.156 ], [ -11.837, 8.155 ], [ -11.845, 8.155 ], [ -11.852, 8.153 ], [ -11.858, 8.151 ], [ -11.864, 8.147 ], [ -11.867, 8.145 ], [ -11.87, 8.144 ], [ -11.875, 8.141 ], [ -11.877, 8.137 ], [ -11.882, 8.131 ], [ -11.883, 8.13 ], [ -11.885, 8.128 ], [ -11.888, 8.123 ], [ -11.89, 8.117 ], [ -11.892, 8.113 ], [ -11.896, 8.109 ], [ -11.898, 8.105 ], [ -11.9, 8.1 ], [ -11.901, 8.098 ], [ -11.903, 8.09 ], [ -11.906, 8.083 ], [ -11.907, 8.08 ], [ -11.908, 8.078 ], [ -11.908, 8.078 ], [ -11.91, 8.075 ], [ -11.913, 8.071 ], [ -11.916, 8.068 ], [ -11.917, 8.064 ], [ -11.915, 8.061 ], [ -11.913, 8.058 ], [ -11.91, 8.056 ], [ -11.907, 8.054 ], [ -11.905, 8.052 ], [ -11.902, 8.051 ], [ -11.899, 8.048 ], [ -11.896, 8.045 ], [ -11.894, 8.043 ], [ -11.891, 8.04 ], [ -11.889, 8.038 ], [ -11.886, 8.034 ], [ -11.883, 8.031 ], [ -11.882, 8.029 ], [ -11.883, 8.026 ], [ -11.885, 8.023 ], [ -11.887, 8.021 ], [ -11.889, 8.018 ], [ -11.892, 8.015 ], [ -11.893, 8.011 ], [ -11.894, 8.008 ], [ -11.893, 8.004 ], [ -11.89, 8.0 ], [ -11.886, 7.997 ], [ -11.882, 7.994 ], [ -11.885, 7.994 ], [ -11.887, 7.992 ], [ -11.891, 7.991 ], [ -11.894, 7.989 ], [ -11.898, 7.991 ], [ -11.9, 7.993 ], [ -11.904, 7.996 ], [ -11.906, 7.998 ], [ -11.909, 7.999 ], [ -11.91, 7.999 ], [ -11.91, 8.001 ], [ -11.91, 7.999 ], [ -11.912, 8.001 ], [ -11.914, 8.001 ], [ -11.919, 8.002 ], [ -11.922, 8.002 ], [ -11.928, 8.003 ], [ -11.933, 8.004 ], [ -11.938, 8.005 ], [ -11.941, 8.006 ], [ -11.946, 8.006 ], [ -11.954, 8.006 ], [ -11.959, 8.006 ], [ -11.967, 8.009 ], [ -11.973, 8.011 ], [ -11.978, 8.011 ], [ -11.978, 8.012 ], [ -11.982, 8.012 ], [ -11.985, 8.012 ], [ -11.992, 8.013 ], [ -11.996, 8.014 ], [ -12.001, 8.014 ], [ -12.009, 8.014 ], [ -12.012, 8.013 ], [ -12.014, 8.012 ], [ -12.016, 8.011 ], [ -12.018, 8.009 ], [ -12.02, 8.006 ], [ -12.022, 8.002 ], [ -12.027, 7.996 ], [ -12.033, 7.99 ], [ -12.035, 7.987 ], [ -12.037, 7.985 ], [ -12.042, 7.982 ], [ -12.046, 7.979 ], [ -12.046, 7.979 ], [ -12.049, 7.977 ], [ -12.056, 7.974 ], [ -12.061, 7.972 ], [ -12.064, 7.972 ], [ -12.066, 7.976 ], [ -12.067, 7.977 ], [ -12.07, 7.977 ], [ -12.073, 7.977 ], [ -12.076, 7.977 ], [ -12.077, 7.978 ], [ -12.079, 7.979 ], [ -12.082, 7.979 ], [ -12.086, 7.98 ], [ -12.091, 7.98 ], [ -12.096, 7.978 ], [ -12.096, 7.978 ], [ -12.1, 7.978 ], [ -12.103, 7.977 ], [ -12.105, 7.977 ], [ -12.107, 7.977 ], [ -12.112, 7.977 ], [ -12.116, 7.976 ], [ -12.117, 7.975 ], [ -12.12, 7.975 ], [ -12.122, 7.976 ], [ -12.126, 7.977 ], [ -12.129, 7.975 ], [ -12.13, 7.972 ], [ -12.132, 7.97 ], [ -12.133, 7.966 ], [ -12.135, 7.966 ], [ -12.137, 7.966 ], [ -12.138, 7.962 ], [ -12.14, 7.958 ], [ -12.142, 7.956 ], [ -12.141, 7.953 ], [ -12.141, 7.946 ], [ -12.14, 7.945 ], [ -12.139, 7.944 ], [ -12.137, 7.943 ], [ -12.136, 7.943 ], [ -12.135, 7.939 ], [ -12.135, 7.936 ], [ -12.135, 7.932 ], [ -12.134, 7.928 ], [ -12.133, 7.923 ], [ -12.133, 7.923 ], [ -12.133, 7.919 ], [ -12.135, 7.914 ], [ -12.136, 7.911 ], [ -12.136, 7.91 ], [ -12.135, 7.906 ], [ -12.134, 7.904 ], [ -12.136, 7.9 ], [ -12.137, 7.898 ], [ -12.137, 7.896 ], [ -12.138, 7.892 ], [ -12.138, 7.889 ], [ -12.138, 7.884 ], [ -12.137, 7.881 ], [ -12.136, 7.877 ], [ -12.137, 7.874 ], [ -12.139, 7.871 ], [ -12.14, 7.871 ], [ -12.141, 7.868 ], [ -12.145, 7.864 ], [ -12.147, 7.861 ], [ -12.147, 7.856 ], [ -12.145, 7.852 ], [ -12.144, 7.85 ], [ -12.144, 7.849 ], [ -12.143, 7.849 ], [ -12.142, 7.848 ], [ -12.138, 7.846 ], [ -12.136, 7.843 ], [ -12.136, 7.842 ], [ -12.135, 7.839 ], [ -12.136, 7.835 ], [ -12.137, 7.832 ], [ -12.137, 7.832 ], [ -12.137, 7.828 ], [ -12.138, 7.826 ], [ -12.139, 7.823 ], [ -12.139, 7.82 ], [ -12.139, 7.816 ], [ -12.138, 7.813 ], [ -12.137, 7.81 ], [ -12.137, 7.807 ], [ -12.137, 7.804 ], [ -12.137, 7.799 ], [ -12.135, 7.799 ], [ -12.133, 7.798 ], [ -12.132, 7.796 ], [ -12.13, 7.794 ], [ -12.129, 7.791 ], [ -12.13, 7.789 ], [ -12.132, 7.788 ], [ -12.135, 7.787 ], [ -12.137, 7.787 ], [ -12.137, 7.787 ], [ -12.137, 7.785 ], [ -12.137, 7.784 ], [ -12.135, 7.781 ], [ -12.133, 7.778 ], [ -12.134, 7.773 ], [ -12.136, 7.769 ], [ -12.137, 7.765 ], [ -12.136, 7.763 ], [ -12.131, 7.758 ], [ -12.13, 7.757 ], [ -12.127, 7.754 ], [ -12.124, 7.751 ], [ -12.123, 7.748 ], [ -12.124, 7.746 ], [ -12.123, 7.745 ], [ -12.123, 7.743 ], [ -12.121, 7.742 ], [ -12.121, 7.741 ], [ -12.12, 7.738 ], [ -12.118, 7.734 ], [ -12.117, 7.733 ], [ -12.115, 7.73 ], [ -12.113, 7.724 ], [ -12.109, 7.72 ], [ -12.109, 7.72 ], [ -12.108, 7.716 ], [ -12.108, 7.712 ], [ -12.108, 7.71 ], [ -12.112, 7.704 ], [ -12.114, 7.698 ], [ -12.116, 7.694 ], [ -12.117, 7.689 ], [ -12.117, 7.689 ], [ -12.117, 7.687 ], [ -12.115, 7.686 ], [ -12.113, 7.683 ], [ -12.111, 7.682 ], [ -12.11, 7.681 ], [ -12.108, 7.679 ], [ -12.106, 7.677 ], [ -12.107, 7.676 ], [ -12.111, 7.672 ], [ -12.116, 7.668 ], [ -12.12, 7.664 ], [ -12.122, 7.663 ], [ -12.125, 7.662 ], [ -12.129, 7.662 ], [ -12.133, 7.662 ], [ -12.136, 7.662 ], [ -12.14, 7.663 ], [ -12.141, 7.664 ], [ -12.143, 7.664 ], [ -12.144, 7.664 ] ], [ [ -12.677, 7.704 ], [ -12.677, 7.704 ], [ -12.677, 7.71 ], [ -12.677, 7.705 ], [ -12.677, 7.704 ] ] ], [ [ [ -12.987, 7.911 ], [ -12.987, 7.911 ], [ -12.988, 7.911 ], [ -12.988, 7.91 ], [ -12.988, 7.91 ], [ -12.988, 7.91 ], [ -12.987, 7.91 ], [ -12.987, 7.909 ], [ -12.988, 7.909 ], [ -12.988, 7.909 ], [ -12.989, 7.909 ], [ -12.989, 7.909 ], [ -12.989, 7.909 ], [ -12.989, 7.908 ], [ -12.99, 7.908 ], [ -12.99, 7.908 ], [ -12.99, 7.908 ], [ -12.991, 7.908 ], [ -12.991, 7.908 ], [ -12.992, 7.908 ], [ -12.992, 7.909 ], [ -12.993, 7.909 ], [ -12.993, 7.909 ], [ -12.993, 7.91 ], [ -12.993, 7.91 ], [ -12.993, 7.909 ], [ -12.994, 7.909 ], [ -12.994, 7.909 ], [ -12.995, 7.909 ], [ -12.995, 7.909 ], [ -12.995, 7.909 ], [ -12.994, 7.91 ], [ -12.994, 7.91 ], [ -12.994, 7.911 ], [ -12.993, 7.911 ], [ -12.992, 7.912 ], [ -12.991, 7.912 ], [ -12.991, 7.912 ], [ -12.99, 7.912 ], [ -12.989, 7.912 ], [ -12.988, 7.912 ], [ -12.988, 7.912 ], [ -12.988, 7.912 ], [ -12.988, 7.912 ], [ -12.988, 7.912 ], [ -12.988, 7.912 ], [ -12.988, 7.912 ], [ -12.987, 7.912 ], [ -12.987, 7.912 ], [ -12.986, 7.912 ], [ -12.985, 7.912 ], [ -12.984, 7.912 ], [ -12.984, 7.912 ], [ -12.983, 7.911 ], [ -12.983, 7.911 ], [ -12.983, 7.911 ], [ -12.983, 7.911 ], [ -12.985, 7.91 ], [ -12.985, 7.91 ], [ -12.986, 7.911 ], [ -12.987, 7.911 ] ] ] ] } },
{ "type": "Feature", "properties": { "NEW_DIST": "Port Loko", "NEW_PROV": "North Western", "CS_Pro_Num": 5, "CS_Pro_Nam": "North Western", "CS_Dis_Num": 24, "CS_Dis_Nam": "Port Loko", "layer": "Port Loko District" }, "geometry": { "type": "MultiPolygon", "coordinates": [ [ [ [ -13.249, 8.805 ], [ -13.249, 8.806 ], [ -13.249, 8.813 ], [ -13.249, 8.815 ], [ -13.245, 8.822 ], [ -13.245, 8.823 ], [ -13.244, 8.823 ], [ -13.243, 8.825 ], [ -13.241, 8.827 ], [ -13.241, 8.827 ], [ -13.241, 8.826 ], [ -13.241, 8.827 ], [ -13.241, 8.828 ], [ -13.24, 8.828 ], [ -13.24, 8.829 ], [ -13.239, 8.83 ], [ -13.239, 8.831 ], [ -13.237, 8.832 ], [ -13.236, 8.833 ], [ -13.234, 8.836 ], [ -13.232, 8.837 ], [ -13.232, 8.838 ], [ -13.231, 8.839 ], [ -13.23, 8.841 ], [ -13.23, 8.841 ], [ -13.229, 8.841 ], [ -13.228, 8.842 ], [ -13.226, 8.843 ], [ -13.226, 8.843 ], [ -13.224, 8.844 ], [ -13.223, 8.845 ], [ -13.222, 8.845 ], [ -13.222, 8.846 ], [ -13.222, 8.846 ], [ -13.221, 8.846 ], [ -13.22, 8.847 ], [ -13.218, 8.848 ], [ -13.217, 8.85 ], [ -13.215, 8.851 ], [ -13.215, 8.851 ], [ -13.214, 8.852 ], [ -13.212, 8.855 ], [ -13.211, 8.856 ], [ -13.209, 8.857 ], [ -13.206, 8.859 ], [ -13.205, 8.859 ], [ -13.206, 8.859 ], [ -13.207, 8.859 ], [ -13.208, 8.859 ], [ -13.208, 8.86 ], [ -13.208, 8.861 ], [ -13.209, 8.862 ], [ -13.208, 8.863 ], [ -13.208, 8.864 ], [ -13.208, 8.864 ], [ -13.207, 8.864 ], [ -13.206, 8.863 ], [ -13.205, 8.863 ], [ -13.205, 8.862 ], [ -13.205, 8.862 ], [ -13.206, 8.862 ], [ -13.206, 8.861 ], [ -13.205, 8.861 ], [ -13.204, 8.861 ], [ -13.203, 8.86 ], [ -13.202, 8.86 ], [ -13.201, 8.859 ], [ -13.2, 8.859 ], [ -13.199, 8.859 ], [ -13.198, 8.858 ], [ -13.196, 8.856 ], [ -13.194, 8.855 ], [ -13.193, 8.854 ], [ -13.193, 8.854 ], [ -13.191, 8.854 ], [ -13.19, 8.854 ], [ -13.19, 8.853 ], [ -13.188, 8.853 ], [ -13.186, 8.853 ], [ -13.185, 8.853 ], [ -13.184, 8.853 ], [ -13.184, 8.853 ], [ -13.184, 8.853 ], [ -13.183, 8.853 ], [ -13.182, 8.853 ], [ -13.181, 8.853 ], [ -13.179, 8.853 ], [ -13.178, 8.853 ], [ -13.175, 8.852 ], [ -13.175, 8.851 ], [ -13.175, 8.85 ], [ -13.174, 8.85 ], [ -13.173, 8.85 ], [ -13.17, 8.849 ], [ -13.168, 8.849 ], [ -13.167, 8.847 ], [ -13.167, 8.847 ], [ -13.165, 8.846 ], [ -13.161, 8.845 ], [ -13.159, 8.844 ], [ -13.158, 8.843 ], [ -13.156, 8.843 ], [ -13.154, 8.843 ], [ -13.153, 8.847 ], [ -13.15, 8.852 ], [ -13.148, 8.855 ], [ -13.146, 8.853 ], [ -13.138, 8.85 ], [ -13.136, 8.849 ], [ -13.128, 8.849 ], [ -13.117, 8.846 ], [ -13.117, 8.846 ], [ -13.113, 8.846 ], [ -13.108, 8.846 ], [ -13.1, 8.846 ], [ -13.097, 8.846 ], [ -13.084, 8.848 ], [ -13.083, 8.848 ], [ -13.074, 8.845 ], [ -13.073, 8.845 ], [ -13.064, 8.845 ], [ -13.056, 8.845 ], [ -13.05, 8.847 ], [ -13.046, 8.848 ], [ -13.045, 8.848 ], [ -13.038, 8.849 ], [ -13.035, 8.85 ], [ -13.035, 8.85 ], [ -13.035, 8.85 ], [ -13.029, 8.851 ], [ -13.029, 8.851 ], [ -13.02, 8.852 ], [ -13.014, 8.855 ], [ -13.014, 8.855 ], [ -13.012, 8.855 ], [ -12.998, 8.853 ], [ -12.987, 8.848 ], [ -12.98, 8.845 ], [ -12.973, 8.842 ], [ -12.967, 8.839 ], [ -12.963, 8.837 ], [ -12.954, 8.838 ], [ -12.946, 8.84 ], [ -12.945, 8.84 ], [ -12.944, 8.84 ], [ -12.939, 8.842 ], [ -12.932, 8.843 ], [ -12.922, 8.844 ], [ -12.921, 8.845 ], [ -12.919, 8.846 ], [ -12.913, 8.848 ], [ -12.914, 8.858 ], [ -12.914, 8.863 ], [ -12.914, 8.868 ], [ -12.914, 8.871 ], [ -12.914, 8.878 ], [ -12.914, 8.88 ], [ -12.914, 8.889 ], [ -12.914, 8.893 ], [ -12.923, 8.902 ], [ -12.927, 8.909 ], [ -12.929, 8.911 ], [ -12.93, 8.912 ], [ -12.931, 8.914 ], [ -12.925, 8.919 ], [ -12.921, 8.925 ], [ -12.921, 8.925 ], [ -12.918, 8.926 ], [ -12.912, 8.928 ], [ -12.907, 8.931 ], [ -12.904, 8.936 ], [ -12.897, 8.939 ], [ -12.896, 8.939 ], [ -12.896, 8.944 ], [ -12.887, 8.945 ], [ -12.882, 8.947 ], [ -12.877, 8.951 ], [ -12.867, 8.951 ], [ -12.865, 8.952 ], [ -12.863, 8.952 ], [ -12.862, 8.953 ], [ -12.862, 8.953 ], [ -12.862, 8.959 ], [ -12.866, 8.967 ], [ -12.865, 8.973 ], [ -12.862, 8.975 ], [ -12.862, 8.976 ], [ -12.862, 8.984 ], [ -12.86, 8.988 ], [ -12.859, 8.989 ], [ -12.857, 8.995 ], [ -12.855, 8.999 ], [ -12.854, 9.003 ], [ -12.852, 9.011 ], [ -12.85, 9.017 ], [ -12.847, 9.015 ], [ -12.843, 9.014 ], [ -12.839, 9.015 ], [ -12.832, 9.02 ], [ -12.829, 9.025 ], [ -12.828, 9.025 ], [ -12.825, 9.028 ], [ -12.82, 9.03 ], [ -12.812, 9.032 ], [ -12.807, 9.027 ], [ -12.801, 9.022 ], [ -12.799, 9.02 ], [ -12.797, 9.016 ], [ -12.796, 9.016 ], [ -12.795, 9.015 ], [ -12.789, 9.011 ], [ -12.781, 9.004 ], [ -12.781, 9.004 ], [ -12.781, 9.0 ], [ -12.777, 9.0 ], [ -12.771, 8.995 ], [ -12.769, 8.994 ], [ -12.768, 8.994 ], [ -12.767, 8.993 ], [ -12.761, 8.994 ], [ -12.755, 8.987 ], [ -12.75, 8.984 ], [ -12.744, 8.982 ], [ -12.745, 8.983 ], [ -12.746, 8.987 ], [ -12.747, 8.992 ], [ -12.751, 8.997 ], [ -12.758, 9.0 ], [ -12.758, 9.007 ], [ -12.753, 9.012 ], [ -12.747, 9.015 ], [ -12.743, 9.02 ], [ -12.738, 9.022 ], [ -12.737, 9.019 ], [ -12.733, 9.019 ], [ -12.728, 9.02 ], [ -12.727, 9.018 ], [ -12.731, 9.016 ], [ -12.735, 9.015 ], [ -12.734, 9.012 ], [ -12.731, 9.01 ], [ -12.729, 9.008 ], [ -12.727, 9.009 ], [ -12.725, 9.01 ], [ -12.724, 9.01 ], [ -12.724, 9.011 ], [ -12.72, 9.015 ], [ -12.717, 9.018 ], [ -12.715, 9.02 ], [ -12.715, 9.025 ], [ -12.715, 9.026 ], [ -12.715, 9.027 ], [ -12.712, 9.03 ], [ -12.708, 9.031 ], [ -12.705, 9.031 ], [ -12.703, 9.028 ], [ -12.705, 9.022 ], [ -12.704, 9.02 ], [ -12.702, 9.017 ], [ -12.698, 9.015 ], [ -12.695, 9.014 ], [ -12.694, 9.012 ], [ -12.696, 9.006 ], [ -12.695, 9.001 ], [ -12.692, 8.999 ], [ -12.691, 9.0 ], [ -12.689, 9.003 ], [ -12.689, 9.004 ], [ -12.687, 9.008 ], [ -12.681, 9.013 ], [ -12.679, 9.014 ], [ -12.678, 9.014 ], [ -12.677, 9.014 ], [ -12.672, 9.015 ], [ -12.669, 9.015 ], [ -12.668, 9.014 ], [ -12.666, 9.014 ], [ -12.666, 9.013 ], [ -12.666, 9.01 ], [ -12.664, 9.005 ], [ -12.66, 9.001 ], [ -12.658, 9.002 ], [ -12.654, 9.005 ], [ -12.65, 9.009 ], [ -12.65, 9.009 ], [ -12.647, 9.011 ], [ -12.645, 9.012 ], [ -12.645, 9.013 ], [ -12.64, 9.016 ], [ -12.636, 9.018 ], [ -12.632, 9.016 ], [ -12.628, 9.012 ], [ -12.626, 9.01 ], [ -12.623, 9.01 ], [ -12.619, 9.011 ], [ -12.618, 9.011 ], [ -12.615, 9.008 ], [ -12.615, 9.007 ], [ -12.616, 9.004 ], [ -12.617, 9.0 ], [ -12.618, 8.998 ], [ -12.617, 8.998 ], [ -12.617, 8.997 ], [ -12.617, 8.997 ], [ -12.618, 8.995 ], [ -12.619, 8.992 ], [ -12.619, 8.992 ], [ -12.619, 8.991 ], [ -12.62, 8.99 ], [ -12.626, 8.986 ], [ -12.629, 8.984 ], [ -12.631, 8.982 ], [ -12.631, 8.982 ], [ -12.631, 8.981 ], [ -12.632, 8.978 ], [ -12.632, 8.976 ], [ -12.635, 8.973 ], [ -12.635, 8.973 ], [ -12.639, 8.969 ], [ -12.642, 8.966 ], [ -12.642, 8.966 ], [ -12.643, 8.965 ], [ -12.646, 8.964 ], [ -12.649, 8.963 ], [ -12.65, 8.961 ], [ -12.652, 8.958 ], [ -12.653, 8.957 ], [ -12.658, 8.956 ], [ -12.66, 8.954 ], [ -12.661, 8.95 ], [ -12.662, 8.946 ], [ -12.662, 8.946 ], [ -12.667, 8.942 ], [ -12.673, 8.94 ], [ -12.675, 8.936 ], [ -12.675, 8.936 ], [ -12.677, 8.935 ], [ -12.68, 8.933 ], [ -12.685, 8.933 ], [ -12.691, 8.933 ], [ -12.692, 8.933 ], [ -12.692, 8.933 ], [ -12.692, 8.932 ], [ -12.692, 8.931 ], [ -12.691, 8.926 ], [ -12.691, 8.924 ], [ -12.699, 8.916 ], [ -12.701, 8.914 ], [ -12.702, 8.913 ], [ -12.703, 8.913 ], [ -12.708, 8.908 ], [ -12.712, 8.904 ], [ -12.713, 8.902 ], [ -12.711, 8.899 ], [ -12.71, 8.897 ], [ -12.708, 8.895 ], [ -12.704, 8.891 ], [ -12.703, 8.888 ], [ -12.704, 8.887 ], [ -12.704, 8.886 ], [ -12.704, 8.884 ], [ -12.704, 8.882 ], [ -12.704, 8.882 ], [ -12.704, 8.882 ], [ -12.705, 8.878 ], [ -12.706, 8.876 ], [ -12.707, 8.873 ], [ -12.707, 8.869 ], [ -12.707, 8.869 ], [ -12.706, 8.866 ], [ -12.704, 8.865 ], [ -12.701, 8.862 ], [ -12.694, 8.856 ], [ -12.69, 8.854 ], [ -12.686, 8.852 ], [ -12.685, 8.855 ], [ -12.684, 8.859 ], [ -12.681, 8.867 ], [ -12.68, 8.868 ], [ -12.679, 8.87 ], [ -12.677, 8.872 ], [ -12.676, 8.875 ], [ -12.674, 8.877 ], [ -12.672, 8.879 ], [ -12.672, 8.88 ], [ -12.669, 8.882 ], [ -12.668, 8.886 ], [ -12.664, 8.887 ], [ -12.664, 8.888 ], [ -12.663, 8.89 ], [ -12.662, 8.892 ], [ -12.662, 8.892 ], [ -12.662, 8.892 ], [ -12.66, 8.892 ], [ -12.658, 8.892 ], [ -12.654, 8.893 ], [ -12.654, 8.893 ], [ -12.65, 8.894 ], [ -12.649, 8.893 ], [ -12.646, 8.893 ], [ -12.645, 8.891 ], [ -12.644, 8.89 ], [ -12.642, 8.888 ], [ -12.638, 8.885 ], [ -12.638, 8.883 ], [ -12.636, 8.883 ], [ -12.635, 8.88 ], [ -12.634, 8.88 ], [ -12.631, 8.878 ], [ -12.629, 8.876 ], [ -12.627, 8.875 ], [ -12.623, 8.875 ], [ -12.622, 8.875 ], [ -12.62, 8.873 ], [ -12.62, 8.873 ], [ -12.621, 8.875 ], [ -12.618, 8.875 ], [ -12.616, 8.875 ], [ -12.613, 8.876 ], [ -12.606, 8.878 ], [ -12.603, 8.88 ], [ -12.603, 8.88 ], [ -12.6, 8.883 ], [ -12.596, 8.884 ], [ -12.594, 8.885 ], [ -12.593, 8.886 ], [ -12.589, 8.889 ], [ -12.585, 8.889 ], [ -12.584, 8.89 ], [ -12.582, 8.89 ], [ -12.58, 8.89 ], [ -12.578, 8.89 ], [ -12.574, 8.89 ], [ -12.572, 8.889 ], [ -12.569, 8.889 ], [ -12.565, 8.885 ], [ -12.562, 8.884 ], [ -12.558, 8.886 ], [ -12.552, 8.882 ], [ -12.551, 8.882 ], [ -12.55, 8.882 ], [ -12.55, 8.88 ], [ -12.549, 8.877 ], [ -12.548, 8.874 ], [ -12.547, 8.87 ], [ -12.545, 8.868 ], [ -12.543, 8.865 ], [ -12.543, 8.863 ], [ -12.542, 8.863 ], [ -12.544, 8.862 ], [ -12.546, 8.859 ], [ -12.546, 8.858 ], [ -12.546, 8.854 ], [ -12.547, 8.851 ], [ -12.546, 8.848 ], [ -12.546, 8.846 ], [ -12.546, 8.841 ], [ -12.546, 8.84 ], [ -12.546, 8.839 ], [ -12.545, 8.836 ], [ -12.544, 8.833 ], [ -12.545, 8.824 ], [ -12.545, 8.824 ], [ -12.546, 8.82 ], [ -12.546, 8.82 ], [ -12.55, 8.817 ], [ -12.557, 8.814 ], [ -12.559, 8.812 ], [ -12.559, 8.812 ], [ -12.566, 8.803 ], [ -12.563, 8.799 ], [ -12.562, 8.797 ], [ -12.562, 8.796 ], [ -12.563, 8.794 ], [ -12.564, 8.794 ], [ -12.567, 8.796 ], [ -12.567, 8.796 ], [ -12.564, 8.794 ], [ -12.563, 8.794 ], [ -12.563, 8.793 ], [ -12.565, 8.79 ], [ -12.566, 8.785 ], [ -12.565, 8.784 ], [ -12.564, 8.782 ], [ -12.563, 8.78 ], [ -12.564, 8.78 ], [ -12.564, 8.776 ], [ -12.563, 8.776 ], [ -12.562, 8.775 ], [ -12.562, 8.772 ], [ -12.561, 8.771 ], [ -12.562, 8.768 ], [ -12.564, 8.766 ], [ -12.565, 8.766 ], [ -12.569, 8.766 ], [ -12.573, 8.766 ], [ -12.576, 8.763 ], [ -12.576, 8.76 ], [ -12.576, 8.76 ], [ -12.575, 8.76 ], [ -12.575, 8.759 ], [ -12.574, 8.76 ], [ -12.573, 8.759 ], [ -12.573, 8.759 ], [ -12.571, 8.759 ], [ -12.568, 8.758 ], [ -12.565, 8.757 ], [ -12.564, 8.757 ], [ -12.562, 8.757 ], [ -12.559, 8.757 ], [ -12.558, 8.756 ], [ -12.558, 8.756 ], [ -12.554, 8.752 ], [ -12.553, 8.75 ], [ -12.551, 8.747 ], [ -12.55, 8.746 ], [ -12.549, 8.744 ], [ -12.549, 8.741 ], [ -12.549, 8.74 ], [ -12.55, 8.739 ], [ -12.554, 8.737 ], [ -12.559, 8.733 ], [ -12.561, 8.73 ], [ -12.562, 8.726 ], [ -12.562, 8.726 ], [ -12.562, 8.725 ], [ -12.563, 8.723 ], [ -12.563, 8.721 ], [ -12.563, 8.72 ], [ -12.563, 8.718 ], [ -12.563, 8.716 ], [ -12.563, 8.715 ], [ -12.562, 8.709 ], [ -12.561, 8.707 ], [ -12.561, 8.706 ], [ -12.56, 8.704 ], [ -12.561, 8.704 ], [ -12.556, 8.703 ], [ -12.555, 8.703 ], [ -12.547, 8.703 ], [ -12.544, 8.703 ], [ -12.54, 8.703 ], [ -12.539, 8.704 ], [ -12.539, 8.705 ], [ -12.536, 8.706 ], [ -12.534, 8.707 ], [ -12.533, 8.707 ], [ -12.532, 8.707 ], [ -12.532, 8.707 ], [ -12.53, 8.71 ], [ -12.528, 8.71 ], [ -12.524, 8.71 ], [ -12.522, 8.71 ], [ -12.519, 8.71 ], [ -12.519, 8.711 ], [ -12.517, 8.714 ], [ -12.517, 8.72 ], [ -12.516, 8.724 ], [ -12.513, 8.724 ], [ -12.512, 8.724 ], [ -12.512, 8.724 ], [ -12.509, 8.723 ], [ -12.504, 8.723 ], [ -12.501, 8.725 ], [ -12.501, 8.73 ], [ -12.502, 8.736 ], [ -12.499, 8.737 ], [ -12.496, 8.737 ], [ -12.49, 8.737 ], [ -12.489, 8.737 ], [ -12.486, 8.736 ], [ -12.486, 8.736 ], [ -12.482, 8.736 ], [ -12.482, 8.735 ], [ -12.48, 8.734 ], [ -12.474, 8.733 ], [ -12.473, 8.733 ], [ -12.471, 8.732 ], [ -12.469, 8.731 ], [ -12.463, 8.729 ], [ -12.46, 8.729 ], [ -12.45, 8.733 ], [ -12.444, 8.736 ], [ -12.444, 8.736 ], [ -12.441, 8.738 ], [ -12.441, 8.738 ], [ -12.44, 8.739 ], [ -12.436, 8.739 ], [ -12.433, 8.742 ], [ -12.433, 8.743 ], [ -12.431, 8.745 ], [ -12.431, 8.746 ], [ -12.429, 8.749 ], [ -12.428, 8.75 ], [ -12.428, 8.75 ], [ -12.428, 8.75 ], [ -12.427, 8.75 ], [ -12.426, 8.751 ], [ -12.424, 8.752 ], [ -12.421, 8.754 ], [ -12.421, 8.754 ], [ -12.42, 8.754 ], [ -12.416, 8.756 ], [ -12.415, 8.757 ], [ -12.412, 8.756 ], [ -12.409, 8.755 ], [ -12.406, 8.754 ], [ -12.405, 8.754 ], [ -12.403, 8.753 ], [ -12.4, 8.753 ], [ -12.399, 8.753 ], [ -12.399, 8.752 ], [ -12.398, 8.753 ], [ -12.398, 8.753 ], [ -12.396, 8.753 ], [ -12.388, 8.752 ], [ -12.387, 8.751 ], [ -12.387, 8.751 ], [ -12.38, 8.748 ], [ -12.38, 8.748 ], [ -12.378, 8.751 ], [ -12.375, 8.754 ], [ -12.371, 8.759 ], [ -12.368, 8.76 ], [ -12.365, 8.762 ], [ -12.361, 8.759 ], [ -12.354, 8.755 ], [ -12.354, 8.754 ], [ -12.352, 8.752 ], [ -12.347, 8.748 ], [ -12.341, 8.74 ], [ -12.341, 8.74 ], [ -12.337, 8.735 ], [ -12.334, 8.733 ], [ -12.331, 8.732 ], [ -12.327, 8.732 ], [ -12.324, 8.733 ], [ -12.321, 8.73 ], [ -12.32, 8.73 ], [ -12.321, 8.728 ], [ -12.324, 8.724 ], [ -12.323, 8.721 ], [ -12.321, 8.72 ], [ -12.318, 8.718 ], [ -12.315, 8.718 ], [ -12.314, 8.716 ], [ -12.315, 8.712 ], [ -12.317, 8.709 ], [ -12.319, 8.707 ], [ -12.321, 8.707 ], [ -12.323, 8.708 ], [ -12.325, 8.71 ], [ -12.326, 8.711 ], [ -12.328, 8.713 ], [ -12.33, 8.716 ], [ -12.332, 8.719 ], [ -12.334, 8.719 ], [ -12.335, 8.717 ], [ -12.334, 8.715 ], [ -12.334, 8.713 ], [ -12.334, 8.71 ], [ -12.334, 8.71 ], [ -12.337, 8.708 ], [ -12.337, 8.708 ], [ -12.339, 8.706 ], [ -12.343, 8.703 ], [ -12.345, 8.702 ], [ -12.35, 8.698 ], [ -12.352, 8.697 ], [ -12.353, 8.696 ], [ -12.355, 8.696 ], [ -12.356, 8.696 ], [ -12.36, 8.694 ], [ -12.364, 8.693 ], [ -12.365, 8.693 ], [ -12.366, 8.693 ], [ -12.367, 8.693 ], [ -12.372, 8.696 ], [ -12.375, 8.698 ], [ -12.377, 8.701 ], [ -12.377, 8.706 ], [ -12.378, 8.707 ], [ -12.378, 8.707 ], [ -12.379, 8.706 ], [ -12.382, 8.704 ], [ -12.385, 8.701 ], [ -12.384, 8.697 ], [ -12.384, 8.693 ], [ -12.384, 8.693 ], [ -12.385, 8.688 ], [ -12.388, 8.684 ], [ -12.389, 8.684 ], [ -12.391, 8.68 ], [ -12.39, 8.677 ], [ -12.388, 8.674 ], [ -12.388, 8.67 ], [ -12.39, 8.668 ], [ -12.39, 8.668 ], [ -12.392, 8.669 ], [ -12.396, 8.669 ], [ -12.401, 8.668 ], [ -12.398, 8.661 ], [ -12.397, 8.658 ], [ -12.396, 8.655 ], [ -12.395, 8.652 ], [ -12.394, 8.652 ], [ -12.393, 8.65 ], [ -12.39, 8.647 ], [ -12.387, 8.646 ], [ -12.384, 8.646 ], [ -12.38, 8.645 ], [ -12.378, 8.643 ], [ -12.377, 8.642 ], [ -12.375, 8.641 ], [ -12.374, 8.641 ], [ -12.373, 8.641 ], [ -12.371, 8.64 ], [ -12.368, 8.64 ], [ -12.367, 8.64 ], [ -12.365, 8.639 ], [ -12.362, 8.639 ], [ -12.362, 8.639 ], [ -12.36, 8.638 ], [ -12.359, 8.638 ], [ -12.358, 8.638 ], [ -12.357, 8.637 ], [ -12.354, 8.635 ], [ -12.352, 8.633 ], [ -12.351, 8.632 ], [ -12.349, 8.631 ], [ -12.347, 8.63 ], [ -12.344, 8.63 ], [ -12.342, 8.631 ], [ -12.339, 8.632 ], [ -12.337, 8.633 ], [ -12.333, 8.633 ], [ -12.33, 8.633 ], [ -12.328, 8.633 ], [ -12.327, 8.631 ], [ -12.327, 8.629 ], [ -12.327, 8.626 ], [ -12.328, 8.623 ], [ -12.328, 8.621 ], [ -12.328, 8.619 ], [ -12.328, 8.618 ], [ -12.327, 8.616 ], [ -12.327, 8.614 ], [ -12.326, 8.61 ], [ -12.326, 8.61 ], [ -12.325, 8.606 ], [ -12.323, 8.604 ], [ -12.321, 8.6 ], [ -12.32, 8.598 ], [ -12.319, 8.598 ], [ -12.318, 8.596 ], [ -12.315, 8.596 ], [ -12.314, 8.595 ], [ -12.313, 8.595 ], [ -12.31, 8.593 ], [ -12.308, 8.591 ], [ -12.306, 8.59 ], [ -12.305, 8.59 ], [ -12.301, 8.588 ], [ -12.3, 8.586 ], [ -12.298, 8.583 ], [ -12.295, 8.58 ], [ -12.294, 8.578 ], [ -12.291, 8.576 ], [ -12.29, 8.574 ], [ -12.291, 8.573 ], [ -12.292, 8.571 ], [ -12.295, 8.571 ], [ -12.294, 8.569 ], [ -12.296, 8.568 ], [ -12.296, 8.565 ], [ -12.297, 8.561 ], [ -12.3, 8.557 ], [ -12.302, 8.556 ], [ -12.305, 8.556 ], [ -12.307, 8.554 ], [ -12.31, 8.553 ], [ -12.314, 8.55 ], [ -12.317, 8.548 ], [ -12.32, 8.547 ], [ -12.322, 8.544 ], [ -12.323, 8.541 ], [ -12.325, 8.541 ], [ -12.327, 8.543 ], [ -12.328, 8.544 ], [ -12.33, 8.544 ], [ -12.333, 8.544 ], [ -12.334, 8.544 ], [ -12.335, 8.543 ], [ -12.336, 8.543 ], [ -12.338, 8.54 ], [ -12.341, 8.538 ], [ -12.344, 8.535 ], [ -12.348, 8.531 ], [ -12.351, 8.528 ], [ -12.351, 8.528 ], [ -12.356, 8.524 ], [ -12.359, 8.521 ], [ -12.364, 8.516 ], [ -12.365, 8.516 ], [ -12.368, 8.512 ], [ -12.371, 8.509 ], [ -12.374, 8.506 ], [ -12.377, 8.504 ], [ -12.381, 8.503 ], [ -12.384, 8.501 ], [ -12.389, 8.499 ], [ -12.393, 8.497 ], [ -12.395, 8.496 ], [ -12.397, 8.496 ], [ -12.401, 8.495 ], [ -12.408, 8.493 ], [ -12.41, 8.492 ], [ -12.412, 8.491 ], [ -12.418, 8.49 ], [ -12.424, 8.49 ], [ -12.432, 8.49 ], [ -12.436, 8.49 ], [ -12.437, 8.49 ], [ -12.442, 8.49 ], [ -12.446, 8.49 ], [ -12.446, 8.489 ], [ -12.448, 8.488 ], [ -12.451, 8.485 ], [ -12.454, 8.484 ], [ -12.458, 8.482 ], [ -12.461, 8.481 ], [ -12.462, 8.48 ], [ -12.465, 8.479 ], [ -12.474, 8.476 ], [ -12.474, 8.475 ], [ -12.477, 8.473 ], [ -12.481, 8.472 ], [ -12.484, 8.47 ], [ -12.487, 8.468 ], [ -12.492, 8.466 ], [ -12.497, 8.463 ], [ -12.5, 8.461 ], [ -12.503, 8.461 ], [ -12.503, 8.461 ], [ -12.506, 8.459 ], [ -12.51, 8.458 ], [ -12.516, 8.456 ], [ -12.522, 8.456 ], [ -12.523, 8.455 ], [ -12.523, 8.455 ], [ -12.529, 8.454 ], [ -12.532, 8.454 ], [ -12.534, 8.453 ], [ -12.535, 8.453 ], [ -12.535, 8.45 ], [ -12.535, 8.448 ], [ -12.536, 8.447 ], [ -12.536, 8.445 ], [ -12.538, 8.442 ], [ -12.539, 8.439 ], [ -12.542, 8.434 ], [ -12.544, 8.434 ], [ -12.546, 8.432 ], [ -12.549, 8.434 ], [ -12.551, 8.436 ], [ -12.553, 8.438 ], [ -12.555, 8.44 ], [ -12.558, 8.44 ], [ -12.56, 8.44 ], [ -12.561, 8.441 ], [ -12.562, 8.443 ], [ -12.563, 8.444 ], [ -12.565, 8.445 ], [ -12.566, 8.449 ], [ -12.566, 8.45 ], [ -12.566, 8.453 ], [ -12.568, 8.457 ], [ -12.57, 8.461 ], [ -12.57, 8.464 ], [ -12.576, 8.465 ], [ -12.577, 8.466 ], [ -12.577, 8.466 ], [ -12.58, 8.468 ], [ -12.58, 8.472 ], [ -12.581, 8.475 ], [ -12.581, 8.478 ], [ -12.582, 8.481 ], [ -12.582, 8.482 ], [ -12.584, 8.484 ], [ -12.586, 8.486 ], [ -12.589, 8.489 ], [ -12.589, 8.489 ], [ -12.591, 8.488 ], [ -12.593, 8.49 ], [ -12.595, 8.491 ], [ -12.598, 8.493 ], [ -12.601, 8.496 ], [ -12.601, 8.497 ], [ -12.602, 8.497 ], [ -12.604, 8.493 ], [ -12.604, 8.492 ], [ -12.605, 8.489 ], [ -12.607, 8.485 ], [ -12.608, 8.478 ], [ -12.609, 8.475 ], [ -12.611, 8.472 ], [ -12.611, 8.471 ], [ -12.611, 8.469 ], [ -12.611, 8.468 ], [ -12.612, 8.463 ], [ -12.612, 8.458 ], [ -12.612, 8.453 ], [ -12.613, 8.449 ], [ -12.614, 8.449 ], [ -12.615, 8.445 ], [ -12.616, 8.442 ], [ -12.616, 8.439 ], [ -12.617, 8.434 ], [ -12.617, 8.434 ], [ -12.617, 8.43 ], [ -12.618, 8.427 ], [ -12.619, 8.424 ], [ -12.622, 8.42 ], [ -12.625, 8.417 ], [ -12.625, 8.416 ], [ -12.627, 8.413 ], [ -12.628, 8.411 ], [ -12.63, 8.408 ], [ -12.631, 8.403 ], [ -12.631, 8.4 ], [ -12.631, 8.399 ], [ -12.632, 8.396 ], [ -12.633, 8.393 ], [ -12.633, 8.389 ], [ -12.633, 8.388 ], [ -12.632, 8.385 ], [ -12.632, 8.383 ], [ -12.632, 8.382 ], [ -12.633, 8.379 ], [ -12.633, 8.375 ], [ -12.634, 8.373 ], [ -12.635, 8.372 ], [ -12.637, 8.371 ], [ -12.639, 8.371 ], [ -12.64, 8.371 ], [ -12.641, 8.37 ], [ -12.645, 8.368 ], [ -12.647, 8.368 ], [ -12.648, 8.367 ], [ -12.65, 8.368 ], [ -12.652, 8.371 ], [ -12.653, 8.375 ], [ -12.656, 8.375 ], [ -12.658, 8.372 ], [ -12.66, 8.376 ], [ -12.664, 8.376 ], [ -12.67, 8.376 ], [ -12.67, 8.372 ], [ -12.673, 8.37 ], [ -12.673, 8.368 ], [ -12.675, 8.364 ], [ -12.677, 8.366 ], [ -12.679, 8.371 ], [ -12.683, 8.369 ], [ -12.686, 8.368 ], [ -12.686, 8.368 ], [ -12.689, 8.367 ], [ -12.69, 8.367 ], [ -12.694, 8.365 ], [ -12.7, 8.364 ], [ -12.704, 8.364 ], [ -12.709, 8.364 ], [ -12.714, 8.366 ], [ -12.718, 8.369 ], [ -12.719, 8.369 ], [ -12.72, 8.368 ], [ -12.719, 8.364 ], [ -12.719, 8.362 ], [ -12.723, 8.359 ], [ -12.721, 8.357 ], [ -12.719, 8.354 ], [ -12.723, 8.351 ], [ -12.727, 8.35 ], [ -12.73, 8.347 ], [ -12.731, 8.35 ], [ -12.736, 8.349 ], [ -12.74, 8.352 ], [ -12.743, 8.349 ], [ -12.746, 8.351 ], [ -12.748, 8.355 ], [ -12.753, 8.352 ], [ -12.754, 8.357 ], [ -12.757, 8.357 ], [ -12.761, 8.359 ], [ -12.762, 8.365 ], [ -12.765, 8.369 ], [ -12.765, 8.373 ], [ -12.771, 8.372 ], [ -12.773, 8.375 ], [ -12.775, 8.379 ], [ -12.781, 8.38 ], [ -12.781, 8.382 ], [ -12.783, 8.387 ], [ -12.788, 8.386 ], [ -12.79, 8.387 ], [ -12.79, 8.392 ], [ -12.793, 8.391 ], [ -12.797, 8.391 ], [ -12.801, 8.389 ], [ -12.806, 8.388 ], [ -12.809, 8.388 ], [ -12.81, 8.391 ], [ -12.811, 8.394 ], [ -12.812, 8.396 ], [ -12.816, 8.398 ], [ -12.82, 8.395 ], [ -12.824, 8.395 ], [ -12.83, 8.397 ], [ -12.83, 8.397 ], [ -12.83, 8.394 ], [ -12.829, 8.392 ], [ -12.827, 8.389 ], [ -12.828, 8.383 ], [ -12.826, 8.38 ], [ -12.825, 8.378 ], [ -12.826, 8.374 ], [ -12.831, 8.373 ], [ -12.837, 8.374 ], [ -12.839, 8.373 ], [ -12.84, 8.373 ], [ -12.842, 8.37 ], [ -12.841, 8.366 ], [ -12.84, 8.363 ], [ -12.838, 8.359 ], [ -12.84, 8.357 ], [ -12.843, 8.355 ], [ -12.843, 8.355 ], [ -12.846, 8.352 ], [ -12.851, 8.352 ], [ -12.855, 8.352 ], [ -12.856, 8.349 ], [ -12.853, 8.345 ], [ -12.852, 8.343 ], [ -12.85, 8.342 ], [ -12.848, 8.339 ], [ -12.848, 8.337 ], [ -12.849, 8.334 ], [ -12.853, 8.332 ], [ -12.858, 8.332 ], [ -12.864, 8.333 ], [ -12.866, 8.329 ], [ -12.866, 8.329 ], [ -12.868, 8.326 ], [ -12.869, 8.321 ], [ -12.868, 8.318 ], [ -12.866, 8.315 ], [ -12.863, 8.312 ], [ -12.862, 8.309 ], [ -12.863, 8.309 ], [ -12.865, 8.306 ], [ -12.869, 8.303 ], [ -12.871, 8.303 ], [ -12.873, 8.302 ], [ -12.877, 8.306 ], [ -12.878, 8.309 ], [ -12.883, 8.311 ], [ -12.883, 8.311 ], [ -12.884, 8.308 ], [ -12.885, 8.303 ], [ -12.885, 8.298 ], [ -12.887, 8.294 ], [ -12.893, 8.289 ], [ -12.892, 8.286 ], [ -12.89, 8.285 ], [ -12.886, 8.284 ], [ -12.885, 8.283 ], [ -12.883, 8.28 ], [ -12.888, 8.277 ], [ -12.889, 8.277 ], [ -12.892, 8.276 ], [ -12.898, 8.273 ], [ -12.901, 8.275 ], [ -12.904, 8.277 ], [ -12.909, 8.274 ], [ -12.914, 8.271 ], [ -12.914, 8.267 ], [ -12.913, 8.263 ], [ -12.918, 8.262 ], [ -12.922, 8.261 ], [ -12.924, 8.26 ], [ -12.929, 8.259 ], [ -12.933, 8.259 ], [ -12.934, 8.261 ], [ -12.934, 8.262 ], [ -12.934, 8.262 ], [ -12.933, 8.263 ], [ -12.931, 8.265 ], [ -12.932, 8.266 ], [ -12.934, 8.267 ], [ -12.933, 8.267 ], [ -12.933, 8.27 ], [ -12.932, 8.269 ], [ -12.931, 8.269 ], [ -12.929, 8.27 ], [ -12.928, 8.272 ], [ -12.927, 8.272 ], [ -12.927, 8.273 ], [ -12.926, 8.274 ], [ -12.927, 8.274 ], [ -12.926, 8.276 ], [ -12.926, 8.279 ], [ -12.924, 8.28 ], [ -12.921, 8.282 ], [ -12.92, 8.283 ], [ -12.919, 8.285 ], [ -12.918, 8.287 ], [ -12.918, 8.289 ], [ -12.917, 8.291 ], [ -12.916, 8.292 ], [ -12.916, 8.293 ], [ -12.914, 8.293 ], [ -12.914, 8.294 ], [ -12.912, 8.296 ], [ -12.912, 8.298 ], [ -12.912, 8.299 ], [ -12.914, 8.301 ], [ -12.915, 8.302 ], [ -12.914, 8.304 ], [ -12.913, 8.305 ], [ -12.913, 8.306 ], [ -12.915, 8.307 ], [ -12.916, 8.308 ], [ -12.916, 8.309 ], [ -12.917, 8.311 ], [ -12.917, 8.313 ], [ -12.919, 8.316 ], [ -12.918, 8.318 ], [ -12.919, 8.32 ], [ -12.92, 8.322 ], [ -12.92, 8.322 ], [ -12.919, 8.324 ], [ -12.923, 8.327 ], [ -12.925, 8.329 ], [ -12.925, 8.33 ], [ -12.925, 8.331 ], [ -12.925, 8.333 ], [ -12.925, 8.334 ], [ -12.925, 8.336 ], [ -12.925, 8.338 ], [ -12.925, 8.341 ], [ -12.924, 8.343 ], [ -12.924, 8.346 ], [ -12.924, 8.349 ], [ -12.922, 8.35 ], [ -12.92, 8.351 ], [ -12.919, 8.352 ], [ -12.917, 8.354 ], [ -12.917, 8.357 ], [ -12.917, 8.36 ], [ -12.917, 8.364 ], [ -12.918, 8.365 ], [ -12.919, 8.365 ], [ -12.92, 8.366 ], [ -12.921, 8.367 ], [ -12.921, 8.367 ], [ -12.929, 8.366 ], [ -12.932, 8.367 ], [ -12.934, 8.367 ], [ -12.935, 8.367 ], [ -12.935, 8.368 ], [ -12.936, 8.368 ], [ -12.937, 8.368 ], [ -12.938, 8.368 ], [ -12.942, 8.369 ], [ -12.948, 8.369 ], [ -12.955, 8.37 ], [ -12.955, 8.37 ], [ -12.963, 8.371 ], [ -12.963, 8.371 ], [ -12.966, 8.371 ], [ -12.972, 8.371 ], [ -12.973, 8.371 ], [ -12.974, 8.371 ], [ -12.977, 8.37 ], [ -12.979, 8.369 ], [ -12.982, 8.367 ], [ -12.986, 8.364 ], [ -12.988, 8.364 ], [ -12.991, 8.365 ], [ -12.995, 8.366 ], [ -12.997, 8.366 ], [ -13.0, 8.367 ], [ -13.002, 8.366 ], [ -13.005, 8.366 ], [ -13.006, 8.367 ], [ -13.007, 8.369 ], [ -13.009, 8.371 ], [ -13.01, 8.372 ], [ -13.012, 8.374 ], [ -13.014, 8.375 ], [ -13.014, 8.376 ], [ -13.015, 8.377 ], [ -13.015, 8.377 ], [ -13.016, 8.377 ], [ -13.017, 8.377 ], [ -13.018, 8.378 ], [ -13.018, 8.379 ], [ -13.019, 8.38 ], [ -13.02, 8.382 ], [ -13.021, 8.382 ], [ -13.021, 8.383 ], [ -13.022, 8.383 ], [ -13.022, 8.383 ], [ -13.023, 8.383 ], [ -13.024, 8.383 ], [ -13.024, 8.377 ], [ -13.026, 8.374 ], [ -13.029, 8.372 ], [ -13.033, 8.374 ], [ -13.035, 8.375 ], [ -13.035, 8.374 ], [ -13.037, 8.37 ], [ -13.038, 8.37 ], [ -13.038, 8.371 ], [ -13.038, 8.371 ], [ -13.038, 8.371 ], [ -13.038, 8.371 ], [ -13.039, 8.372 ], [ -13.04, 8.374 ], [ -13.04, 8.375 ], [ -13.04, 8.376 ], [ -13.041, 8.376 ], [ -13.043, 8.377 ], [ -13.046, 8.377 ], [ -13.054, 8.378 ], [ -13.058, 8.378 ], [ -13.063, 8.381 ], [ -13.066, 8.382 ], [ -13.068, 8.385 ], [ -13.068, 8.392 ], [ -13.072, 8.393 ], [ -13.075, 8.397 ], [ -13.075, 8.402 ], [ -13.078, 8.406 ], [ -13.08, 8.411 ], [ -13.08, 8.414 ], [ -13.075, 8.414 ], [ -13.072, 8.414 ], [ -13.066, 8.413 ], [ -13.067, 8.416 ], [ -13.068, 8.417 ], [ -13.07, 8.418 ], [ -13.072, 8.419 ], [ -13.073, 8.424 ], [ -13.075, 8.428 ], [ -13.075, 8.428 ], [ -13.076, 8.424 ], [ -13.078, 8.421 ], [ -13.083, 8.419 ], [ -13.088, 8.419 ], [ -13.092, 8.421 ], [ -13.096, 8.423 ], [ -13.103, 8.425 ], [ -13.109, 8.428 ], [ -13.111, 8.429 ], [ -13.114, 8.43 ], [ -13.121, 8.431 ], [ -13.128, 8.435 ], [ -13.132, 8.437 ], [ -13.133, 8.443 ], [ -13.135, 8.449 ], [ -13.133, 8.452 ], [ -13.132, 8.456 ], [ -13.129, 8.456 ], [ -13.127, 8.456 ], [ -13.126, 8.458 ], [ -13.123, 8.459 ], [ -13.12, 8.461 ], [ -13.118, 8.465 ], [ -13.113, 8.468 ], [ -13.111, 8.466 ], [ -13.109, 8.467 ], [ -13.108, 8.469 ], [ -13.108, 8.471 ], [ -13.108, 8.475 ], [ -13.106, 8.48 ], [ -13.106, 8.483 ], [ -13.106, 8.486 ], [ -13.103, 8.487 ], [ -13.099, 8.486 ], [ -13.097, 8.485 ], [ -13.093, 8.485 ], [ -13.09, 8.488 ], [ -13.086, 8.487 ], [ -13.084, 8.487 ], [ -13.083, 8.487 ], [ -13.081, 8.491 ], [ -13.078, 8.496 ], [ -13.075, 8.498 ], [ -13.071, 8.499 ], [ -13.07, 8.498 ], [ -13.068, 8.498 ], [ -13.067, 8.499 ], [ -13.066, 8.499 ], [ -13.065, 8.499 ], [ -13.064, 8.5 ], [ -13.063, 8.501 ], [ -13.062, 8.502 ], [ -13.061, 8.503 ], [ -13.061, 8.503 ], [ -13.061, 8.504 ], [ -13.06, 8.506 ], [ -13.059, 8.51 ], [ -13.059, 8.511 ], [ -13.058, 8.512 ], [ -13.057, 8.513 ], [ -13.056, 8.512 ], [ -13.056, 8.512 ], [ -13.056, 8.511 ], [ -13.056, 8.511 ], [ -13.056, 8.511 ], [ -13.055, 8.512 ], [ -13.055, 8.513 ], [ -13.055, 8.514 ], [ -13.055, 8.514 ], [ -13.055, 8.516 ], [ -13.055, 8.518 ], [ -13.054, 8.52 ], [ -13.053, 8.522 ], [ -13.052, 8.524 ], [ -13.052, 8.526 ], [ -13.051, 8.527 ], [ -13.05, 8.528 ], [ -13.049, 8.528 ], [ -13.046, 8.527 ], [ -13.045, 8.527 ], [ -13.044, 8.526 ], [ -13.043, 8.525 ], [ -13.042, 8.525 ], [ -13.04, 8.524 ], [ -13.039, 8.523 ], [ -13.037, 8.522 ], [ -13.036, 8.521 ], [ -13.033, 8.52 ], [ -13.029, 8.518 ], [ -13.028, 8.518 ], [ -13.027, 8.518 ], [ -13.026, 8.517 ], [ -13.024, 8.516 ], [ -13.024, 8.515 ], [ -13.023, 8.515 ], [ -13.022, 8.516 ], [ -13.023, 8.518 ], [ -13.024, 8.519 ], [ -13.026, 8.521 ], [ -13.027, 8.522 ], [ -13.028, 8.524 ], [ -13.031, 8.525 ], [ -13.032, 8.526 ], [ -13.033, 8.526 ], [ -13.035, 8.528 ], [ -13.036, 8.529 ], [ -13.037, 8.53 ], [ -13.038, 8.532 ], [ -13.039, 8.532 ], [ -13.041, 8.533 ], [ -13.042, 8.533 ], [ -13.042, 8.535 ], [ -13.042, 8.536 ], [ -13.04, 8.536 ], [ -13.041, 8.537 ], [ -13.04, 8.538 ], [ -13.039, 8.539 ], [ -13.038, 8.539 ], [ -13.037, 8.539 ], [ -13.036, 8.539 ], [ -13.035, 8.539 ], [ -13.035, 8.54 ], [ -13.034, 8.541 ], [ -13.033, 8.542 ], [ -13.032, 8.542 ], [ -13.032, 8.543 ], [ -13.03, 8.545 ], [ -13.029, 8.547 ], [ -13.028, 8.547 ], [ -13.027, 8.55 ], [ -13.027, 8.551 ], [ -13.026, 8.553 ], [ -13.025, 8.554 ], [ -13.025, 8.554 ], [ -13.025, 8.555 ], [ -13.025, 8.555 ], [ -13.027, 8.555 ], [ -13.027, 8.556 ], [ -13.027, 8.557 ], [ -13.027, 8.558 ], [ -13.026, 8.559 ], [ -13.026, 8.559 ], [ -13.025, 8.56 ], [ -13.025, 8.56 ], [ -13.025, 8.561 ], [ -13.024, 8.562 ], [ -13.024, 8.562 ], [ -13.023, 8.563 ], [ -13.023, 8.564 ], [ -13.022, 8.565 ], [ -13.022, 8.565 ], [ -13.021, 8.565 ], [ -13.021, 8.565 ], [ -13.02, 8.565 ], [ -13.02, 8.565 ], [ -13.02, 8.565 ], [ -13.02, 8.564 ], [ -13.02, 8.563 ], [ -13.02, 8.563 ], [ -13.02, 8.562 ], [ -13.019, 8.562 ], [ -13.019, 8.561 ], [ -13.018, 8.56 ], [ -13.017, 8.559 ], [ -13.016, 8.558 ], [ -13.015, 8.558 ], [ -13.014, 8.556 ], [ -13.013, 8.555 ], [ -13.012, 8.555 ], [ -13.011, 8.555 ], [ -13.01, 8.555 ], [ -13.009, 8.555 ], [ -13.008, 8.555 ], [ -13.005, 8.554 ], [ -13.003, 8.553 ], [ -13.002, 8.553 ], [ -13.0, 8.554 ], [ -12.999, 8.554 ], [ -12.999, 8.554 ], [ -12.998, 8.555 ], [ -12.997, 8.555 ], [ -12.996, 8.557 ], [ -12.995, 8.558 ], [ -12.995, 8.558 ], [ -12.994, 8.559 ], [ -12.992, 8.56 ], [ -12.991, 8.56 ], [ -12.99, 8.56 ], [ -12.989, 8.559 ], [ -12.988, 8.559 ], [ -12.988, 8.559 ], [ -12.988, 8.559 ], [ -12.987, 8.559 ], [ -12.985, 8.556 ], [ -12.981, 8.554 ], [ -12.985, 8.556 ], [ -12.987, 8.559 ], [ -12.988, 8.559 ], [ -12.988, 8.559 ], [ -12.988, 8.559 ], [ -12.987, 8.559 ], [ -12.985, 8.559 ], [ -12.982, 8.56 ], [ -12.979, 8.56 ], [ -12.978, 8.561 ], [ -12.977, 8.563 ], [ -12.976, 8.564 ], [ -12.975, 8.563 ], [ -12.975, 8.561 ], [ -12.975, 8.56 ], [ -12.973, 8.558 ], [ -12.971, 8.556 ], [ -12.97, 8.555 ], [ -12.973, 8.553 ], [ -12.976, 8.552 ], [ -12.973, 8.553 ], [ -12.97, 8.555 ], [ -12.97, 8.555 ], [ -12.97, 8.555 ], [ -12.969, 8.554 ], [ -12.968, 8.554 ], [ -12.968, 8.553 ], [ -12.968, 8.551 ], [ -12.968, 8.551 ], [ -12.967, 8.55 ], [ -12.967, 8.548 ], [ -12.968, 8.548 ], [ -12.968, 8.547 ], [ -12.968, 8.546 ], [ -12.968, 8.545 ], [ -12.968, 8.544 ], [ -12.967, 8.543 ], [ -12.967, 8.542 ], [ -12.967, 8.541 ], [ -12.967, 8.54 ], [ -12.968, 8.539 ], [ -12.968, 8.537 ], [ -12.967, 8.536 ], [ -12.965, 8.534 ], [ -12.964, 8.533 ], [ -12.964, 8.531 ], [ -12.964, 8.53 ], [ -12.963, 8.532 ], [ -12.962, 8.531 ], [ -12.961, 8.531 ], [ -12.96, 8.53 ], [ -12.958, 8.531 ], [ -12.956, 8.533 ], [ -12.955, 8.532 ], [ -12.954, 8.531 ], [ -12.952, 8.53 ], [ -12.952, 8.529 ], [ -12.952, 8.528 ], [ -12.95, 8.528 ], [ -12.947, 8.527 ], [ -12.944, 8.526 ], [ -12.943, 8.526 ], [ -12.941, 8.524 ], [ -12.941, 8.523 ], [ -12.942, 8.523 ], [ -12.942, 8.522 ], [ -12.941, 8.522 ], [ -12.94, 8.523 ], [ -12.94, 8.524 ], [ -12.941, 8.526 ], [ -12.942, 8.527 ], [ -12.943, 8.528 ], [ -12.945, 8.529 ], [ -12.944, 8.529 ], [ -12.943, 8.53 ], [ -12.942, 8.53 ], [ -12.941, 8.53 ], [ -12.94, 8.531 ], [ -12.939, 8.532 ], [ -12.939, 8.532 ], [ -12.935, 8.534 ], [ -12.932, 8.535 ], [ -12.932, 8.535 ], [ -12.93, 8.535 ], [ -12.928, 8.537 ], [ -12.927, 8.537 ], [ -12.927, 8.538 ], [ -12.923, 8.541 ], [ -12.922, 8.543 ], [ -12.921, 8.544 ], [ -12.919, 8.545 ], [ -12.918, 8.546 ], [ -12.916, 8.547 ], [ -12.915, 8.547 ], [ -12.913, 8.547 ], [ -12.915, 8.55 ], [ -12.916, 8.553 ], [ -12.917, 8.553 ], [ -12.917, 8.553 ], [ -12.917, 8.553 ], [ -12.92, 8.553 ], [ -12.926, 8.554 ], [ -12.933, 8.557 ], [ -12.939, 8.563 ], [ -12.943, 8.567 ], [ -12.946, 8.569 ], [ -12.952, 8.569 ], [ -12.957, 8.57 ], [ -12.957, 8.574 ], [ -12.955, 8.574 ], [ -12.957, 8.576 ], [ -12.962, 8.579 ], [ -12.961, 8.582 ], [ -12.959, 8.584 ], [ -12.957, 8.583 ], [ -12.957, 8.584 ], [ -12.956, 8.584 ], [ -12.953, 8.585 ], [ -12.949, 8.587 ], [ -12.947, 8.588 ], [ -12.947, 8.588 ], [ -12.947, 8.591 ], [ -12.947, 8.593 ], [ -12.948, 8.593 ], [ -12.949, 8.594 ], [ -12.949, 8.594 ], [ -12.952, 8.594 ], [ -12.954, 8.594 ], [ -12.956, 8.594 ], [ -12.957, 8.595 ], [ -12.959, 8.595 ], [ -12.96, 8.595 ], [ -12.962, 8.594 ], [ -12.963, 8.593 ], [ -12.965, 8.593 ], [ -12.967, 8.592 ], [ -12.968, 8.593 ], [ -12.97, 8.593 ], [ -12.971, 8.594 ], [ -12.973, 8.595 ], [ -12.978, 8.598 ], [ -12.98, 8.599 ], [ -12.983, 8.599 ], [ -12.985, 8.6 ], [ -12.987, 8.601 ], [ -12.989, 8.601 ], [ -12.991, 8.601 ], [ -12.994, 8.602 ], [ -12.996, 8.602 ], [ -12.998, 8.601 ], [ -13.0, 8.6 ], [ -13.002, 8.599 ], [ -13.003, 8.598 ], [ -13.004, 8.597 ], [ -13.005, 8.596 ], [ -13.007, 8.595 ], [ -13.009, 8.596 ], [ -13.013, 8.596 ], [ -13.015, 8.596 ], [ -13.018, 8.596 ], [ -13.018, 8.596 ], [ -13.02, 8.597 ], [ -13.021, 8.598 ], [ -13.021, 8.598 ], [ -13.021, 8.6 ], [ -13.021, 8.601 ], [ -13.021, 8.602 ], [ -13.022, 8.602 ], [ -13.022, 8.603 ], [ -13.023, 8.603 ], [ -13.024, 8.602 ], [ -13.026, 8.601 ], [ -13.028, 8.6 ], [ -13.029, 8.599 ], [ -13.031, 8.597 ], [ -13.032, 8.596 ], [ -13.035, 8.595 ], [ -13.036, 8.594 ], [ -13.037, 8.594 ], [ -13.039, 8.593 ], [ -13.042, 8.593 ], [ -13.042, 8.593 ], [ -13.042, 8.593 ], [ -13.043, 8.592 ], [ -13.045, 8.591 ], [ -13.046, 8.59 ], [ -13.046, 8.59 ], [ -13.046, 8.59 ], [ -13.046, 8.59 ], [ -13.047, 8.589 ], [ -13.047, 8.589 ], [ -13.047, 8.588 ], [ -13.048, 8.588 ], [ -13.048, 8.586 ], [ -13.049, 8.585 ], [ -13.049, 8.585 ], [ -13.05, 8.583 ], [ -13.051, 8.582 ], [ -13.051, 8.58 ], [ -13.052, 8.578 ], [ -13.053, 8.576 ], [ -13.054, 8.575 ], [ -13.054, 8.574 ], [ -13.055, 8.574 ], [ -13.056, 8.574 ], [ -13.057, 8.574 ], [ -13.059, 8.573 ], [ -13.061, 8.573 ], [ -13.062, 8.573 ], [ -13.063, 8.573 ], [ -13.064, 8.573 ], [ -13.064, 8.575 ], [ -13.065, 8.576 ], [ -13.066, 8.576 ], [ -13.066, 8.577 ], [ -13.066, 8.579 ], [ -13.067, 8.581 ], [ -13.068, 8.582 ], [ -13.069, 8.583 ], [ -13.07, 8.583 ], [ -13.072, 8.584 ], [ -13.073, 8.584 ], [ -13.076, 8.583 ], [ -13.078, 8.583 ], [ -13.079, 8.584 ], [ -13.081, 8.584 ], [ -13.082, 8.584 ], [ -13.084, 8.584 ], [ -13.085, 8.584 ], [ -13.086, 8.585 ], [ -13.087, 8.585 ], [ -13.089, 8.584 ], [ -13.09, 8.584 ], [ -13.09, 8.585 ], [ -13.09, 8.587 ], [ -13.09, 8.589 ], [ -13.09, 8.59 ], [ -13.091, 8.593 ], [ -13.094, 8.596 ], [ -13.094, 8.597 ], [ -13.093, 8.597 ], [ -13.095, 8.598 ], [ -13.095, 8.599 ], [ -13.096, 8.6 ], [ -13.095, 8.601 ], [ -13.095, 8.603 ], [ -13.095, 8.605 ], [ -13.097, 8.605 ], [ -13.1, 8.605 ], [ -13.101, 8.606 ], [ -13.105, 8.607 ], [ -13.105, 8.607 ], [ -13.105, 8.607 ], [ -13.108, 8.606 ], [ -13.109, 8.605 ], [ -13.109, 8.604 ], [ -13.109, 8.603 ], [ -13.11, 8.601 ], [ -13.11, 8.601 ], [ -13.111, 8.6 ], [ -13.112, 8.598 ], [ -13.113, 8.597 ], [ -13.113, 8.596 ], [ -13.115, 8.594 ], [ -13.115, 8.592 ], [ -13.115, 8.591 ], [ -13.116, 8.59 ], [ -13.116, 8.588 ], [ -13.117, 8.588 ], [ -13.117, 8.587 ], [ -13.117, 8.586 ], [ -13.124, 8.578 ], [ -13.125, 8.576 ], [ -13.127, 8.574 ], [ -13.128, 8.572 ], [ -13.129, 8.569 ], [ -13.129, 8.567 ], [ -13.129, 8.566 ], [ -13.129, 8.566 ], [ -13.129, 8.565 ], [ -13.128, 8.564 ], [ -13.128, 8.563 ], [ -13.128, 8.562 ], [ -13.128, 8.561 ], [ -13.128, 8.56 ], [ -13.128, 8.559 ], [ -13.128, 8.558 ], [ -13.128, 8.557 ], [ -13.128, 8.556 ], [ -13.128, 8.554 ], [ -13.128, 8.553 ], [ -13.129, 8.552 ], [ -13.13, 8.551 ], [ -13.13, 8.551 ], [ -13.131, 8.55 ], [ -13.131, 8.549 ], [ -13.132, 8.549 ], [ -13.132, 8.549 ], [ -13.133, 8.549 ], [ -13.134, 8.549 ], [ -13.134, 8.548 ], [ -13.135, 8.548 ], [ -13.136, 8.547 ], [ -13.135, 8.547 ], [ -13.134, 8.547 ], [ -13.133, 8.547 ], [ -13.133, 8.547 ], [ -13.133, 8.547 ], [ -13.134, 8.545 ], [ -13.135, 8.543 ], [ -13.135, 8.542 ], [ -13.135, 8.541 ], [ -13.135, 8.541 ], [ -13.135, 8.539 ], [ -13.135, 8.539 ], [ -13.136, 8.538 ], [ -13.135, 8.539 ], [ -13.135, 8.539 ], [ -13.135, 8.537 ], [ -13.135, 8.535 ], [ -13.136, 8.532 ], [ -13.136, 8.531 ], [ -13.136, 8.531 ], [ -13.137, 8.529 ], [ -13.138, 8.527 ], [ -13.14, 8.525 ], [ -13.141, 8.524 ], [ -13.141, 8.523 ], [ -13.142, 8.523 ], [ -13.143, 8.521 ], [ -13.143, 8.521 ], [ -13.143, 8.521 ], [ -13.145, 8.52 ], [ -13.146, 8.519 ], [ -13.147, 8.518 ], [ -13.147, 8.518 ], [ -13.148, 8.517 ], [ -13.148, 8.517 ], [ -13.148, 8.517 ], [ -13.149, 8.517 ], [ -13.15, 8.518 ], [ -13.151, 8.518 ], [ -13.152, 8.518 ], [ -13.153, 8.519 ], [ -13.154, 8.519 ], [ -13.155, 8.52 ], [ -13.155, 8.52 ], [ -13.156, 8.521 ], [ -13.157, 8.522 ], [ -13.158, 8.522 ], [ -13.159, 8.523 ], [ -13.16, 8.524 ], [ -13.161, 8.524 ], [ -13.163, 8.525 ], [ -13.163, 8.525 ], [ -13.164, 8.526 ], [ -13.165, 8.526 ], [ -13.165, 8.527 ], [ -13.165, 8.528 ], [ -13.165, 8.528 ], [ -13.166, 8.53 ], [ -13.167, 8.53 ], [ -13.167, 8.529 ], [ -13.168, 8.527 ], [ -13.168, 8.529 ], [ -13.169, 8.53 ], [ -13.17, 8.53 ], [ -13.171, 8.531 ], [ -13.172, 8.532 ], [ -13.172, 8.533 ], [ -13.172, 8.533 ], [ -13.171, 8.534 ], [ -13.171, 8.534 ], [ -13.172, 8.535 ], [ -13.173, 8.537 ], [ -13.174, 8.538 ], [ -13.178, 8.543 ], [ -13.186, 8.553 ], [ -13.189, 8.557 ], [ -13.189, 8.557 ], [ -13.192, 8.562 ], [ -13.198, 8.572 ], [ -13.201, 8.578 ], [ -13.201, 8.582 ], [ -13.202, 8.589 ], [ -13.202, 8.59 ], [ -13.203, 8.592 ], [ -13.203, 8.592 ], [ -13.204, 8.595 ], [ -13.206, 8.598 ], [ -13.207, 8.602 ], [ -13.208, 8.604 ], [ -13.208, 8.604 ], [ -13.209, 8.609 ], [ -13.209, 8.609 ], [ -13.21, 8.61 ], [ -13.211, 8.613 ], [ -13.212, 8.616 ], [ -13.212, 8.616 ], [ -13.214, 8.618 ], [ -13.214, 8.619 ], [ -13.219, 8.625 ], [ -13.222, 8.631 ], [ -13.223, 8.632 ], [ -13.227, 8.635 ], [ -13.227, 8.635 ], [ -13.228, 8.636 ], [ -13.228, 8.637 ], [ -13.228, 8.637 ], [ -13.232, 8.64 ], [ -13.234, 8.643 ], [ -13.236, 8.647 ], [ -13.239, 8.653 ], [ -13.24, 8.655 ], [ -13.241, 8.657 ], [ -13.242, 8.658 ], [ -13.244, 8.663 ], [ -13.244, 8.664 ], [ -13.245, 8.666 ], [ -13.245, 8.667 ], [ -13.245, 8.667 ], [ -13.246, 8.679 ], [ -13.246, 8.681 ], [ -13.246, 8.682 ], [ -13.246, 8.688 ], [ -13.244, 8.692 ], [ -13.243, 8.695 ], [ -13.243, 8.695 ], [ -13.243, 8.697 ], [ -13.244, 8.7 ], [ -13.244, 8.701 ], [ -13.246, 8.707 ], [ -13.246, 8.711 ], [ -13.245, 8.712 ], [ -13.245, 8.713 ], [ -13.245, 8.714 ], [ -13.245, 8.716 ], [ -13.245, 8.718 ], [ -13.245, 8.718 ], [ -13.244, 8.72 ], [ -13.244, 8.722 ], [ -13.243, 8.724 ], [ -13.243, 8.724 ], [ -13.242, 8.726 ], [ -13.241, 8.728 ], [ -13.24, 8.729 ], [ -13.238, 8.728 ], [ -13.238, 8.729 ], [ -13.238, 8.73 ], [ -13.238, 8.73 ], [ -13.238, 8.731 ], [ -13.239, 8.732 ], [ -13.239, 8.733 ], [ -13.239, 8.734 ], [ -13.239, 8.734 ], [ -13.239, 8.735 ], [ -13.239, 8.737 ], [ -13.239, 8.737 ], [ -13.24, 8.739 ], [ -13.24, 8.741 ], [ -13.24, 8.741 ], [ -13.24, 8.743 ], [ -13.241, 8.744 ], [ -13.241, 8.745 ], [ -13.242, 8.747 ], [ -13.242, 8.75 ], [ -13.243, 8.751 ], [ -13.243, 8.751 ], [ -13.243, 8.752 ], [ -13.244, 8.755 ], [ -13.245, 8.757 ], [ -13.245, 8.76 ], [ -13.245, 8.763 ], [ -13.246, 8.764 ], [ -13.246, 8.765 ], [ -13.246, 8.767 ], [ -13.246, 8.768 ], [ -13.246, 8.773 ], [ -13.246, 8.777 ], [ -13.246, 8.78 ], [ -13.246, 8.78 ], [ -13.246, 8.782 ], [ -13.247, 8.784 ], [ -13.247, 8.785 ], [ -13.247, 8.788 ], [ -13.247, 8.79 ], [ -13.247, 8.79 ], [ -13.248, 8.792 ], [ -13.248, 8.795 ], [ -13.248, 8.796 ], [ -13.248, 8.796 ], [ -13.249, 8.797 ], [ -13.249, 8.798 ], [ -13.249, 8.801 ], [ -13.249, 8.803 ], [ -13.249, 8.804 ], [ -13.249, 8.804 ], [ -13.249, 8.805 ] ], [ [ -12.981, 8.554 ], [ -12.977, 8.552 ], [ -12.977, 8.552 ], [ -12.981, 8.554 ] ] ], [ [ [ -13.131, 8.537 ], [ -13.132, 8.537 ], [ -13.132, 8.538 ], [ -13.132, 8.539 ], [ -13.132, 8.539 ], [ -13.132, 8.54 ], [ -13.131, 8.54 ], [ -13.13, 8.54 ], [ -13.13, 8.539 ], [ -13.13, 8.538 ], [ -13.13, 8.538 ], [ -13.131, 8.537 ] ] ], [ [ [ -13.122, 8.559 ], [ -13.122, 8.559 ], [ -13.123, 8.56 ], [ -13.123, 8.561 ], [ -13.123, 8.562 ], [ -13.123, 8.563 ], [ -13.123, 8.564 ], [ -13.121, 8.564 ], [ -13.12, 8.564 ], [ -13.12, 8.565 ], [ -13.12, 8.563 ], [ -13.12, 8.562 ], [ -13.12, 8.561 ], [ -13.12, 8.56 ], [ -13.121, 8.56 ], [ -13.122, 8.559 ] ] ], [ [ [ -13.124, 8.54 ], [ -13.124, 8.54 ], [ -13.124, 8.541 ], [ -13.124, 8.542 ], [ -13.125, 8.543 ], [ -13.125, 8.545 ], [ -13.125, 8.546 ], [ -13.123, 8.547 ], [ -13.121, 8.547 ], [ -13.119, 8.548 ], [ -13.118, 8.549 ], [ -13.117, 8.549 ], [ -13.116, 8.55 ], [ -13.116, 8.55 ], [ -13.115, 8.55 ], [ -13.115, 8.549 ], [ -13.116, 8.548 ], [ -13.116, 8.547 ], [ -13.116, 8.546 ], [ -13.117, 8.545 ], [ -13.118, 8.543 ], [ -13.119, 8.543 ], [ -13.119, 8.541 ], [ -13.12, 8.541 ], [ -13.12, 8.54 ], [ -13.12, 8.539 ], [ -13.121, 8.539 ], [ -13.12, 8.538 ], [ -13.121, 8.538 ], [ -13.123, 8.538 ], [ -13.124, 8.54 ] ] ], [ [ [ -13.114, 8.567 ], [ -13.11, 8.569 ], [ -13.106, 8.568 ], [ -13.105, 8.566 ], [ -13.105, 8.562 ], [ -13.107, 8.559 ], [ -13.113, 8.561 ], [ -13.114, 8.564 ], [ -13.114, 8.567 ] ] ], [ [ [ -12.967, 8.569 ], [ -12.975, 8.57 ], [ -12.975, 8.569 ], [ -12.976, 8.569 ], [ -12.976, 8.568 ], [ -12.977, 8.568 ], [ -12.978, 8.568 ], [ -12.978, 8.568 ], [ -12.981, 8.568 ], [ -12.982, 8.568 ], [ -12.983, 8.568 ], [ -12.983, 8.569 ], [ -12.983, 8.57 ], [ -12.984, 8.57 ], [ -13.0, 8.572 ], [ -13.0, 8.571 ], [ -13.002, 8.571 ], [ -13.005, 8.572 ], [ -13.006, 8.572 ], [ -13.01, 8.57 ], [ -13.01, 8.572 ], [ -13.01, 8.572 ], [ -13.01, 8.573 ], [ -13.006, 8.574 ], [ -12.984, 8.582 ], [ -12.983, 8.582 ], [ -12.982, 8.583 ], [ -12.98, 8.584 ], [ -12.978, 8.583 ], [ -12.977, 8.582 ], [ -12.977, 8.583 ], [ -12.97, 8.579 ], [ -12.965, 8.574 ], [ -12.961, 8.571 ], [ -12.96, 8.567 ], [ -12.964, 8.568 ], [ -12.965, 8.568 ], [ -12.966, 8.568 ], [ -12.967, 8.569 ] ] ], [ [ [ -13.072, 8.58 ], [ -13.072, 8.58 ], [ -13.071, 8.581 ], [ -13.071, 8.58 ], [ -13.07, 8.58 ], [ -13.07, 8.579 ], [ -13.07, 8.579 ], [ -13.069, 8.579 ], [ -13.068, 8.577 ], [ -13.067, 8.576 ], [ -13.067, 8.575 ], [ -13.067, 8.575 ], [ -13.067, 8.574 ], [ -13.067, 8.574 ], [ -13.067, 8.574 ], [ -13.067, 8.573 ], [ -13.068, 8.573 ], [ -13.069, 8.573 ], [ -13.071, 8.573 ], [ -13.071, 8.573 ], [ -13.072, 8.574 ], [ -13.072, 8.576 ], [ -13.074, 8.577 ], [ -13.074, 8.578 ], [ -13.072, 8.58 ], [ -13.072, 8.58 ] ] ], [ [ [ -13.041, 8.568 ], [ -13.041, 8.569 ], [ -13.04, 8.571 ], [ -13.04, 8.572 ], [ -13.039, 8.572 ], [ -13.039, 8.571 ], [ -13.039, 8.57 ], [ -13.039, 8.568 ], [ -13.041, 8.567 ], [ -13.041, 8.568 ] ] ], [ [ [ -13.105, 8.587 ], [ -13.103, 8.587 ], [ -13.103, 8.587 ], [ -13.103, 8.585 ], [ -13.103, 8.584 ], [ -13.104, 8.582 ], [ -13.105, 8.58 ], [ -13.106, 8.579 ], [ -13.107, 8.578 ], [ -13.107, 8.576 ], [ -13.109, 8.574 ], [ -13.11, 8.572 ], [ -13.111, 8.571 ], [ -13.112, 8.57 ], [ -13.114, 8.57 ], [ -13.116, 8.568 ], [ -13.117, 8.567 ], [ -13.118, 8.567 ], [ -13.119, 8.567 ], [ -13.121, 8.566 ], [ -13.122, 8.566 ], [ -13.123, 8.565 ], [ -13.124, 8.565 ], [ -13.124, 8.565 ], [ -13.125, 8.566 ], [ -13.125, 8.568 ], [ -13.125, 8.569 ], [ -13.124, 8.57 ], [ -13.122, 8.573 ], [ -13.121, 8.574 ], [ -13.12, 8.576 ], [ -13.119, 8.578 ], [ -13.119, 8.579 ], [ -13.117, 8.582 ], [ -13.116, 8.585 ], [ -13.116, 8.586 ], [ -13.115, 8.587 ], [ -13.114, 8.589 ], [ -13.113, 8.59 ], [ -13.113, 8.591 ], [ -13.112, 8.592 ], [ -13.112, 8.593 ], [ -13.111, 8.594 ], [ -13.11, 8.594 ], [ -13.108, 8.595 ], [ -13.107, 8.594 ], [ -13.107, 8.593 ], [ -13.107, 8.591 ], [ -13.107, 8.59 ], [ -13.106, 8.589 ], [ -13.105, 8.587 ] ] ], [ [ [ -13.109, 8.597 ], [ -13.11, 8.597 ], [ -13.11, 8.598 ], [ -13.109, 8.6 ], [ -13.108, 8.6 ], [ -13.108, 8.6 ], [ -13.108, 8.599 ], [ -13.108, 8.598 ], [ -13.109, 8.597 ], [ -13.109, 8.597 ] ] ], [ [ [ -13.004, 8.577 ], [ -13.007, 8.574 ], [ -13.008, 8.575 ], [ -13.009, 8.575 ], [ -13.013, 8.577 ], [ -13.015, 8.579 ], [ -13.014, 8.58 ], [ -13.014, 8.58 ], [ -13.014, 8.58 ], [ -13.012, 8.58 ], [ -13.006, 8.58 ], [ -13.005, 8.581 ], [ -13.002, 8.581 ], [ -13.001, 8.58 ], [ -12.998, 8.581 ], [ -13.002, 8.578 ], [ -13.002, 8.578 ], [ -13.003, 8.577 ], [ -13.004, 8.577 ] ] ], [ [ [ -13.151, 8.851 ], [ -13.151, 8.851 ], [ -13.152, 8.85 ], [ -13.152, 8.85 ], [ -13.153, 8.851 ], [ -13.154, 8.851 ], [ -13.154, 8.851 ], [ -13.155, 8.851 ], [ -13.155, 8.852 ], [ -13.154, 8.852 ], [ -13.153, 8.852 ], [ -13.153, 8.852 ], [ -13.151, 8.852 ], [ -13.151, 8.852 ], [ -13.151, 8.851 ] ] ], [ [ [ -13.164, 8.85 ], [ -13.164, 8.85 ], [ -13.165, 8.85 ], [ -13.166, 8.851 ], [ -13.167, 8.851 ], [ -13.168, 8.852 ], [ -13.166, 8.852 ], [ -13.165, 8.851 ], [ -13.164, 8.85 ] ] ], [ [ [ -13.171, 8.863 ], [ -13.17, 8.861 ], [ -13.17, 8.86 ], [ -13.17, 8.86 ], [ -13.171, 8.86 ], [ -13.171, 8.86 ], [ -13.172, 8.86 ], [ -13.173, 8.86 ], [ -13.174, 8.861 ], [ -13.174, 8.861 ], [ -13.174, 8.862 ], [ -13.174, 8.863 ], [ -13.173, 8.863 ], [ -13.172, 8.862 ], [ -13.171, 8.863 ] ] ], [ [ [ -13.15, 8.853 ], [ -13.151, 8.853 ], [ -13.152, 8.853 ], [ -13.153, 8.853 ], [ -13.155, 8.853 ], [ -13.156, 8.853 ], [ -13.157, 8.854 ], [ -13.158, 8.855 ], [ -13.159, 8.855 ], [ -13.16, 8.857 ], [ -13.161, 8.857 ], [ -13.161, 8.858 ], [ -13.159, 8.858 ], [ -13.157, 8.857 ], [ -13.154, 8.856 ], [ -13.153, 8.855 ], [ -13.151, 8.855 ], [ -13.15, 8.854 ], [ -13.15, 8.853 ] ] ], [ [ [ -13.159, 8.863 ], [ -13.158, 8.862 ], [ -13.156, 8.861 ], [ -13.156, 8.861 ], [ -13.155, 8.86 ], [ -13.153, 8.858 ], [ -13.153, 8.857 ], [ -13.153, 8.857 ], [ -13.155, 8.858 ], [ -13.156, 8.858 ], [ -13.158, 8.859 ], [ -13.16, 8.86 ], [ -13.161, 8.86 ], [ -13.164, 8.861 ], [ -13.163, 8.862 ], [ -13.162, 8.863 ], [ -13.161, 8.863 ], [ -13.161, 8.863 ], [ -13.16, 8.864 ], [ -13.16, 8.863 ], [ -13.159, 8.863 ] ] ], [ [ [ -12.956, 8.537 ], [ -12.961, 8.54 ], [ -12.962, 8.549 ], [ -12.962, 8.549 ], [ -12.963, 8.551 ], [ -12.962, 8.553 ], [ -12.96, 8.554 ], [ -12.959, 8.555 ], [ -12.958, 8.556 ], [ -12.957, 8.555 ], [ -12.955, 8.556 ], [ -12.945, 8.556 ], [ -12.941, 8.556 ], [ -12.937, 8.557 ], [ -12.936, 8.556 ], [ -12.936, 8.556 ], [ -12.933, 8.556 ], [ -12.931, 8.553 ], [ -12.93, 8.553 ], [ -12.928, 8.553 ], [ -12.928, 8.552 ], [ -12.927, 8.551 ], [ -12.925, 8.549 ], [ -12.924, 8.548 ], [ -12.923, 8.547 ], [ -12.923, 8.546 ], [ -12.929, 8.541 ], [ -12.929, 8.54 ], [ -12.931, 8.538 ], [ -12.933, 8.536 ], [ -12.939, 8.534 ], [ -12.941, 8.532 ], [ -12.944, 8.531 ], [ -12.948, 8.531 ], [ -12.95, 8.532 ], [ -12.952, 8.534 ], [ -12.955, 8.535 ], [ -12.956, 8.537 ], [ -12.956, 8.537 ] ] ] ] } },
{ "type": "Feature", "properties": { "NEW_DIST": "Pujehun", "NEW_PROV": "Southern", "CS_Pro_Num": 3, "CS_Pro_Nam": "Southern", "CS_Dis_Num": 34, "CS_Dis_Nam": "Pujehun", "layer": "Pujehun District" }, "geometry": { "type": "MultiPolygon", "coordinates": [ [ [ [ -11.421, 6.951 ], [ -11.421, 6.95 ], [ -11.418, 6.94 ], [ -11.42, 6.938 ], [ -11.423, 6.938 ], [ -11.426, 6.941 ], [ -11.432, 6.942 ], [ -11.437, 6.942 ], [ -11.438, 6.942 ], [ -11.45, 6.937 ], [ -11.452, 6.935 ], [ -11.453, 6.934 ], [ -11.455, 6.932 ], [ -11.455, 6.928 ], [ -11.458, 6.924 ], [ -11.463, 6.925 ], [ -11.468, 6.927 ], [ -11.478, 6.927 ], [ -11.479, 6.926 ], [ -11.489, 6.925 ], [ -11.497, 6.923 ], [ -11.505, 6.926 ], [ -11.517, 6.932 ], [ -11.54, 6.944 ], [ -11.549, 6.949 ], [ -11.552, 6.95 ], [ -11.578, 6.964 ], [ -11.578, 6.964 ], [ -11.583, 6.966 ], [ -11.583, 6.966 ], [ -11.595, 6.969 ], [ -11.603, 6.98 ], [ -11.608, 6.984 ], [ -11.611, 6.987 ], [ -11.611, 6.987 ], [ -11.622, 7.0 ], [ -11.627, 7.007 ], [ -11.63, 7.01 ], [ -11.648, 7.026 ], [ -11.651, 7.029 ], [ -11.662, 7.039 ], [ -11.664, 7.04 ], [ -11.696, 7.06 ], [ -11.699, 7.062 ], [ -11.72, 7.074 ], [ -11.734, 7.083 ], [ -11.745, 7.089 ], [ -11.758, 7.096 ], [ -11.77, 7.102 ], [ -11.789, 7.112 ], [ -11.8, 7.118 ], [ -11.822, 7.128 ], [ -11.836, 7.135 ], [ -11.838, 7.136 ], [ -11.843, 7.139 ], [ -11.867, 7.15 ], [ -11.883, 7.158 ], [ -11.897, 7.165 ], [ -11.9, 7.166 ], [ -11.911, 7.171 ], [ -11.919, 7.175 ], [ -11.931, 7.179 ], [ -11.95, 7.186 ], [ -11.96, 7.193 ], [ -11.954, 7.2 ], [ -11.95, 7.206 ], [ -11.944, 7.221 ], [ -11.94, 7.228 ], [ -11.937, 7.229 ], [ -11.932, 7.227 ], [ -11.928, 7.223 ], [ -11.926, 7.217 ], [ -11.923, 7.213 ], [ -11.919, 7.214 ], [ -11.915, 7.218 ], [ -11.911, 7.217 ], [ -11.909, 7.214 ], [ -11.907, 7.213 ], [ -11.903, 7.212 ], [ -11.899, 7.21 ], [ -11.898, 7.211 ], [ -11.895, 7.214 ], [ -11.893, 7.223 ], [ -11.893, 7.225 ], [ -11.892, 7.228 ], [ -11.892, 7.236 ], [ -11.891, 7.24 ], [ -11.891, 7.242 ], [ -11.889, 7.25 ], [ -11.886, 7.254 ], [ -11.883, 7.259 ], [ -11.883, 7.265 ], [ -11.882, 7.27 ], [ -11.881, 7.272 ], [ -11.88, 7.274 ], [ -11.879, 7.277 ], [ -11.88, 7.281 ], [ -11.88, 7.281 ], [ -11.883, 7.283 ], [ -11.887, 7.284 ], [ -11.891, 7.287 ], [ -11.895, 7.289 ], [ -11.897, 7.291 ], [ -11.898, 7.292 ], [ -11.9, 7.299 ], [ -11.899, 7.302 ], [ -11.899, 7.31 ], [ -11.899, 7.321 ], [ -11.899, 7.326 ], [ -11.899, 7.328 ], [ -11.899, 7.333 ], [ -11.902, 7.337 ], [ -11.902, 7.338 ], [ -11.898, 7.34 ], [ -11.892, 7.346 ], [ -11.891, 7.347 ], [ -11.888, 7.349 ], [ -11.892, 7.353 ], [ -11.889, 7.364 ], [ -11.885, 7.373 ], [ -11.884, 7.374 ], [ -11.88, 7.38 ], [ -11.879, 7.385 ], [ -11.878, 7.394 ], [ -11.88, 7.395 ], [ -11.881, 7.395 ], [ -11.884, 7.394 ], [ -11.884, 7.396 ], [ -11.884, 7.399 ], [ -11.887, 7.399 ], [ -11.889, 7.401 ], [ -11.886, 7.403 ], [ -11.886, 7.409 ], [ -11.881, 7.408 ], [ -11.883, 7.41 ], [ -11.885, 7.412 ], [ -11.885, 7.413 ], [ -11.885, 7.415 ], [ -11.882, 7.416 ], [ -11.881, 7.417 ], [ -11.88, 7.418 ], [ -11.882, 7.419 ], [ -11.884, 7.419 ], [ -11.886, 7.421 ], [ -11.884, 7.423 ], [ -11.886, 7.427 ], [ -11.891, 7.43 ], [ -11.893, 7.433 ], [ -11.893, 7.435 ], [ -11.894, 7.437 ], [ -11.894, 7.437 ], [ -11.897, 7.438 ], [ -11.898, 7.44 ], [ -11.898, 7.44 ], [ -11.897, 7.44 ], [ -11.896, 7.441 ], [ -11.895, 7.445 ], [ -11.894, 7.447 ], [ -11.894, 7.45 ], [ -11.893, 7.452 ], [ -11.894, 7.455 ], [ -11.894, 7.457 ], [ -11.894, 7.459 ], [ -11.894, 7.461 ], [ -11.892, 7.461 ], [ -11.89, 7.464 ], [ -11.887, 7.464 ], [ -11.887, 7.465 ], [ -11.888, 7.468 ], [ -11.888, 7.468 ], [ -11.889, 7.469 ], [ -11.89, 7.471 ], [ -11.889, 7.474 ], [ -11.889, 7.475 ], [ -11.888, 7.476 ], [ -11.89, 7.478 ], [ -11.89, 7.48 ], [ -11.89, 7.482 ], [ -11.892, 7.483 ], [ -11.894, 7.483 ], [ -11.895, 7.485 ], [ -11.885, 7.481 ], [ -11.88, 7.481 ], [ -11.874, 7.482 ], [ -11.872, 7.483 ], [ -11.87, 7.483 ], [ -11.862, 7.487 ], [ -11.86, 7.493 ], [ -11.86, 7.495 ], [ -11.859, 7.498 ], [ -11.857, 7.507 ], [ -11.86, 7.513 ], [ -11.862, 7.515 ], [ -11.867, 7.521 ], [ -11.872, 7.529 ], [ -11.866, 7.536 ], [ -11.862, 7.539 ], [ -11.857, 7.54 ], [ -11.852, 7.536 ], [ -11.849, 7.534 ], [ -11.846, 7.53 ], [ -11.842, 7.529 ], [ -11.837, 7.53 ], [ -11.836, 7.53 ], [ -11.833, 7.528 ], [ -11.832, 7.528 ], [ -11.829, 7.528 ], [ -11.829, 7.528 ], [ -11.824, 7.528 ], [ -11.822, 7.531 ], [ -11.824, 7.538 ], [ -11.829, 7.543 ], [ -11.833, 7.546 ], [ -11.835, 7.547 ], [ -11.841, 7.552 ], [ -11.848, 7.561 ], [ -11.846, 7.565 ], [ -11.843, 7.57 ], [ -11.84, 7.574 ], [ -11.836, 7.577 ], [ -11.834, 7.579 ], [ -11.831, 7.581 ], [ -11.831, 7.581 ], [ -11.827, 7.585 ], [ -11.82, 7.585 ], [ -11.813, 7.584 ], [ -11.81, 7.585 ], [ -11.807, 7.585 ], [ -11.803, 7.591 ], [ -11.798, 7.594 ], [ -11.793, 7.587 ], [ -11.792, 7.586 ], [ -11.785, 7.591 ], [ -11.78, 7.594 ], [ -11.775, 7.598 ], [ -11.769, 7.602 ], [ -11.765, 7.608 ], [ -11.765, 7.609 ], [ -11.762, 7.614 ], [ -11.759, 7.62 ], [ -11.755, 7.627 ], [ -11.754, 7.629 ], [ -11.753, 7.631 ], [ -11.752, 7.632 ], [ -11.751, 7.634 ], [ -11.746, 7.638 ], [ -11.746, 7.641 ], [ -11.745, 7.646 ], [ -11.741, 7.653 ], [ -11.743, 7.657 ], [ -11.743, 7.663 ], [ -11.738, 7.665 ], [ -11.732, 7.668 ], [ -11.719, 7.666 ], [ -11.719, 7.657 ], [ -11.722, 7.647 ], [ -11.721, 7.642 ], [ -11.715, 7.634 ], [ -11.723, 7.625 ], [ -11.724, 7.622 ], [ -11.725, 7.621 ], [ -11.727, 7.618 ], [ -11.727, 7.618 ], [ -11.73, 7.608 ], [ -11.737, 7.595 ], [ -11.742, 7.586 ], [ -11.74, 7.579 ], [ -11.74, 7.578 ], [ -11.737, 7.573 ], [ -11.733, 7.568 ], [ -11.726, 7.558 ], [ -11.723, 7.553 ], [ -11.722, 7.55 ], [ -11.715, 7.548 ], [ -11.716, 7.55 ], [ -11.716, 7.55 ], [ -11.718, 7.556 ], [ -11.716, 7.558 ], [ -11.716, 7.561 ], [ -11.711, 7.562 ], [ -11.711, 7.565 ], [ -11.709, 7.568 ], [ -11.704, 7.572 ], [ -11.702, 7.573 ], [ -11.698, 7.577 ], [ -11.694, 7.583 ], [ -11.694, 7.583 ], [ -11.694, 7.583 ], [ -11.694, 7.587 ], [ -11.693, 7.593 ], [ -11.694, 7.598 ], [ -11.691, 7.602 ], [ -11.688, 7.608 ], [ -11.684, 7.614 ], [ -11.68, 7.618 ], [ -11.677, 7.624 ], [ -11.675, 7.629 ], [ -11.669, 7.633 ], [ -11.664, 7.633 ], [ -11.659, 7.633 ], [ -11.65, 7.633 ], [ -11.647, 7.635 ], [ -11.644, 7.635 ], [ -11.64, 7.635 ], [ -11.634, 7.635 ], [ -11.627, 7.635 ], [ -11.621, 7.636 ], [ -11.615, 7.637 ], [ -11.608, 7.632 ], [ -11.602, 7.626 ], [ -11.596, 7.625 ], [ -11.588, 7.626 ], [ -11.582, 7.628 ], [ -11.581, 7.628 ], [ -11.577, 7.635 ], [ -11.572, 7.64 ], [ -11.57, 7.649 ], [ -11.566, 7.657 ], [ -11.563, 7.663 ], [ -11.558, 7.669 ], [ -11.546, 7.677 ], [ -11.532, 7.677 ], [ -11.516, 7.672 ], [ -11.511, 7.669 ], [ -11.515, 7.664 ], [ -11.517, 7.657 ], [ -11.517, 7.651 ], [ -11.517, 7.651 ], [ -11.514, 7.646 ], [ -11.51, 7.644 ], [ -11.505, 7.64 ], [ -11.501, 7.636 ], [ -11.497, 7.631 ], [ -11.493, 7.626 ], [ -11.491, 7.624 ], [ -11.489, 7.62 ], [ -11.489, 7.619 ], [ -11.492, 7.612 ], [ -11.495, 7.606 ], [ -11.496, 7.598 ], [ -11.497, 7.593 ], [ -11.498, 7.59 ], [ -11.501, 7.583 ], [ -11.501, 7.579 ], [ -11.501, 7.576 ], [ -11.501, 7.569 ], [ -11.502, 7.56 ], [ -11.505, 7.549 ], [ -11.508, 7.544 ], [ -11.505, 7.542 ], [ -11.504, 7.541 ], [ -11.501, 7.541 ], [ -11.499, 7.541 ], [ -11.493, 7.541 ], [ -11.486, 7.542 ], [ -11.48, 7.543 ], [ -11.475, 7.543 ], [ -11.47, 7.542 ], [ -11.463, 7.542 ], [ -11.462, 7.542 ], [ -11.459, 7.542 ], [ -11.457, 7.542 ], [ -11.456, 7.542 ], [ -11.453, 7.542 ], [ -11.452, 7.543 ], [ -11.45, 7.544 ], [ -11.446, 7.548 ], [ -11.444, 7.551 ], [ -11.442, 7.554 ], [ -11.437, 7.56 ], [ -11.431, 7.569 ], [ -11.43, 7.57 ], [ -11.426, 7.579 ], [ -11.422, 7.587 ], [ -11.422, 7.588 ], [ -11.419, 7.593 ], [ -11.416, 7.598 ], [ -11.411, 7.604 ], [ -11.405, 7.612 ], [ -11.405, 7.616 ], [ -11.404, 7.62 ], [ -11.402, 7.623 ], [ -11.401, 7.624 ], [ -11.399, 7.628 ], [ -11.391, 7.637 ], [ -11.385, 7.643 ], [ -11.382, 7.646 ], [ -11.377, 7.651 ], [ -11.373, 7.655 ], [ -11.373, 7.655 ], [ -11.371, 7.654 ], [ -11.369, 7.651 ], [ -11.368, 7.643 ], [ -11.369, 7.637 ], [ -11.368, 7.631 ], [ -11.366, 7.621 ], [ -11.364, 7.612 ], [ -11.361, 7.607 ], [ -11.358, 7.602 ], [ -11.356, 7.601 ], [ -11.356, 7.601 ], [ -11.355, 7.599 ], [ -11.353, 7.597 ], [ -11.35, 7.596 ], [ -11.349, 7.596 ], [ -11.343, 7.597 ], [ -11.332, 7.599 ], [ -11.325, 7.6 ], [ -11.315, 7.598 ], [ -11.311, 7.597 ], [ -11.317, 7.591 ], [ -11.322, 7.588 ], [ -11.326, 7.588 ], [ -11.332, 7.588 ], [ -11.334, 7.586 ], [ -11.338, 7.583 ], [ -11.342, 7.577 ], [ -11.348, 7.573 ], [ -11.353, 7.568 ], [ -11.357, 7.565 ], [ -11.357, 7.565 ], [ -11.358, 7.564 ], [ -11.359, 7.562 ], [ -11.361, 7.561 ], [ -11.362, 7.559 ], [ -11.359, 7.554 ], [ -11.361, 7.548 ], [ -11.364, 7.542 ], [ -11.365, 7.539 ], [ -11.365, 7.537 ], [ -11.365, 7.533 ], [ -11.367, 7.526 ], [ -11.365, 7.521 ], [ -11.365, 7.521 ], [ -11.363, 7.518 ], [ -11.361, 7.515 ], [ -11.362, 7.512 ], [ -11.364, 7.506 ], [ -11.364, 7.506 ], [ -11.364, 7.504 ], [ -11.364, 7.504 ], [ -11.361, 7.5 ], [ -11.359, 7.498 ], [ -11.361, 7.495 ], [ -11.359, 7.493 ], [ -11.356, 7.49 ], [ -11.354, 7.485 ], [ -11.352, 7.482 ], [ -11.354, 7.479 ], [ -11.355, 7.474 ], [ -11.354, 7.472 ], [ -11.354, 7.469 ], [ -11.35, 7.463 ], [ -11.349, 7.46 ], [ -11.351, 7.458 ], [ -11.354, 7.456 ], [ -11.352, 7.451 ], [ -11.348, 7.452 ], [ -11.35, 7.449 ], [ -11.35, 7.444 ], [ -11.349, 7.441 ], [ -11.346, 7.44 ], [ -11.343, 7.439 ], [ -11.343, 7.435 ], [ -11.341, 7.431 ], [ -11.338, 7.43 ], [ -11.336, 7.429 ], [ -11.328, 7.425 ], [ -11.317, 7.419 ], [ -11.314, 7.417 ], [ -11.307, 7.411 ], [ -11.296, 7.404 ], [ -11.288, 7.397 ], [ -11.278, 7.392 ], [ -11.268, 7.386 ], [ -11.262, 7.382 ], [ -11.251, 7.376 ], [ -11.24, 7.372 ], [ -11.237, 7.372 ], [ -11.229, 7.37 ], [ -11.226, 7.369 ], [ -11.206, 7.362 ], [ -11.187, 7.355 ], [ -11.168, 7.35 ], [ -11.158, 7.346 ], [ -11.155, 7.345 ], [ -11.143, 7.341 ], [ -11.144, 7.337 ], [ -11.143, 7.324 ], [ -11.149, 7.32 ], [ -11.153, 7.314 ], [ -11.158, 7.312 ], [ -11.162, 7.308 ], [ -11.167, 7.307 ], [ -11.172, 7.305 ], [ -11.173, 7.299 ], [ -11.173, 7.296 ], [ -11.177, 7.295 ], [ -11.181, 7.293 ], [ -11.181, 7.29 ], [ -11.177, 7.288 ], [ -11.176, 7.286 ], [ -11.18, 7.28 ], [ -11.183, 7.276 ], [ -11.18, 7.273 ], [ -11.18, 7.269 ], [ -11.18, 7.269 ], [ -11.183, 7.265 ], [ -11.188, 7.262 ], [ -11.192, 7.261 ], [ -11.196, 7.261 ], [ -11.197, 7.261 ], [ -11.199, 7.257 ], [ -11.202, 7.255 ], [ -11.205, 7.254 ], [ -11.21, 7.252 ], [ -11.216, 7.251 ], [ -11.222, 7.246 ], [ -11.228, 7.249 ], [ -11.234, 7.252 ], [ -11.238, 7.249 ], [ -11.242, 7.244 ], [ -11.245, 7.241 ], [ -11.245, 7.24 ], [ -11.25, 7.233 ], [ -11.253, 7.231 ], [ -11.258, 7.232 ], [ -11.258, 7.232 ], [ -11.263, 7.232 ], [ -11.264, 7.232 ], [ -11.267, 7.233 ], [ -11.266, 7.237 ], [ -11.27, 7.241 ], [ -11.271, 7.24 ], [ -11.274, 7.239 ], [ -11.275, 7.237 ], [ -11.273, 7.232 ], [ -11.275, 7.229 ], [ -11.277, 7.226 ], [ -11.28, 7.223 ], [ -11.281, 7.217 ], [ -11.286, 7.214 ], [ -11.286, 7.209 ], [ -11.287, 7.201 ], [ -11.29, 7.198 ], [ -11.295, 7.196 ], [ -11.297, 7.199 ], [ -11.29, 7.203 ], [ -11.294, 7.206 ], [ -11.299, 7.205 ], [ -11.302, 7.206 ], [ -11.303, 7.208 ], [ -11.302, 7.212 ], [ -11.303, 7.214 ], [ -11.31, 7.211 ], [ -11.312, 7.209 ], [ -11.311, 7.207 ], [ -11.309, 7.204 ], [ -11.31, 7.203 ], [ -11.311, 7.198 ], [ -11.313, 7.196 ], [ -11.314, 7.193 ], [ -11.312, 7.187 ], [ -11.313, 7.184 ], [ -11.317, 7.181 ], [ -11.324, 7.174 ], [ -11.321, 7.17 ], [ -11.326, 7.167 ], [ -11.329, 7.164 ], [ -11.33, 7.163 ], [ -11.335, 7.159 ], [ -11.336, 7.157 ], [ -11.332, 7.154 ], [ -11.33, 7.151 ], [ -11.329, 7.148 ], [ -11.333, 7.145 ], [ -11.337, 7.144 ], [ -11.342, 7.147 ], [ -11.344, 7.148 ], [ -11.347, 7.148 ], [ -11.35, 7.145 ], [ -11.353, 7.142 ], [ -11.353, 7.139 ], [ -11.351, 7.137 ], [ -11.349, 7.132 ], [ -11.345, 7.13 ], [ -11.343, 7.127 ], [ -11.34, 7.121 ], [ -11.339, 7.118 ], [ -11.334, 7.113 ], [ -11.338, 7.106 ], [ -11.337, 7.103 ], [ -11.335, 7.098 ], [ -11.334, 7.09 ], [ -11.333, 7.084 ], [ -11.332, 7.08 ], [ -11.334, 7.078 ], [ -11.336, 7.077 ], [ -11.34, 7.078 ], [ -11.345, 7.08 ], [ -11.348, 7.081 ], [ -11.351, 7.08 ], [ -11.357, 7.08 ], [ -11.361, 7.081 ], [ -11.365, 7.081 ], [ -11.368, 7.08 ], [ -11.37, 7.076 ], [ -11.374, 7.073 ], [ -11.375, 7.069 ], [ -11.375, 7.064 ], [ -11.374, 7.062 ], [ -11.367, 7.057 ], [ -11.365, 7.056 ], [ -11.363, 7.052 ], [ -11.363, 7.049 ], [ -11.368, 7.046 ], [ -11.369, 7.042 ], [ -11.369, 7.039 ], [ -11.371, 7.031 ], [ -11.369, 7.02 ], [ -11.369, 7.02 ], [ -11.372, 7.019 ], [ -11.376, 7.015 ], [ -11.377, 7.013 ], [ -11.378, 7.011 ], [ -11.38, 7.01 ], [ -11.384, 7.011 ], [ -11.386, 7.009 ], [ -11.389, 7.009 ], [ -11.394, 7.004 ], [ -11.396, 7.002 ], [ -11.396, 6.996 ], [ -11.398, 6.987 ], [ -11.404, 6.988 ], [ -11.412, 6.99 ], [ -11.417, 6.985 ], [ -11.417, 6.985 ], [ -11.416, 6.978 ], [ -11.415, 6.975 ], [ -11.415, 6.972 ], [ -11.421, 6.969 ], [ -11.431, 6.972 ], [ -11.432, 6.968 ], [ -11.43, 6.965 ], [ -11.421, 6.951 ] ] ] ] } },
{ "type": "Feature", "properties": { "NEW_DIST": "Tonkolili", "NEW_PROV": "Northern", "CS_Pro_Num": 2, "CS_Pro_Nam": "Northern", "CS_Dis_Num": 25, "CS_Dis_Nam": "Tonkolili", "layer": "Tonkolili District" }, "geometry": { "type": "MultiPolygon", "coordinates": [ [ [ [ -12.302, 8.328 ], [ -12.331, 8.335 ], [ -12.333, 8.337 ], [ -12.334, 8.339 ], [ -12.336, 8.341 ], [ -12.337, 8.342 ], [ -12.339, 8.345 ], [ -12.339, 8.346 ], [ -12.342, 8.35 ], [ -12.344, 8.352 ], [ -12.346, 8.352 ], [ -12.349, 8.352 ], [ -12.35, 8.354 ], [ -12.352, 8.354 ], [ -12.358, 8.351 ], [ -12.36, 8.35 ], [ -12.363, 8.35 ], [ -12.367, 8.351 ], [ -12.371, 8.353 ], [ -12.371, 8.35 ], [ -12.372, 8.347 ], [ -12.38, 8.342 ], [ -12.381, 8.34 ], [ -12.383, 8.337 ], [ -12.383, 8.337 ], [ -12.384, 8.336 ], [ -12.388, 8.334 ], [ -12.391, 8.332 ], [ -12.392, 8.329 ], [ -12.392, 8.329 ], [ -12.392, 8.326 ], [ -12.393, 8.323 ], [ -12.395, 8.32 ], [ -12.397, 8.317 ], [ -12.401, 8.317 ], [ -12.404, 8.317 ], [ -12.408, 8.315 ], [ -12.41, 8.314 ], [ -12.415, 8.313 ], [ -12.418, 8.311 ], [ -12.421, 8.312 ], [ -12.426, 8.315 ], [ -12.431, 8.315 ], [ -12.432, 8.315 ], [ -12.436, 8.314 ], [ -12.438, 8.31 ], [ -12.441, 8.308 ], [ -12.442, 8.308 ], [ -12.444, 8.307 ], [ -12.447, 8.306 ], [ -12.449, 8.305 ], [ -12.449, 8.305 ], [ -12.449, 8.304 ], [ -12.453, 8.302 ], [ -12.457, 8.299 ], [ -12.46, 8.295 ], [ -12.464, 8.292 ], [ -12.468, 8.292 ], [ -12.469, 8.292 ], [ -12.471, 8.293 ], [ -12.474, 8.294 ], [ -12.475, 8.294 ], [ -12.477, 8.294 ], [ -12.481, 8.294 ], [ -12.485, 8.292 ], [ -12.491, 8.289 ], [ -12.494, 8.288 ], [ -12.498, 8.288 ], [ -12.504, 8.288 ], [ -12.509, 8.288 ], [ -12.516, 8.287 ], [ -12.52, 8.288 ], [ -12.525, 8.288 ], [ -12.528, 8.288 ], [ -12.532, 8.289 ], [ -12.533, 8.289 ], [ -12.537, 8.29 ], [ -12.541, 8.291 ], [ -12.543, 8.293 ], [ -12.546, 8.294 ], [ -12.548, 8.295 ], [ -12.551, 8.297 ], [ -12.554, 8.299 ], [ -12.555, 8.299 ], [ -12.556, 8.299 ], [ -12.56, 8.301 ], [ -12.564, 8.302 ], [ -12.567, 8.303 ], [ -12.569, 8.305 ], [ -12.571, 8.305 ], [ -12.575, 8.306 ], [ -12.577, 8.305 ], [ -12.583, 8.307 ], [ -12.586, 8.308 ], [ -12.588, 8.309 ], [ -12.592, 8.31 ], [ -12.593, 8.313 ], [ -12.594, 8.314 ], [ -12.595, 8.317 ], [ -12.598, 8.321 ], [ -12.598, 8.323 ], [ -12.598, 8.327 ], [ -12.599, 8.328 ], [ -12.599, 8.33 ], [ -12.602, 8.333 ], [ -12.604, 8.336 ], [ -12.604, 8.341 ], [ -12.605, 8.341 ], [ -12.606, 8.341 ], [ -12.609, 8.341 ], [ -12.614, 8.342 ], [ -12.617, 8.345 ], [ -12.618, 8.347 ], [ -12.619, 8.349 ], [ -12.62, 8.35 ], [ -12.623, 8.352 ], [ -12.623, 8.352 ], [ -12.627, 8.353 ], [ -12.632, 8.355 ], [ -12.635, 8.354 ], [ -12.638, 8.352 ], [ -12.641, 8.354 ], [ -12.642, 8.354 ], [ -12.645, 8.354 ], [ -12.647, 8.357 ], [ -12.647, 8.358 ], [ -12.648, 8.36 ], [ -12.647, 8.368 ], [ -12.645, 8.368 ], [ -12.641, 8.37 ], [ -12.64, 8.371 ], [ -12.639, 8.371 ], [ -12.637, 8.371 ], [ -12.635, 8.372 ], [ -12.634, 8.373 ], [ -12.633, 8.375 ], [ -12.633, 8.379 ], [ -12.632, 8.383 ], [ -12.633, 8.388 ], [ -12.633, 8.393 ], [ -12.632, 8.396 ], [ -12.631, 8.399 ], [ -12.631, 8.403 ], [ -12.63, 8.408 ], [ -12.628, 8.411 ], [ -12.627, 8.413 ], [ -12.626, 8.414 ], [ -12.625, 8.417 ], [ -12.625, 8.417 ], [ -12.622, 8.42 ], [ -12.619, 8.424 ], [ -12.618, 8.427 ], [ -12.617, 8.43 ], [ -12.617, 8.434 ], [ -12.617, 8.437 ], [ -12.616, 8.439 ], [ -12.616, 8.442 ], [ -12.616, 8.443 ], [ -12.615, 8.445 ], [ -12.614, 8.449 ], [ -12.612, 8.453 ], [ -12.612, 8.458 ], [ -12.612, 8.462 ], [ -12.612, 8.463 ], [ -12.611, 8.468 ], [ -12.611, 8.47 ], [ -12.611, 8.47 ], [ -12.611, 8.472 ], [ -12.609, 8.475 ], [ -12.608, 8.478 ], [ -12.607, 8.485 ], [ -12.605, 8.489 ], [ -12.604, 8.492 ], [ -12.601, 8.497 ], [ -12.598, 8.493 ], [ -12.595, 8.491 ], [ -12.593, 8.49 ], [ -12.593, 8.489 ], [ -12.591, 8.488 ], [ -12.589, 8.489 ], [ -12.586, 8.486 ], [ -12.584, 8.484 ], [ -12.582, 8.482 ], [ -12.581, 8.478 ], [ -12.581, 8.475 ], [ -12.58, 8.472 ], [ -12.58, 8.469 ], [ -12.58, 8.468 ], [ -12.579, 8.467 ], [ -12.577, 8.466 ], [ -12.576, 8.465 ], [ -12.57, 8.464 ], [ -12.57, 8.461 ], [ -12.569, 8.459 ], [ -12.568, 8.457 ], [ -12.566, 8.453 ], [ -12.566, 8.449 ], [ -12.565, 8.445 ], [ -12.563, 8.444 ], [ -12.562, 8.444 ], [ -12.562, 8.443 ], [ -12.561, 8.441 ], [ -12.56, 8.44 ], [ -12.558, 8.44 ], [ -12.555, 8.44 ], [ -12.553, 8.438 ], [ -12.551, 8.436 ], [ -12.551, 8.436 ], [ -12.549, 8.434 ], [ -12.546, 8.433 ], [ -12.546, 8.432 ], [ -12.544, 8.434 ], [ -12.542, 8.434 ], [ -12.539, 8.439 ], [ -12.538, 8.442 ], [ -12.536, 8.445 ], [ -12.535, 8.448 ], [ -12.535, 8.45 ], [ -12.535, 8.453 ], [ -12.532, 8.454 ], [ -12.529, 8.454 ], [ -12.523, 8.455 ], [ -12.522, 8.455 ], [ -12.522, 8.456 ], [ -12.516, 8.456 ], [ -12.512, 8.457 ], [ -12.51, 8.458 ], [ -12.507, 8.459 ], [ -12.506, 8.459 ], [ -12.503, 8.461 ], [ -12.5, 8.461 ], [ -12.497, 8.463 ], [ -12.492, 8.466 ], [ -12.487, 8.468 ], [ -12.485, 8.469 ], [ -12.484, 8.47 ], [ -12.481, 8.472 ], [ -12.477, 8.473 ], [ -12.474, 8.475 ], [ -12.465, 8.479 ], [ -12.464, 8.48 ], [ -12.462, 8.48 ], [ -12.458, 8.482 ], [ -12.454, 8.484 ], [ -12.451, 8.485 ], [ -12.449, 8.487 ], [ -12.448, 8.488 ], [ -12.447, 8.489 ], [ -12.446, 8.49 ], [ -12.442, 8.49 ], [ -12.437, 8.49 ], [ -12.436, 8.49 ], [ -12.432, 8.49 ], [ -12.424, 8.49 ], [ -12.42, 8.49 ], [ -12.42, 8.49 ], [ -12.418, 8.49 ], [ -12.415, 8.49 ], [ -12.412, 8.491 ], [ -12.411, 8.491 ], [ -12.41, 8.492 ], [ -12.408, 8.493 ], [ -12.401, 8.495 ], [ -12.397, 8.496 ], [ -12.395, 8.496 ], [ -12.394, 8.497 ], [ -12.393, 8.497 ], [ -12.389, 8.499 ], [ -12.384, 8.501 ], [ -12.381, 8.503 ], [ -12.377, 8.504 ], [ -12.374, 8.506 ], [ -12.371, 8.509 ], [ -12.37, 8.51 ], [ -12.368, 8.512 ], [ -12.365, 8.516 ], [ -12.364, 8.516 ], [ -12.363, 8.517 ], [ -12.359, 8.521 ], [ -12.356, 8.524 ], [ -12.351, 8.528 ], [ -12.351, 8.528 ], [ -12.348, 8.531 ], [ -12.348, 8.531 ], [ -12.344, 8.535 ], [ -12.341, 8.538 ], [ -12.338, 8.54 ], [ -12.336, 8.543 ], [ -12.335, 8.543 ], [ -12.334, 8.544 ], [ -12.333, 8.544 ], [ -12.33, 8.544 ], [ -12.328, 8.544 ], [ -12.327, 8.543 ], [ -12.325, 8.541 ], [ -12.323, 8.541 ], [ -12.322, 8.544 ], [ -12.32, 8.546 ], [ -12.32, 8.547 ], [ -12.317, 8.548 ], [ -12.314, 8.55 ], [ -12.312, 8.552 ], [ -12.31, 8.553 ], [ -12.307, 8.554 ], [ -12.305, 8.556 ], [ -12.302, 8.556 ], [ -12.3, 8.557 ], [ -12.297, 8.561 ], [ -12.296, 8.565 ], [ -12.296, 8.568 ], [ -12.294, 8.569 ], [ -12.295, 8.571 ], [ -12.292, 8.571 ], [ -12.291, 8.573 ], [ -12.29, 8.574 ], [ -12.29, 8.574 ], [ -12.29, 8.575 ], [ -12.291, 8.576 ], [ -12.294, 8.578 ], [ -12.295, 8.58 ], [ -12.298, 8.583 ], [ -12.3, 8.586 ], [ -12.3, 8.586 ], [ -12.301, 8.588 ], [ -12.305, 8.59 ], [ -12.306, 8.59 ], [ -12.308, 8.591 ], [ -12.31, 8.593 ], [ -12.313, 8.595 ], [ -12.315, 8.596 ], [ -12.318, 8.596 ], [ -12.318, 8.597 ], [ -12.319, 8.598 ], [ -12.321, 8.6 ], [ -12.323, 8.604 ], [ -12.325, 8.606 ], [ -12.326, 8.609 ], [ -12.326, 8.61 ], [ -12.327, 8.614 ], [ -12.327, 8.616 ], [ -12.328, 8.619 ], [ -12.328, 8.623 ], [ -12.327, 8.626 ], [ -12.327, 8.629 ], [ -12.327, 8.631 ], [ -12.328, 8.633 ], [ -12.33, 8.633 ], [ -12.333, 8.633 ], [ -12.337, 8.633 ], [ -12.337, 8.632 ], [ -12.339, 8.632 ], [ -12.342, 8.631 ], [ -12.344, 8.63 ], [ -12.345, 8.63 ], [ -12.347, 8.63 ], [ -12.349, 8.631 ], [ -12.352, 8.633 ], [ -12.354, 8.635 ], [ -12.357, 8.637 ], [ -12.358, 8.638 ], [ -12.36, 8.638 ], [ -12.362, 8.639 ], [ -12.365, 8.639 ], [ -12.367, 8.64 ], [ -12.368, 8.64 ], [ -12.371, 8.64 ], [ -12.373, 8.641 ], [ -12.374, 8.641 ], [ -12.375, 8.641 ], [ -12.377, 8.642 ], [ -12.378, 8.643 ], [ -12.38, 8.645 ], [ -12.384, 8.646 ], [ -12.387, 8.646 ], [ -12.39, 8.647 ], [ -12.393, 8.65 ], [ -12.394, 8.652 ], [ -12.395, 8.652 ], [ -12.396, 8.655 ], [ -12.397, 8.658 ], [ -12.398, 8.661 ], [ -12.401, 8.668 ], [ -12.396, 8.669 ], [ -12.392, 8.669 ], [ -12.39, 8.668 ], [ -12.39, 8.668 ], [ -12.39, 8.668 ], [ -12.388, 8.67 ], [ -12.388, 8.674 ], [ -12.39, 8.677 ], [ -12.391, 8.68 ], [ -12.389, 8.684 ], [ -12.388, 8.684 ], [ -12.385, 8.688 ], [ -12.384, 8.693 ], [ -12.384, 8.697 ], [ -12.385, 8.701 ], [ -12.382, 8.704 ], [ -12.378, 8.707 ], [ -12.378, 8.707 ], [ -12.377, 8.706 ], [ -12.377, 8.701 ], [ -12.375, 8.698 ], [ -12.372, 8.696 ], [ -12.367, 8.693 ], [ -12.366, 8.693 ], [ -12.366, 8.693 ], [ -12.365, 8.693 ], [ -12.364, 8.693 ], [ -12.36, 8.694 ], [ -12.356, 8.696 ], [ -12.355, 8.696 ], [ -12.353, 8.696 ], [ -12.352, 8.697 ], [ -12.35, 8.698 ], [ -12.345, 8.702 ], [ -12.343, 8.703 ], [ -12.339, 8.706 ], [ -12.337, 8.708 ], [ -12.334, 8.71 ], [ -12.334, 8.71 ], [ -12.334, 8.713 ], [ -12.334, 8.715 ], [ -12.335, 8.717 ], [ -12.334, 8.719 ], [ -12.332, 8.719 ], [ -12.33, 8.716 ], [ -12.328, 8.713 ], [ -12.326, 8.711 ], [ -12.326, 8.711 ], [ -12.325, 8.71 ], [ -12.323, 8.708 ], [ -12.321, 8.707 ], [ -12.319, 8.707 ], [ -12.317, 8.709 ], [ -12.315, 8.712 ], [ -12.314, 8.716 ], [ -12.315, 8.718 ], [ -12.318, 8.718 ], [ -12.321, 8.72 ], [ -12.323, 8.721 ], [ -12.324, 8.724 ], [ -12.323, 8.727 ], [ -12.321, 8.728 ], [ -12.32, 8.73 ], [ -12.318, 8.731 ], [ -12.315, 8.732 ], [ -12.314, 8.733 ], [ -12.311, 8.738 ], [ -12.31, 8.742 ], [ -12.309, 8.748 ], [ -12.309, 8.751 ], [ -12.308, 8.755 ], [ -12.306, 8.758 ], [ -12.304, 8.761 ], [ -12.301, 8.761 ], [ -12.297, 8.759 ], [ -12.295, 8.756 ], [ -12.294, 8.752 ], [ -12.293, 8.749 ], [ -12.291, 8.747 ], [ -12.287, 8.745 ], [ -12.284, 8.746 ], [ -12.282, 8.749 ], [ -12.278, 8.752 ], [ -12.273, 8.752 ], [ -12.27, 8.751 ], [ -12.268, 8.75 ], [ -12.266, 8.747 ], [ -12.269, 8.744 ], [ -12.272, 8.741 ], [ -12.271, 8.736 ], [ -12.271, 8.736 ], [ -12.271, 8.73 ], [ -12.271, 8.73 ], [ -12.271, 8.726 ], [ -12.272, 8.724 ], [ -12.27, 8.723 ], [ -12.268, 8.726 ], [ -12.265, 8.732 ], [ -12.263, 8.737 ], [ -12.263, 8.74 ], [ -12.262, 8.744 ], [ -12.259, 8.747 ], [ -12.256, 8.744 ], [ -12.253, 8.74 ], [ -12.251, 8.736 ], [ -12.25, 8.732 ], [ -12.249, 8.731 ], [ -12.249, 8.729 ], [ -12.249, 8.727 ], [ -12.249, 8.724 ], [ -12.248, 8.723 ], [ -12.248, 8.721 ], [ -12.247, 8.72 ], [ -12.246, 8.719 ], [ -12.244, 8.718 ], [ -12.242, 8.715 ], [ -12.24, 8.713 ], [ -12.238, 8.711 ], [ -12.238, 8.711 ], [ -12.237, 8.709 ], [ -12.236, 8.708 ], [ -12.236, 8.707 ], [ -12.236, 8.706 ], [ -12.236, 8.705 ], [ -12.236, 8.705 ], [ -12.236, 8.705 ], [ -12.237, 8.704 ], [ -12.237, 8.704 ], [ -12.239, 8.704 ], [ -12.241, 8.704 ], [ -12.242, 8.705 ], [ -12.245, 8.706 ], [ -12.247, 8.707 ], [ -12.249, 8.708 ], [ -12.25, 8.708 ], [ -12.252, 8.708 ], [ -12.253, 8.707 ], [ -12.253, 8.705 ], [ -12.253, 8.705 ], [ -12.253, 8.704 ], [ -12.253, 8.704 ], [ -12.252, 8.703 ], [ -12.25, 8.703 ], [ -12.247, 8.703 ], [ -12.246, 8.703 ], [ -12.244, 8.702 ], [ -12.243, 8.701 ], [ -12.243, 8.7 ], [ -12.243, 8.698 ], [ -12.244, 8.697 ], [ -12.245, 8.696 ], [ -12.246, 8.695 ], [ -12.247, 8.694 ], [ -12.249, 8.693 ], [ -12.251, 8.692 ], [ -12.252, 8.69 ], [ -12.252, 8.689 ], [ -12.252, 8.688 ], [ -12.251, 8.686 ], [ -12.25, 8.685 ], [ -12.249, 8.683 ], [ -12.249, 8.681 ], [ -12.249, 8.679 ], [ -12.248, 8.678 ], [ -12.249, 8.676 ], [ -12.25, 8.675 ], [ -12.253, 8.675 ], [ -12.254, 8.675 ], [ -12.256, 8.675 ], [ -12.257, 8.674 ], [ -12.258, 8.674 ], [ -12.259, 8.673 ], [ -12.26, 8.669 ], [ -12.26, 8.667 ], [ -12.26, 8.665 ], [ -12.261, 8.664 ], [ -12.261, 8.662 ], [ -12.26, 8.658 ], [ -12.26, 8.657 ], [ -12.261, 8.655 ], [ -12.261, 8.654 ], [ -12.261, 8.654 ], [ -12.261, 8.653 ], [ -12.261, 8.652 ], [ -12.258, 8.651 ], [ -12.255, 8.65 ], [ -12.254, 8.649 ], [ -12.251, 8.648 ], [ -12.249, 8.646 ], [ -12.249, 8.646 ], [ -12.249, 8.646 ], [ -12.246, 8.645 ], [ -12.243, 8.645 ], [ -12.244, 8.643 ], [ -12.244, 8.641 ], [ -12.244, 8.64 ], [ -12.243, 8.639 ], [ -12.242, 8.639 ], [ -12.24, 8.638 ], [ -12.239, 8.637 ], [ -12.239, 8.637 ], [ -12.238, 8.636 ], [ -12.238, 8.634 ], [ -12.238, 8.633 ], [ -12.238, 8.633 ], [ -12.237, 8.632 ], [ -12.237, 8.632 ], [ -12.236, 8.63 ], [ -12.235, 8.629 ], [ -12.234, 8.628 ], [ -12.233, 8.626 ], [ -12.232, 8.625 ], [ -12.232, 8.623 ], [ -12.232, 8.622 ], [ -12.233, 8.621 ], [ -12.234, 8.62 ], [ -12.236, 8.618 ], [ -12.237, 8.618 ], [ -12.238, 8.618 ], [ -12.239, 8.616 ], [ -12.241, 8.614 ], [ -12.243, 8.612 ], [ -12.243, 8.61 ], [ -12.243, 8.608 ], [ -12.241, 8.605 ], [ -12.241, 8.603 ], [ -12.239, 8.602 ], [ -12.238, 8.601 ], [ -12.236, 8.601 ], [ -12.233, 8.601 ], [ -12.232, 8.602 ], [ -12.229, 8.602 ], [ -12.226, 8.602 ], [ -12.224, 8.602 ], [ -12.222, 8.602 ], [ -12.221, 8.603 ], [ -12.219, 8.603 ], [ -12.216, 8.603 ], [ -12.213, 8.603 ], [ -12.21, 8.603 ], [ -12.207, 8.604 ], [ -12.206, 8.604 ], [ -12.204, 8.605 ], [ -12.202, 8.606 ], [ -12.201, 8.607 ], [ -12.2, 8.606 ], [ -12.2, 8.605 ], [ -12.199, 8.602 ], [ -12.199, 8.599 ], [ -12.198, 8.597 ], [ -12.198, 8.596 ], [ -12.197, 8.595 ], [ -12.195, 8.595 ], [ -12.194, 8.596 ], [ -12.193, 8.597 ], [ -12.191, 8.598 ], [ -12.191, 8.599 ], [ -12.19, 8.602 ], [ -12.19, 8.605 ], [ -12.189, 8.608 ], [ -12.187, 8.609 ], [ -12.185, 8.61 ], [ -12.184, 8.611 ], [ -12.183, 8.613 ], [ -12.182, 8.613 ], [ -12.181, 8.615 ], [ -12.181, 8.616 ], [ -12.183, 8.617 ], [ -12.185, 8.618 ], [ -12.186, 8.621 ], [ -12.185, 8.622 ], [ -12.185, 8.623 ], [ -12.183, 8.623 ], [ -12.181, 8.621 ], [ -12.179, 8.619 ], [ -12.177, 8.617 ], [ -12.174, 8.617 ], [ -12.172, 8.619 ], [ -12.172, 8.619 ], [ -12.17, 8.622 ], [ -12.169, 8.624 ], [ -12.168, 8.626 ], [ -12.167, 8.627 ], [ -12.167, 8.63 ], [ -12.166, 8.632 ], [ -12.166, 8.633 ], [ -12.164, 8.634 ], [ -12.162, 8.635 ], [ -12.161, 8.635 ], [ -12.16, 8.635 ], [ -12.156, 8.637 ], [ -12.152, 8.637 ], [ -12.149, 8.639 ], [ -12.149, 8.639 ], [ -12.144, 8.639 ], [ -12.139, 8.64 ], [ -12.136, 8.641 ], [ -12.133, 8.641 ], [ -12.132, 8.641 ], [ -12.128, 8.642 ], [ -12.125, 8.644 ], [ -12.125, 8.648 ], [ -12.124, 8.649 ], [ -12.124, 8.649 ], [ -12.124, 8.65 ], [ -12.124, 8.652 ], [ -12.123, 8.655 ], [ -12.123, 8.657 ], [ -12.122, 8.659 ], [ -12.12, 8.66 ], [ -12.119, 8.661 ], [ -12.118, 8.662 ], [ -12.117, 8.662 ], [ -12.117, 8.663 ], [ -12.116, 8.663 ], [ -12.115, 8.664 ], [ -12.111, 8.663 ], [ -12.108, 8.664 ], [ -12.107, 8.666 ], [ -12.106, 8.668 ], [ -12.103, 8.674 ], [ -12.098, 8.675 ], [ -12.094, 8.675 ], [ -12.091, 8.678 ], [ -12.088, 8.679 ], [ -12.087, 8.68 ], [ -12.081, 8.683 ], [ -12.077, 8.682 ], [ -12.075, 8.681 ], [ -12.073, 8.681 ], [ -12.072, 8.683 ], [ -12.072, 8.684 ], [ -12.074, 8.687 ], [ -12.076, 8.693 ], [ -12.075, 8.699 ], [ -12.073, 8.704 ], [ -12.067, 8.705 ], [ -12.063, 8.705 ], [ -12.06, 8.703 ], [ -12.062, 8.699 ], [ -12.063, 8.695 ], [ -12.062, 8.689 ], [ -12.06, 8.686 ], [ -12.06, 8.686 ], [ -12.058, 8.686 ], [ -12.056, 8.689 ], [ -12.053, 8.692 ], [ -12.049, 8.692 ], [ -12.044, 8.692 ], [ -12.04, 8.69 ], [ -12.04, 8.688 ], [ -12.04, 8.684 ], [ -12.041, 8.681 ], [ -12.039, 8.68 ], [ -12.038, 8.679 ], [ -12.037, 8.679 ], [ -12.036, 8.68 ], [ -12.034, 8.68 ], [ -12.032, 8.682 ], [ -12.03, 8.686 ], [ -12.028, 8.689 ], [ -12.025, 8.688 ], [ -12.025, 8.686 ], [ -12.025, 8.683 ], [ -12.023, 8.683 ], [ -12.022, 8.684 ], [ -12.019, 8.683 ], [ -12.015, 8.68 ], [ -12.011, 8.68 ], [ -12.008, 8.68 ], [ -12.007, 8.681 ], [ -12.005, 8.681 ], [ -12.003, 8.684 ], [ -12.002, 8.686 ], [ -12.001, 8.688 ], [ -12.0, 8.69 ], [ -12.0, 8.693 ], [ -12.0, 8.698 ], [ -11.997, 8.703 ], [ -11.996, 8.706 ], [ -11.99, 8.709 ], [ -11.989, 8.709 ], [ -11.989, 8.709 ], [ -11.985, 8.711 ], [ -11.981, 8.713 ], [ -11.975, 8.716 ], [ -11.972, 8.718 ], [ -11.971, 8.719 ], [ -11.971, 8.719 ], [ -11.967, 8.721 ], [ -11.965, 8.722 ], [ -11.964, 8.722 ], [ -11.963, 8.723 ], [ -11.961, 8.724 ], [ -11.957, 8.726 ], [ -11.956, 8.726 ], [ -11.956, 8.726 ], [ -11.955, 8.726 ], [ -11.955, 8.726 ], [ -11.955, 8.727 ], [ -11.954, 8.727 ], [ -11.953, 8.727 ], [ -11.951, 8.729 ], [ -11.951, 8.729 ], [ -11.95, 8.729 ], [ -11.949, 8.73 ], [ -11.948, 8.731 ], [ -11.948, 8.731 ], [ -11.948, 8.731 ], [ -11.947, 8.732 ], [ -11.947, 8.732 ], [ -11.947, 8.732 ], [ -11.947, 8.732 ], [ -11.946, 8.734 ], [ -11.941, 8.737 ], [ -11.936, 8.739 ], [ -11.935, 8.739 ], [ -11.932, 8.742 ], [ -11.927, 8.744 ], [ -11.922, 8.748 ], [ -11.918, 8.75 ], [ -11.916, 8.748 ], [ -11.914, 8.748 ], [ -11.913, 8.748 ], [ -11.913, 8.749 ], [ -11.911, 8.75 ], [ -11.91, 8.754 ], [ -11.91, 8.754 ], [ -11.908, 8.755 ], [ -11.905, 8.752 ], [ -11.903, 8.753 ], [ -11.9, 8.757 ], [ -11.898, 8.761 ], [ -11.896, 8.764 ], [ -11.892, 8.765 ], [ -11.892, 8.765 ], [ -11.89, 8.766 ], [ -11.889, 8.768 ], [ -11.888, 8.77 ], [ -11.886, 8.775 ], [ -11.889, 8.779 ], [ -11.888, 8.781 ], [ -11.886, 8.781 ], [ -11.883, 8.779 ], [ -11.881, 8.782 ], [ -11.881, 8.783 ], [ -11.88, 8.785 ], [ -11.879, 8.788 ], [ -11.881, 8.793 ], [ -11.885, 8.797 ], [ -11.884, 8.801 ], [ -11.882, 8.805 ], [ -11.884, 8.81 ], [ -11.885, 8.816 ], [ -11.885, 8.818 ], [ -11.886, 8.821 ], [ -11.886, 8.827 ], [ -11.883, 8.833 ], [ -11.884, 8.837 ], [ -11.884, 8.839 ], [ -11.884, 8.842 ], [ -11.882, 8.846 ], [ -11.882, 8.851 ], [ -11.881, 8.856 ], [ -11.885, 8.86 ], [ -11.882, 8.862 ], [ -11.879, 8.865 ], [ -11.875, 8.868 ], [ -11.871, 8.874 ], [ -11.871, 8.878 ], [ -11.867, 8.879 ], [ -11.867, 8.883 ], [ -11.868, 8.888 ], [ -11.869, 8.892 ], [ -11.868, 8.897 ], [ -11.87, 8.9 ], [ -11.873, 8.905 ], [ -11.873, 8.909 ], [ -11.873, 8.914 ], [ -11.873, 8.919 ], [ -11.873, 8.926 ], [ -11.872, 8.931 ], [ -11.871, 8.937 ], [ -11.871, 8.941 ], [ -11.87, 8.945 ], [ -11.875, 8.947 ], [ -11.873, 8.949 ], [ -11.872, 8.952 ], [ -11.871, 8.953 ], [ -11.873, 8.954 ], [ -11.874, 8.955 ], [ -11.879, 8.956 ], [ -11.88, 8.958 ], [ -11.88, 8.962 ], [ -11.882, 8.965 ], [ -11.885, 8.966 ], [ -11.887, 8.972 ], [ -11.883, 8.974 ], [ -11.879, 8.974 ], [ -11.871, 8.973 ], [ -11.868, 8.976 ], [ -11.867, 8.978 ], [ -11.865, 8.983 ], [ -11.871, 8.988 ], [ -11.868, 8.992 ], [ -11.866, 8.993 ], [ -11.864, 8.994 ], [ -11.863, 8.995 ], [ -11.86, 8.997 ], [ -11.854, 9.0 ], [ -11.851, 9.001 ], [ -11.849, 9.001 ], [ -11.845, 9.0 ], [ -11.841, 8.997 ], [ -11.838, 8.999 ], [ -11.835, 9.002 ], [ -11.832, 9.005 ], [ -11.832, 9.005 ], [ -11.829, 9.011 ], [ -11.833, 9.018 ], [ -11.832, 9.021 ], [ -11.83, 9.022 ], [ -11.827, 9.021 ], [ -11.825, 9.021 ], [ -11.823, 9.018 ], [ -11.822, 9.017 ], [ -11.82, 9.02 ], [ -11.822, 9.024 ], [ -11.824, 9.027 ], [ -11.822, 9.029 ], [ -11.819, 9.026 ], [ -11.817, 9.022 ], [ -11.815, 9.018 ], [ -11.813, 9.016 ], [ -11.811, 9.015 ], [ -11.806, 9.013 ], [ -11.8, 9.013 ], [ -11.799, 9.014 ], [ -11.798, 9.015 ], [ -11.798, 9.016 ], [ -11.798, 9.02 ], [ -11.795, 9.021 ], [ -11.792, 9.022 ], [ -11.789, 9.022 ], [ -11.789, 9.022 ], [ -11.789, 9.022 ], [ -11.788, 9.024 ], [ -11.787, 9.027 ], [ -11.785, 9.031 ], [ -11.784, 9.031 ], [ -11.784, 9.031 ], [ -11.78, 9.032 ], [ -11.78, 9.035 ], [ -11.779, 9.04 ], [ -11.774, 9.043 ], [ -11.769, 9.041 ], [ -11.769, 9.042 ], [ -11.768, 9.043 ], [ -11.767, 9.044 ], [ -11.768, 9.047 ], [ -11.768, 9.051 ], [ -11.768, 9.055 ], [ -11.762, 9.056 ], [ -11.764, 9.06 ], [ -11.764, 9.061 ], [ -11.765, 9.062 ], [ -11.773, 9.065 ], [ -11.781, 9.069 ], [ -11.786, 9.073 ], [ -11.792, 9.073 ], [ -11.794, 9.073 ], [ -11.798, 9.074 ], [ -11.805, 9.078 ], [ -11.813, 9.083 ], [ -11.817, 9.091 ], [ -11.816, 9.1 ], [ -11.82, 9.106 ], [ -11.821, 9.106 ], [ -11.827, 9.106 ], [ -11.83, 9.107 ], [ -11.834, 9.108 ], [ -11.839, 9.115 ], [ -11.842, 9.121 ], [ -11.841, 9.127 ], [ -11.841, 9.131 ], [ -11.839, 9.138 ], [ -11.838, 9.141 ], [ -11.838, 9.148 ], [ -11.834, 9.157 ], [ -11.825, 9.162 ], [ -11.819, 9.169 ], [ -11.818, 9.17 ], [ -11.818, 9.171 ], [ -11.822, 9.186 ], [ -11.817, 9.193 ], [ -11.813, 9.2 ], [ -11.806, 9.202 ], [ -11.802, 9.205 ], [ -11.799, 9.207 ], [ -11.797, 9.21 ], [ -11.797, 9.213 ], [ -11.796, 9.216 ], [ -11.796, 9.224 ], [ -11.796, 9.229 ], [ -11.796, 9.231 ], [ -11.797, 9.231 ], [ -11.797, 9.233 ], [ -11.796, 9.244 ], [ -11.793, 9.244 ], [ -11.787, 9.245 ], [ -11.782, 9.246 ], [ -11.778, 9.244 ], [ -11.773, 9.245 ], [ -11.771, 9.245 ], [ -11.764, 9.244 ], [ -11.759, 9.245 ], [ -11.759, 9.245 ], [ -11.751, 9.245 ], [ -11.749, 9.251 ], [ -11.748, 9.255 ], [ -11.748, 9.256 ], [ -11.746, 9.262 ], [ -11.743, 9.268 ], [ -11.738, 9.273 ], [ -11.732, 9.279 ], [ -11.725, 9.286 ], [ -11.724, 9.287 ], [ -11.718, 9.291 ], [ -11.715, 9.286 ], [ -11.713, 9.283 ], [ -11.713, 9.276 ], [ -11.713, 9.268 ], [ -11.713, 9.256 ], [ -11.712, 9.248 ], [ -11.711, 9.246 ], [ -11.711, 9.241 ], [ -11.711, 9.24 ], [ -11.709, 9.23 ], [ -11.709, 9.225 ], [ -11.709, 9.221 ], [ -11.709, 9.219 ], [ -11.71, 9.212 ], [ -11.71, 9.206 ], [ -11.708, 9.202 ], [ -11.71, 9.199 ], [ -11.71, 9.199 ], [ -11.71, 9.196 ], [ -11.708, 9.195 ], [ -11.706, 9.194 ], [ -11.706, 9.193 ], [ -11.708, 9.19 ], [ -11.708, 9.187 ], [ -11.707, 9.185 ], [ -11.708, 9.18 ], [ -11.708, 9.175 ], [ -11.708, 9.172 ], [ -11.709, 9.168 ], [ -11.709, 9.167 ], [ -11.708, 9.165 ], [ -11.709, 9.161 ], [ -11.708, 9.156 ], [ -11.71, 9.151 ], [ -11.708, 9.148 ], [ -11.71, 9.144 ], [ -11.711, 9.14 ], [ -11.711, 9.139 ], [ -11.714, 9.134 ], [ -11.713, 9.129 ], [ -11.714, 9.121 ], [ -11.717, 9.114 ], [ -11.717, 9.113 ], [ -11.711, 9.111 ], [ -11.705, 9.109 ], [ -11.699, 9.107 ], [ -11.688, 9.105 ], [ -11.684, 9.102 ], [ -11.683, 9.101 ], [ -11.675, 9.098 ], [ -11.669, 9.094 ], [ -11.66, 9.086 ], [ -11.657, 9.083 ], [ -11.653, 9.079 ], [ -11.649, 9.072 ], [ -11.647, 9.067 ], [ -11.647, 9.06 ], [ -11.646, 9.054 ], [ -11.645, 9.055 ], [ -11.642, 9.059 ], [ -11.64, 9.064 ], [ -11.635, 9.068 ], [ -11.634, 9.068 ], [ -11.632, 9.07 ], [ -11.629, 9.072 ], [ -11.628, 9.072 ], [ -11.626, 9.075 ], [ -11.624, 9.077 ], [ -11.622, 9.08 ], [ -11.618, 9.083 ], [ -11.613, 9.086 ], [ -11.61, 9.091 ], [ -11.606, 9.094 ], [ -11.604, 9.098 ], [ -11.6, 9.102 ], [ -11.597, 9.105 ], [ -11.593, 9.109 ], [ -11.592, 9.111 ], [ -11.59, 9.113 ], [ -11.589, 9.114 ], [ -11.587, 9.116 ], [ -11.587, 9.116 ], [ -11.582, 9.117 ], [ -11.58, 9.118 ], [ -11.577, 9.12 ], [ -11.579, 9.124 ], [ -11.578, 9.126 ], [ -11.58, 9.13 ], [ -11.577, 9.133 ], [ -11.57, 9.137 ], [ -11.569, 9.14 ], [ -11.568, 9.143 ], [ -11.564, 9.15 ], [ -11.562, 9.152 ], [ -11.56, 9.151 ], [ -11.559, 9.149 ], [ -11.557, 9.148 ], [ -11.555, 9.148 ], [ -11.554, 9.149 ], [ -11.552, 9.149 ], [ -11.55, 9.15 ], [ -11.55, 9.15 ], [ -11.547, 9.151 ], [ -11.545, 9.152 ], [ -11.542, 9.152 ], [ -11.542, 9.155 ], [ -11.54, 9.155 ], [ -11.537, 9.155 ], [ -11.534, 9.158 ], [ -11.531, 9.162 ], [ -11.531, 9.162 ], [ -11.527, 9.164 ], [ -11.526, 9.162 ], [ -11.524, 9.16 ], [ -11.522, 9.162 ], [ -11.52, 9.164 ], [ -11.517, 9.164 ], [ -11.515, 9.165 ], [ -11.513, 9.165 ], [ -11.512, 9.166 ], [ -11.511, 9.166 ], [ -11.511, 9.167 ], [ -11.51, 9.169 ], [ -11.508, 9.171 ], [ -11.505, 9.174 ], [ -11.504, 9.176 ], [ -11.503, 9.179 ], [ -11.5, 9.179 ], [ -11.499, 9.181 ], [ -11.497, 9.183 ], [ -11.495, 9.186 ], [ -11.492, 9.184 ], [ -11.491, 9.185 ], [ -11.49, 9.186 ], [ -11.488, 9.187 ], [ -11.486, 9.186 ], [ -11.486, 9.184 ], [ -11.484, 9.184 ], [ -11.483, 9.185 ], [ -11.482, 9.183 ], [ -11.479, 9.181 ], [ -11.478, 9.181 ], [ -11.475, 9.181 ], [ -11.474, 9.183 ], [ -11.471, 9.185 ], [ -11.47, 9.184 ], [ -11.468, 9.182 ], [ -11.466, 9.183 ], [ -11.464, 9.182 ], [ -11.463, 9.179 ], [ -11.463, 9.179 ], [ -11.463, 9.176 ], [ -11.462, 9.176 ], [ -11.462, 9.175 ], [ -11.461, 9.174 ], [ -11.459, 9.174 ], [ -11.458, 9.176 ], [ -11.456, 9.173 ], [ -11.456, 9.171 ], [ -11.455, 9.169 ], [ -11.455, 9.168 ], [ -11.452, 9.167 ], [ -11.453, 9.165 ], [ -11.451, 9.165 ], [ -11.448, 9.164 ], [ -11.447, 9.16 ], [ -11.447, 9.158 ], [ -11.445, 9.156 ], [ -11.445, 9.153 ], [ -11.444, 9.151 ], [ -11.444, 9.151 ], [ -11.446, 9.149 ], [ -11.445, 9.146 ], [ -11.444, 9.142 ], [ -11.444, 9.139 ], [ -11.444, 9.135 ], [ -11.444, 9.133 ], [ -11.444, 9.13 ], [ -11.444, 9.128 ], [ -11.442, 9.128 ], [ -11.441, 9.125 ], [ -11.443, 9.123 ], [ -11.444, 9.122 ], [ -11.443, 9.118 ], [ -11.444, 9.116 ], [ -11.444, 9.114 ], [ -11.444, 9.112 ], [ -11.444, 9.111 ], [ -11.444, 9.108 ], [ -11.444, 9.107 ], [ -11.444, 9.105 ], [ -11.443, 9.102 ], [ -11.442, 9.099 ], [ -11.444, 9.097 ], [ -11.442, 9.095 ], [ -11.443, 9.091 ], [ -11.444, 9.088 ], [ -11.444, 9.087 ], [ -11.444, 9.086 ], [ -11.442, 9.084 ], [ -11.442, 9.081 ], [ -11.443, 9.081 ], [ -11.443, 9.078 ], [ -11.442, 9.074 ], [ -11.444, 9.071 ], [ -11.446, 9.069 ], [ -11.446, 9.067 ], [ -11.445, 9.066 ], [ -11.444, 9.064 ], [ -11.445, 9.059 ], [ -11.446, 9.052 ], [ -11.445, 9.05 ], [ -11.445, 9.049 ], [ -11.449, 9.045 ], [ -11.448, 9.043 ], [ -11.448, 9.04 ], [ -11.448, 9.04 ], [ -11.45, 9.035 ], [ -11.448, 9.033 ], [ -11.448, 9.032 ], [ -11.446, 9.029 ], [ -11.445, 9.029 ], [ -11.443, 9.028 ], [ -11.441, 9.025 ], [ -11.44, 9.025 ], [ -11.44, 9.021 ], [ -11.441, 9.018 ], [ -11.439, 9.016 ], [ -11.438, 9.015 ], [ -11.436, 9.014 ], [ -11.438, 9.01 ], [ -11.439, 9.008 ], [ -11.441, 9.007 ], [ -11.441, 9.005 ], [ -11.441, 9.001 ], [ -11.441, 8.999 ], [ -11.443, 8.997 ], [ -11.444, 8.996 ], [ -11.443, 8.995 ], [ -11.443, 8.993 ], [ -11.443, 8.99 ], [ -11.444, 8.986 ], [ -11.448, 8.986 ], [ -11.451, 8.987 ], [ -11.453, 8.99 ], [ -11.455, 8.987 ], [ -11.458, 8.985 ], [ -11.455, 8.984 ], [ -11.456, 8.982 ], [ -11.456, 8.978 ], [ -11.458, 8.973 ], [ -11.457, 8.972 ], [ -11.458, 8.969 ], [ -11.457, 8.966 ], [ -11.46, 8.962 ], [ -11.46, 8.959 ], [ -11.463, 8.959 ], [ -11.464, 8.958 ], [ -11.466, 8.958 ], [ -11.467, 8.954 ], [ -11.468, 8.95 ], [ -11.467, 8.947 ], [ -11.468, 8.945 ], [ -11.468, 8.943 ], [ -11.47, 8.939 ], [ -11.47, 8.937 ], [ -11.472, 8.935 ], [ -11.475, 8.931 ], [ -11.473, 8.931 ], [ -11.472, 8.928 ], [ -11.474, 8.925 ], [ -11.476, 8.922 ], [ -11.479, 8.925 ], [ -11.481, 8.926 ], [ -11.482, 8.93 ], [ -11.484, 8.932 ], [ -11.486, 8.929 ], [ -11.487, 8.924 ], [ -11.491, 8.917 ], [ -11.489, 8.914 ], [ -11.491, 8.91 ], [ -11.492, 8.905 ], [ -11.494, 8.904 ], [ -11.495, 8.907 ], [ -11.498, 8.907 ], [ -11.5, 8.909 ], [ -11.5, 8.912 ], [ -11.504, 8.911 ], [ -11.508, 8.909 ], [ -11.51, 8.911 ], [ -11.511, 8.915 ], [ -11.508, 8.918 ], [ -11.509, 8.922 ], [ -11.509, 8.919 ], [ -11.513, 8.916 ], [ -11.514, 8.916 ], [ -11.516, 8.914 ], [ -11.519, 8.913 ], [ -11.52, 8.913 ], [ -11.52, 8.914 ], [ -11.519, 8.918 ], [ -11.521, 8.918 ], [ -11.521, 8.916 ], [ -11.522, 8.914 ], [ -11.524, 8.911 ], [ -11.528, 8.911 ], [ -11.529, 8.91 ], [ -11.529, 8.907 ], [ -11.53, 8.903 ], [ -11.531, 8.902 ], [ -11.533, 8.9 ], [ -11.534, 8.899 ], [ -11.534, 8.897 ], [ -11.536, 8.894 ], [ -11.539, 8.894 ], [ -11.541, 8.894 ], [ -11.539, 8.891 ], [ -11.539, 8.891 ], [ -11.539, 8.89 ], [ -11.542, 8.89 ], [ -11.541, 8.887 ], [ -11.543, 8.886 ], [ -11.544, 8.884 ], [ -11.544, 8.88 ], [ -11.543, 8.878 ], [ -11.544, 8.878 ], [ -11.545, 8.876 ], [ -11.547, 8.875 ], [ -11.549, 8.872 ], [ -11.552, 8.869 ], [ -11.552, 8.866 ], [ -11.55, 8.863 ], [ -11.552, 8.86 ], [ -11.553, 8.861 ], [ -11.555, 8.86 ], [ -11.558, 8.862 ], [ -11.559, 8.86 ], [ -11.558, 8.859 ], [ -11.558, 8.857 ], [ -11.558, 8.856 ], [ -11.557, 8.854 ], [ -11.554, 8.849 ], [ -11.547, 8.849 ], [ -11.542, 8.85 ], [ -11.536, 8.848 ], [ -11.535, 8.848 ], [ -11.53, 8.846 ], [ -11.526, 8.845 ], [ -11.517, 8.844 ], [ -11.511, 8.844 ], [ -11.505, 8.843 ], [ -11.503, 8.843 ], [ -11.495, 8.842 ], [ -11.487, 8.842 ], [ -11.484, 8.843 ], [ -11.484, 8.844 ], [ -11.481, 8.842 ], [ -11.475, 8.84 ], [ -11.468, 8.842 ], [ -11.468, 8.842 ], [ -11.467, 8.842 ], [ -11.466, 8.841 ], [ -11.466, 8.843 ], [ -11.463, 8.847 ], [ -11.461, 8.849 ], [ -11.456, 8.855 ], [ -11.448, 8.863 ], [ -11.446, 8.864 ], [ -11.445, 8.864 ], [ -11.443, 8.863 ], [ -11.442, 8.862 ], [ -11.441, 8.859 ], [ -11.44, 8.856 ], [ -11.438, 8.853 ], [ -11.437, 8.851 ], [ -11.435, 8.848 ], [ -11.433, 8.846 ], [ -11.432, 8.844 ], [ -11.432, 8.841 ], [ -11.432, 8.838 ], [ -11.43, 8.834 ], [ -11.429, 8.83 ], [ -11.426, 8.828 ], [ -11.425, 8.823 ], [ -11.424, 8.82 ], [ -11.422, 8.818 ], [ -11.421, 8.813 ], [ -11.421, 8.813 ], [ -11.419, 8.81 ], [ -11.418, 8.808 ], [ -11.417, 8.808 ], [ -11.415, 8.804 ], [ -11.414, 8.799 ], [ -11.414, 8.796 ], [ -11.411, 8.794 ], [ -11.408, 8.792 ], [ -11.408, 8.79 ], [ -11.408, 8.789 ], [ -11.407, 8.787 ], [ -11.406, 8.785 ], [ -11.406, 8.782 ], [ -11.405, 8.78 ], [ -11.403, 8.776 ], [ -11.401, 8.774 ], [ -11.398, 8.772 ], [ -11.397, 8.767 ], [ -11.395, 8.759 ], [ -11.395, 8.759 ], [ -11.395, 8.756 ], [ -11.395, 8.755 ], [ -11.395, 8.754 ], [ -11.396, 8.752 ], [ -11.393, 8.749 ], [ -11.393, 8.747 ], [ -11.392, 8.745 ], [ -11.392, 8.744 ], [ -11.39, 8.743 ], [ -11.387, 8.742 ], [ -11.388, 8.739 ], [ -11.385, 8.737 ], [ -11.386, 8.734 ], [ -11.384, 8.73 ], [ -11.383, 8.729 ], [ -11.382, 8.727 ], [ -11.383, 8.722 ], [ -11.381, 8.717 ], [ -11.383, 8.712 ], [ -11.381, 8.709 ], [ -11.379, 8.706 ], [ -11.378, 8.704 ], [ -11.378, 8.7 ], [ -11.379, 8.699 ], [ -11.378, 8.7 ], [ -11.377, 8.698 ], [ -11.375, 8.695 ], [ -11.375, 8.694 ], [ -11.376, 8.693 ], [ -11.377, 8.69 ], [ -11.376, 8.689 ], [ -11.374, 8.687 ], [ -11.372, 8.684 ], [ -11.37, 8.681 ], [ -11.369, 8.677 ], [ -11.369, 8.675 ], [ -11.366, 8.67 ], [ -11.366, 8.67 ], [ -11.364, 8.667 ], [ -11.363, 8.666 ], [ -11.361, 8.664 ], [ -11.357, 8.662 ], [ -11.353, 8.661 ], [ -11.351, 8.66 ], [ -11.351, 8.655 ], [ -11.35, 8.652 ], [ -11.349, 8.647 ], [ -11.347, 8.646 ], [ -11.348, 8.642 ], [ -11.351, 8.642 ], [ -11.35, 8.637 ], [ -11.353, 8.632 ], [ -11.352, 8.631 ], [ -11.353, 8.627 ], [ -11.352, 8.624 ], [ -11.351, 8.621 ], [ -11.349, 8.62 ], [ -11.35, 8.614 ], [ -11.346, 8.607 ], [ -11.346, 8.606 ], [ -11.346, 8.604 ], [ -11.346, 8.602 ], [ -11.345, 8.599 ], [ -11.343, 8.599 ], [ -11.342, 8.596 ], [ -11.341, 8.595 ], [ -11.341, 8.591 ], [ -11.342, 8.591 ], [ -11.34, 8.588 ], [ -11.339, 8.585 ], [ -11.338, 8.583 ], [ -11.338, 8.578 ], [ -11.337, 8.575 ], [ -11.339, 8.573 ], [ -11.34, 8.572 ], [ -11.34, 8.57 ], [ -11.339, 8.569 ], [ -11.339, 8.565 ], [ -11.344, 8.56 ], [ -11.345, 8.558 ], [ -11.349, 8.555 ], [ -11.352, 8.553 ], [ -11.355, 8.555 ], [ -11.357, 8.555 ], [ -11.357, 8.554 ], [ -11.358, 8.552 ], [ -11.358, 8.551 ], [ -11.36, 8.548 ], [ -11.362, 8.548 ], [ -11.365, 8.551 ], [ -11.366, 8.55 ], [ -11.366, 8.544 ], [ -11.37, 8.543 ], [ -11.372, 8.542 ], [ -11.373, 8.54 ], [ -11.372, 8.537 ], [ -11.372, 8.537 ], [ -11.373, 8.536 ], [ -11.376, 8.535 ], [ -11.377, 8.533 ], [ -11.38, 8.531 ], [ -11.383, 8.533 ], [ -11.385, 8.535 ], [ -11.388, 8.538 ], [ -11.386, 8.542 ], [ -11.387, 8.545 ], [ -11.388, 8.548 ], [ -11.39, 8.548 ], [ -11.392, 8.549 ], [ -11.396, 8.55 ], [ -11.4, 8.551 ], [ -11.402, 8.549 ], [ -11.408, 8.553 ], [ -11.411, 8.551 ], [ -11.414, 8.553 ], [ -11.42, 8.553 ], [ -11.422, 8.552 ], [ -11.43, 8.55 ], [ -11.435, 8.549 ], [ -11.442, 8.549 ], [ -11.444, 8.549 ], [ -11.451, 8.549 ], [ -11.459, 8.549 ], [ -11.464, 8.547 ], [ -11.465, 8.547 ], [ -11.469, 8.543 ], [ -11.473, 8.543 ], [ -11.475, 8.543 ], [ -11.482, 8.54 ], [ -11.482, 8.54 ], [ -11.489, 8.536 ], [ -11.492, 8.534 ], [ -11.499, 8.536 ], [ -11.506, 8.536 ], [ -11.511, 8.537 ], [ -11.515, 8.537 ], [ -11.517, 8.537 ], [ -11.52, 8.538 ], [ -11.522, 8.538 ], [ -11.527, 8.539 ], [ -11.533, 8.539 ], [ -11.536, 8.535 ], [ -11.537, 8.534 ], [ -11.543, 8.53 ], [ -11.551, 8.526 ], [ -11.552, 8.526 ], [ -11.559, 8.524 ], [ -11.567, 8.523 ], [ -11.571, 8.524 ], [ -11.574, 8.524 ], [ -11.577, 8.524 ], [ -11.58, 8.527 ], [ -11.582, 8.525 ], [ -11.586, 8.523 ], [ -11.589, 8.521 ], [ -11.59, 8.519 ], [ -11.589, 8.515 ], [ -11.588, 8.512 ], [ -11.587, 8.507 ], [ -11.586, 8.504 ], [ -11.587, 8.502 ], [ -11.587, 8.499 ], [ -11.587, 8.498 ], [ -11.588, 8.493 ], [ -11.586, 8.493 ], [ -11.583, 8.492 ], [ -11.583, 8.49 ], [ -11.588, 8.489 ], [ -11.592, 8.489 ], [ -11.593, 8.489 ], [ -11.602, 8.485 ], [ -11.606, 8.483 ], [ -11.611, 8.48 ], [ -11.617, 8.478 ], [ -11.624, 8.475 ], [ -11.63, 8.475 ], [ -11.635, 8.475 ], [ -11.641, 8.474 ], [ -11.645, 8.474 ], [ -11.647, 8.474 ], [ -11.653, 8.473 ], [ -11.657, 8.473 ], [ -11.66, 8.474 ], [ -11.665, 8.474 ], [ -11.667, 8.473 ], [ -11.671, 8.473 ], [ -11.675, 8.472 ], [ -11.682, 8.471 ], [ -11.686, 8.471 ], [ -11.691, 8.472 ], [ -11.695, 8.474 ], [ -11.698, 8.474 ], [ -11.7, 8.475 ], [ -11.702, 8.475 ], [ -11.704, 8.475 ], [ -11.71, 8.476 ], [ -11.713, 8.477 ], [ -11.714, 8.477 ], [ -11.72, 8.479 ], [ -11.726, 8.483 ], [ -11.729, 8.483 ], [ -11.729, 8.483 ], [ -11.731, 8.481 ], [ -11.732, 8.479 ], [ -11.733, 8.476 ], [ -11.733, 8.473 ], [ -11.732, 8.472 ], [ -11.731, 8.471 ], [ -11.73, 8.469 ], [ -11.729, 8.467 ], [ -11.729, 8.467 ], [ -11.73, 8.464 ], [ -11.729, 8.462 ], [ -11.729, 8.461 ], [ -11.727, 8.459 ], [ -11.727, 8.457 ], [ -11.727, 8.452 ], [ -11.728, 8.451 ], [ -11.73, 8.45 ], [ -11.731, 8.449 ], [ -11.732, 8.448 ], [ -11.731, 8.448 ], [ -11.73, 8.447 ], [ -11.731, 8.445 ], [ -11.731, 8.444 ], [ -11.732, 8.442 ], [ -11.733, 8.44 ], [ -11.735, 8.439 ], [ -11.736, 8.44 ], [ -11.738, 8.44 ], [ -11.738, 8.44 ], [ -11.739, 8.439 ], [ -11.739, 8.437 ], [ -11.737, 8.435 ], [ -11.738, 8.433 ], [ -11.739, 8.431 ], [ -11.739, 8.428 ], [ -11.74, 8.426 ], [ -11.741, 8.422 ], [ -11.747, 8.422 ], [ -11.749, 8.42 ], [ -11.75, 8.417 ], [ -11.752, 8.415 ], [ -11.753, 8.414 ], [ -11.754, 8.413 ], [ -11.753, 8.411 ], [ -11.756, 8.406 ], [ -11.757, 8.404 ], [ -11.759, 8.403 ], [ -11.759, 8.406 ], [ -11.762, 8.405 ], [ -11.762, 8.402 ], [ -11.762, 8.401 ], [ -11.761, 8.399 ], [ -11.762, 8.397 ], [ -11.764, 8.397 ], [ -11.764, 8.399 ], [ -11.766, 8.399 ], [ -11.766, 8.398 ], [ -11.766, 8.396 ], [ -11.765, 8.395 ], [ -11.767, 8.393 ], [ -11.77, 8.394 ], [ -11.773, 8.394 ], [ -11.777, 8.392 ], [ -11.78, 8.39 ], [ -11.782, 8.392 ], [ -11.784, 8.389 ], [ -11.787, 8.389 ], [ -11.788, 8.387 ], [ -11.789, 8.383 ], [ -11.791, 8.382 ], [ -11.792, 8.382 ], [ -11.795, 8.384 ], [ -11.796, 8.383 ], [ -11.797, 8.382 ], [ -11.799, 8.382 ], [ -11.803, 8.382 ], [ -11.806, 8.38 ], [ -11.81, 8.377 ], [ -11.813, 8.375 ], [ -11.816, 8.372 ], [ -11.817, 8.368 ], [ -11.818, 8.363 ], [ -11.821, 8.359 ], [ -11.822, 8.358 ], [ -11.823, 8.358 ], [ -11.827, 8.356 ], [ -11.83, 8.356 ], [ -11.832, 8.356 ], [ -11.836, 8.357 ], [ -11.838, 8.359 ], [ -11.842, 8.361 ], [ -11.845, 8.361 ], [ -11.848, 8.361 ], [ -11.852, 8.36 ], [ -11.854, 8.357 ], [ -11.856, 8.355 ], [ -11.858, 8.353 ], [ -11.862, 8.351 ], [ -11.866, 8.35 ], [ -11.869, 8.351 ], [ -11.871, 8.352 ], [ -11.871, 8.352 ], [ -11.873, 8.354 ], [ -11.874, 8.354 ], [ -11.875, 8.354 ], [ -11.878, 8.354 ], [ -11.88, 8.356 ], [ -11.882, 8.355 ], [ -11.886, 8.355 ], [ -11.891, 8.355 ], [ -11.895, 8.358 ], [ -11.896, 8.359 ], [ -11.896, 8.359 ], [ -11.899, 8.36 ], [ -11.9, 8.36 ], [ -11.903, 8.359 ], [ -11.905, 8.359 ], [ -11.905, 8.359 ], [ -11.908, 8.359 ], [ -11.91, 8.359 ], [ -11.911, 8.36 ], [ -11.914, 8.36 ], [ -11.915, 8.361 ], [ -11.916, 8.358 ], [ -11.919, 8.358 ], [ -11.92, 8.357 ], [ -11.92, 8.357 ], [ -11.921, 8.355 ], [ -11.923, 8.356 ], [ -11.924, 8.354 ], [ -11.925, 8.351 ], [ -11.928, 8.35 ], [ -11.93, 8.351 ], [ -11.931, 8.349 ], [ -11.934, 8.35 ], [ -11.935, 8.35 ], [ -11.937, 8.352 ], [ -11.939, 8.351 ], [ -11.939, 8.352 ], [ -11.942, 8.352 ], [ -11.943, 8.353 ], [ -11.943, 8.356 ], [ -11.945, 8.356 ], [ -11.947, 8.355 ], [ -11.948, 8.354 ], [ -11.948, 8.356 ], [ -11.949, 8.358 ], [ -11.951, 8.356 ], [ -11.953, 8.358 ], [ -11.955, 8.358 ], [ -11.957, 8.36 ], [ -11.96, 8.358 ], [ -11.96, 8.358 ], [ -11.962, 8.361 ], [ -11.964, 8.362 ], [ -11.967, 8.361 ], [ -11.968, 8.361 ], [ -11.97, 8.362 ], [ -11.977, 8.364 ], [ -11.979, 8.365 ], [ -11.982, 8.368 ], [ -11.988, 8.37 ], [ -11.991, 8.373 ], [ -11.994, 8.374 ], [ -11.996, 8.376 ], [ -11.996, 8.379 ], [ -11.996, 8.388 ], [ -11.996, 8.391 ], [ -12.0, 8.389 ], [ -12.0, 8.388 ], [ -12.0, 8.388 ], [ -12.0, 8.387 ], [ -12.0, 8.386 ], [ -12.001, 8.386 ], [ -12.001, 8.386 ], [ -12.002, 8.386 ], [ -12.002, 8.386 ], [ -12.002, 8.386 ], [ -12.002, 8.384 ], [ -12.004, 8.382 ], [ -12.007, 8.376 ], [ -12.008, 8.373 ], [ -12.013, 8.372 ], [ -12.017, 8.372 ], [ -12.02, 8.372 ], [ -12.021, 8.372 ], [ -12.022, 8.372 ], [ -12.024, 8.37 ], [ -12.025, 8.367 ], [ -12.026, 8.362 ], [ -12.028, 8.358 ], [ -12.032, 8.358 ], [ -12.034, 8.358 ], [ -12.036, 8.361 ], [ -12.036, 8.363 ], [ -12.035, 8.366 ], [ -12.035, 8.369 ], [ -12.035, 8.369 ], [ -12.036, 8.37 ], [ -12.036, 8.37 ], [ -12.037, 8.369 ], [ -12.039, 8.367 ], [ -12.04, 8.367 ], [ -12.043, 8.364 ], [ -12.043, 8.362 ], [ -12.044, 8.36 ], [ -12.044, 8.359 ], [ -12.044, 8.356 ], [ -12.044, 8.351 ], [ -12.046, 8.348 ], [ -12.049, 8.344 ], [ -12.051, 8.341 ], [ -12.052, 8.338 ], [ -12.054, 8.335 ], [ -12.055, 8.333 ], [ -12.058, 8.33 ], [ -12.062, 8.326 ], [ -12.066, 8.322 ], [ -12.067, 8.32 ], [ -12.067, 8.319 ], [ -12.067, 8.319 ], [ -12.067, 8.317 ], [ -12.067, 8.316 ], [ -12.067, 8.316 ], [ -12.066, 8.313 ], [ -12.062, 8.312 ], [ -12.062, 8.311 ], [ -12.061, 8.309 ], [ -12.059, 8.305 ], [ -12.057, 8.3 ], [ -12.054, 8.294 ], [ -12.05, 8.291 ], [ -12.048, 8.291 ], [ -12.045, 8.292 ], [ -12.042, 8.293 ], [ -12.041, 8.296 ], [ -12.038, 8.297 ], [ -12.035, 8.297 ], [ -12.035, 8.294 ], [ -12.034, 8.289 ], [ -12.04, 8.287 ], [ -12.04, 8.284 ], [ -12.038, 8.28 ], [ -12.038, 8.28 ], [ -12.037, 8.277 ], [ -12.034, 8.272 ], [ -12.033, 8.269 ], [ -12.033, 8.265 ], [ -12.035, 8.259 ], [ -12.036, 8.256 ], [ -12.036, 8.253 ], [ -12.035, 8.251 ], [ -12.033, 8.25 ], [ -12.032, 8.247 ], [ -12.031, 8.244 ], [ -12.029, 8.24 ], [ -12.03, 8.237 ], [ -12.032, 8.237 ], [ -12.034, 8.238 ], [ -12.034, 8.242 ], [ -12.036, 8.244 ], [ -12.037, 8.246 ], [ -12.038, 8.249 ], [ -12.039, 8.25 ], [ -12.04, 8.25 ], [ -12.042, 8.25 ], [ -12.045, 8.251 ], [ -12.047, 8.249 ], [ -12.049, 8.249 ], [ -12.051, 8.248 ], [ -12.056, 8.248 ], [ -12.057, 8.249 ], [ -12.058, 8.25 ], [ -12.057, 8.251 ], [ -12.055, 8.252 ], [ -12.055, 8.254 ], [ -12.058, 8.255 ], [ -12.061, 8.258 ], [ -12.062, 8.259 ], [ -12.063, 8.261 ], [ -12.064, 8.261 ], [ -12.065, 8.261 ], [ -12.067, 8.26 ], [ -12.069, 8.26 ], [ -12.072, 8.261 ], [ -12.075, 8.263 ], [ -12.078, 8.266 ], [ -12.08, 8.269 ], [ -12.079, 8.272 ], [ -12.082, 8.276 ], [ -12.082, 8.277 ], [ -12.085, 8.278 ], [ -12.088, 8.28 ], [ -12.09, 8.28 ], [ -12.091, 8.28 ], [ -12.093, 8.281 ], [ -12.097, 8.282 ], [ -12.099, 8.283 ], [ -12.099, 8.285 ], [ -12.102, 8.287 ], [ -12.102, 8.287 ], [ -12.102, 8.287 ], [ -12.103, 8.287 ], [ -12.105, 8.289 ], [ -12.108, 8.292 ], [ -12.11, 8.294 ], [ -12.113, 8.297 ], [ -12.114, 8.297 ], [ -12.114, 8.297 ], [ -12.114, 8.297 ], [ -12.117, 8.298 ], [ -12.119, 8.299 ], [ -12.122, 8.299 ], [ -12.121, 8.301 ], [ -12.123, 8.301 ], [ -12.124, 8.303 ], [ -12.125, 8.303 ], [ -12.129, 8.304 ], [ -12.132, 8.305 ], [ -12.134, 8.307 ], [ -12.136, 8.312 ], [ -12.134, 8.314 ], [ -12.134, 8.317 ], [ -12.134, 8.32 ], [ -12.137, 8.322 ], [ -12.139, 8.324 ], [ -12.14, 8.324 ], [ -12.141, 8.326 ], [ -12.144, 8.326 ], [ -12.147, 8.327 ], [ -12.15, 8.328 ], [ -12.15, 8.328 ], [ -12.154, 8.329 ], [ -12.158, 8.33 ], [ -12.161, 8.333 ], [ -12.163, 8.336 ], [ -12.166, 8.339 ], [ -12.168, 8.343 ], [ -12.17, 8.349 ], [ -12.169, 8.35 ], [ -12.169, 8.352 ], [ -12.167, 8.357 ], [ -12.166, 8.357 ], [ -12.167, 8.359 ], [ -12.169, 8.361 ], [ -12.172, 8.361 ], [ -12.175, 8.361 ], [ -12.179, 8.361 ], [ -12.183, 8.36 ], [ -12.183, 8.359 ], [ -12.184, 8.359 ], [ -12.186, 8.359 ], [ -12.19, 8.357 ], [ -12.193, 8.356 ], [ -12.197, 8.355 ], [ -12.2, 8.354 ], [ -12.203, 8.351 ], [ -12.206, 8.351 ], [ -12.209, 8.351 ], [ -12.211, 8.351 ], [ -12.214, 8.352 ], [ -12.216, 8.353 ], [ -12.219, 8.351 ], [ -12.219, 8.353 ], [ -12.219, 8.353 ], [ -12.222, 8.351 ], [ -12.224, 8.348 ], [ -12.226, 8.348 ], [ -12.227, 8.345 ], [ -12.229, 8.345 ], [ -12.23, 8.344 ], [ -12.231, 8.345 ], [ -12.234, 8.345 ], [ -12.235, 8.346 ], [ -12.237, 8.347 ], [ -12.24, 8.348 ], [ -12.242, 8.349 ], [ -12.245, 8.35 ], [ -12.247, 8.354 ], [ -12.25, 8.352 ], [ -12.255, 8.352 ], [ -12.255, 8.352 ], [ -12.258, 8.352 ], [ -12.26, 8.351 ], [ -12.262, 8.351 ], [ -12.263, 8.35 ], [ -12.266, 8.35 ], [ -12.267, 8.349 ], [ -12.27, 8.349 ], [ -12.273, 8.347 ], [ -12.276, 8.345 ], [ -12.278, 8.342 ], [ -12.28, 8.34 ], [ -12.281, 8.337 ], [ -12.283, 8.337 ], [ -12.285, 8.334 ], [ -12.286, 8.331 ], [ -12.288, 8.329 ], [ -12.292, 8.327 ], [ -12.291, 8.324 ], [ -12.292, 8.32 ], [ -12.294, 8.319 ], [ -12.295, 8.322 ], [ -12.296, 8.322 ], [ -12.298, 8.322 ], [ -12.3, 8.322 ], [ -12.3, 8.325 ], [ -12.301, 8.328 ], [ -12.302, 8.328 ] ], [ [ -11.994, 8.687 ], [ -11.994, 8.685 ], [ -11.994, 8.687 ], [ -11.992, 8.688 ], [ -11.994, 8.687 ] ], [ [ -11.998, 8.678 ], [ -11.998, 8.678 ], [ -11.998, 8.677 ], [ -11.998, 8.678 ] ], [ [ -12.214, 8.363 ], [ -12.216, 8.36 ], [ -12.216, 8.36 ], [ -12.216, 8.36 ], [ -12.216, 8.36 ], [ -12.214, 8.363 ] ], [ [ -11.654, 9.045 ], [ -11.655, 9.046 ], [ -11.655, 9.047 ], [ -11.655, 9.046 ], [ -11.654, 9.045 ] ] ] ] } },
{ "type": "Feature", "properties": { "NEW_DIST": "Western Area Rur", "NEW_PROV": "Western", "CS_Pro_Num": 4, "CS_Pro_Nam": "Western", "CS_Dis_Num": 41, "CS_Dis_Nam": "Western Area Rural", "layer": "Western Area Rural District" }, "geometry": { "type": "MultiPolygon", "coordinates": [ [ [ [ -13.244, 8.095 ], [ -13.246, 8.094 ], [ -13.247, 8.095 ], [ -13.249, 8.094 ], [ -13.251, 8.095 ], [ -13.251, 8.096 ], [ -13.25, 8.097 ], [ -13.248, 8.098 ], [ -13.245, 8.098 ], [ -13.246, 8.1 ], [ -13.246, 8.101 ], [ -13.245, 8.102 ], [ -13.243, 8.101 ], [ -13.242, 8.098 ], [ -13.242, 8.097 ], [ -13.243, 8.096 ], [ -13.244, 8.095 ] ] ], [ [ [ -13.221, 8.109 ], [ -13.22, 8.107 ], [ -13.22, 8.106 ], [ -13.22, 8.104 ], [ -13.222, 8.103 ], [ -13.225, 8.103 ], [ -13.226, 8.101 ], [ -13.228, 8.101 ], [ -13.23, 8.1 ], [ -13.232, 8.1 ], [ -13.235, 8.1 ], [ -13.237, 8.101 ], [ -13.239, 8.1 ], [ -13.241, 8.098 ], [ -13.242, 8.1 ], [ -13.242, 8.101 ], [ -13.243, 8.102 ], [ -13.242, 8.103 ], [ -13.239, 8.104 ], [ -13.238, 8.104 ], [ -13.238, 8.106 ], [ -13.238, 8.108 ], [ -13.236, 8.108 ], [ -13.235, 8.108 ], [ -13.233, 8.109 ], [ -13.232, 8.11 ], [ -13.231, 8.111 ], [ -13.227, 8.112 ], [ -13.225, 8.113 ], [ -13.221, 8.114 ], [ -13.22, 8.112 ], [ -13.221, 8.11 ], [ -13.221, 8.109 ] ] ], [ [ [ -13.191, 8.139 ], [ -13.192, 8.138 ], [ -13.193, 8.137 ], [ -13.193, 8.136 ], [ -13.193, 8.135 ], [ -13.195, 8.133 ], [ -13.195, 8.132 ], [ -13.195, 8.131 ], [ -13.196, 8.131 ], [ -13.196, 8.13 ], [ -13.197, 8.129 ], [ -13.199, 8.129 ], [ -13.2, 8.129 ], [ -13.202, 8.129 ], [ -13.203, 8.128 ], [ -13.203, 8.127 ], [ -13.202, 8.124 ], [ -13.203, 8.123 ], [ -13.204, 8.123 ], [ -13.205, 8.124 ], [ -13.206, 8.124 ], [ -13.207, 8.124 ], [ -13.207, 8.123 ], [ -13.207, 8.121 ], [ -13.208, 8.12 ], [ -13.208, 8.119 ], [ -13.208, 8.117 ], [ -13.208, 8.116 ], [ -13.207, 8.114 ], [ -13.208, 8.114 ], [ -13.209, 8.113 ], [ -13.211, 8.113 ], [ -13.212, 8.113 ], [ -13.214, 8.112 ], [ -13.216, 8.113 ], [ -13.217, 8.113 ], [ -13.218, 8.113 ], [ -13.218, 8.113 ], [ -13.219, 8.114 ], [ -13.22, 8.113 ], [ -13.22, 8.115 ], [ -13.22, 8.118 ], [ -13.22, 8.12 ], [ -13.217, 8.122 ], [ -13.215, 8.122 ], [ -13.214, 8.122 ], [ -13.212, 8.124 ], [ -13.21, 8.125 ], [ -13.209, 8.126 ], [ -13.208, 8.126 ], [ -13.207, 8.127 ], [ -13.207, 8.128 ], [ -13.206, 8.13 ], [ -13.205, 8.13 ], [ -13.204, 8.13 ], [ -13.204, 8.131 ], [ -13.205, 8.132 ], [ -13.203, 8.132 ], [ -13.203, 8.132 ], [ -13.203, 8.134 ], [ -13.201, 8.134 ], [ -13.199, 8.136 ], [ -13.199, 8.139 ], [ -13.196, 8.139 ], [ -13.196, 8.141 ], [ -13.195, 8.142 ], [ -13.194, 8.143 ], [ -13.192, 8.143 ], [ -13.191, 8.142 ], [ -13.19, 8.141 ], [ -13.191, 8.139 ] ] ], [ [ [ -13.163, 8.202 ], [ -13.168, 8.201 ], [ -13.168, 8.205 ], [ -13.164, 8.207 ], [ -13.163, 8.202 ] ] ], [ [ [ -13.213, 8.337 ], [ -13.213, 8.337 ], [ -13.213, 8.337 ], [ -13.213, 8.337 ], [ -13.213, 8.337 ], [ -13.214, 8.338 ], [ -13.214, 8.338 ], [ -13.214, 8.338 ], [ -13.214, 8.338 ], [ -13.214, 8.338 ], [ -13.214, 8.338 ], [ -13.214, 8.339 ], [ -13.214, 8.339 ], [ -13.214, 8.339 ], [ -13.215, 8.339 ], [ -13.215, 8.339 ], [ -13.215, 8.34 ], [ -13.215, 8.34 ], [ -13.215, 8.34 ], [ -13.216, 8.34 ], [ -13.216, 8.34 ], [ -13.216, 8.34 ], [ -13.216, 8.34 ], [ -13.216, 8.341 ], [ -13.216, 8.341 ], [ -13.217, 8.341 ], [ -13.217, 8.341 ], [ -13.217, 8.341 ], [ -13.217, 8.341 ], [ -13.217, 8.341 ], [ -13.217, 8.341 ], [ -13.218, 8.342 ], [ -13.218, 8.342 ], [ -13.218, 8.342 ], [ -13.218, 8.342 ], [ -13.218, 8.342 ], [ -13.218, 8.342 ], [ -13.219, 8.342 ], [ -13.219, 8.342 ], [ -13.219, 8.342 ], [ -13.219, 8.342 ], [ -13.22, 8.342 ], [ -13.22, 8.342 ], [ -13.22, 8.341 ], [ -13.22, 8.341 ], [ -13.22, 8.341 ], [ -13.22, 8.341 ], [ -13.22, 8.342 ], [ -13.22, 8.342 ], [ -13.221, 8.342 ], [ -13.221, 8.342 ], [ -13.221, 8.342 ], [ -13.221, 8.342 ], [ -13.221, 8.342 ], [ -13.221, 8.343 ], [ -13.222, 8.343 ], [ -13.222, 8.343 ], [ -13.222, 8.343 ], [ -13.222, 8.343 ], [ -13.223, 8.343 ], [ -13.223, 8.343 ], [ -13.223, 8.343 ], [ -13.224, 8.343 ], [ -13.224, 8.343 ], [ -13.224, 8.343 ], [ -13.224, 8.343 ], [ -13.224, 8.343 ], [ -13.225, 8.343 ], [ -13.225, 8.343 ], [ -13.225, 8.344 ], [ -13.225, 8.344 ], [ -13.225, 8.343 ], [ -13.226, 8.343 ], [ -13.226, 8.343 ], [ -13.226, 8.344 ], [ -13.226, 8.344 ], [ -13.226, 8.344 ], [ -13.226, 8.344 ], [ -13.227, 8.344 ], [ -13.227, 8.344 ], [ -13.227, 8.344 ], [ -13.227, 8.344 ], [ -13.227, 8.344 ], [ -13.228, 8.344 ], [ -13.228, 8.344 ], [ -13.228, 8.344 ], [ -13.229, 8.344 ], [ -13.229, 8.344 ], [ -13.229, 8.344 ], [ -13.229, 8.344 ], [ -13.229, 8.344 ], [ -13.23, 8.344 ], [ -13.23, 8.344 ], [ -13.23, 8.344 ], [ -13.23, 8.344 ], [ -13.23, 8.344 ], [ -13.23, 8.344 ], [ -13.231, 8.345 ], [ -13.231, 8.345 ], [ -13.231, 8.345 ], [ -13.231, 8.345 ], [ -13.232, 8.344 ], [ -13.232, 8.344 ], [ -13.232, 8.344 ], [ -13.232, 8.345 ], [ -13.232, 8.345 ], [ -13.232, 8.345 ], [ -13.232, 8.345 ], [ -13.232, 8.345 ], [ -13.233, 8.345 ], [ -13.233, 8.344 ], [ -13.233, 8.345 ], [ -13.233, 8.345 ], [ -13.233, 8.345 ], [ -13.233, 8.345 ], [ -13.233, 8.345 ], [ -13.233, 8.345 ], [ -13.234, 8.345 ], [ -13.234, 8.345 ], [ -13.234, 8.345 ], [ -13.234, 8.346 ], [ -13.234, 8.346 ], [ -13.234, 8.346 ], [ -13.234, 8.346 ], [ -13.234, 8.346 ], [ -13.234, 8.346 ], [ -13.234, 8.347 ], [ -13.234, 8.347 ], [ -13.234, 8.347 ], [ -13.234, 8.347 ], [ -13.234, 8.347 ], [ -13.234, 8.347 ], [ -13.234, 8.347 ], [ -13.234, 8.348 ], [ -13.234, 8.348 ], [ -13.234, 8.348 ], [ -13.234, 8.348 ], [ -13.234, 8.348 ], [ -13.235, 8.348 ], [ -13.235, 8.348 ], [ -13.235, 8.348 ], [ -13.235, 8.349 ], [ -13.235, 8.349 ], [ -13.235, 8.349 ], [ -13.235, 8.35 ], [ -13.235, 8.35 ], [ -13.236, 8.35 ], [ -13.236, 8.351 ], [ -13.236, 8.351 ], [ -13.236, 8.351 ], [ -13.237, 8.352 ], [ -13.237, 8.352 ], [ -13.238, 8.353 ], [ -13.239, 8.354 ], [ -13.239, 8.355 ], [ -13.24, 8.356 ], [ -13.241, 8.357 ], [ -13.242, 8.358 ], [ -13.242, 8.359 ], [ -13.244, 8.36 ], [ -13.244, 8.361 ], [ -13.245, 8.362 ], [ -13.247, 8.364 ], [ -13.247, 8.365 ], [ -13.247, 8.365 ], [ -13.247, 8.365 ], [ -13.248, 8.366 ], [ -13.248, 8.366 ], [ -13.248, 8.366 ], [ -13.248, 8.367 ], [ -13.249, 8.368 ], [ -13.249, 8.368 ], [ -13.25, 8.37 ], [ -13.25, 8.37 ], [ -13.25, 8.37 ], [ -13.251, 8.371 ], [ -13.251, 8.372 ], [ -13.252, 8.373 ], [ -13.252, 8.373 ], [ -13.253, 8.374 ], [ -13.253, 8.374 ], [ -13.253, 8.375 ], [ -13.254, 8.375 ], [ -13.254, 8.375 ], [ -13.255, 8.375 ], [ -13.255, 8.375 ], [ -13.255, 8.375 ], [ -13.255, 8.375 ], [ -13.255, 8.375 ], [ -13.255, 8.376 ], [ -13.255, 8.376 ], [ -13.255, 8.376 ], [ -13.256, 8.376 ], [ -13.256, 8.376 ], [ -13.256, 8.376 ], [ -13.256, 8.376 ], [ -13.256, 8.376 ], [ -13.256, 8.376 ], [ -13.256, 8.377 ], [ -13.256, 8.377 ], [ -13.256, 8.377 ], [ -13.256, 8.377 ], [ -13.257, 8.377 ], [ -13.257, 8.377 ], [ -13.257, 8.377 ], [ -13.257, 8.377 ], [ -13.257, 8.378 ], [ -13.258, 8.378 ], [ -13.258, 8.378 ], [ -13.258, 8.378 ], [ -13.258, 8.378 ], [ -13.258, 8.379 ], [ -13.259, 8.379 ], [ -13.259, 8.379 ], [ -13.259, 8.379 ], [ -13.26, 8.379 ], [ -13.26, 8.379 ], [ -13.26, 8.379 ], [ -13.26, 8.38 ], [ -13.26, 8.38 ], [ -13.26, 8.38 ], [ -13.261, 8.38 ], [ -13.261, 8.38 ], [ -13.261, 8.38 ], [ -13.261, 8.381 ], [ -13.26, 8.381 ], [ -13.261, 8.381 ], [ -13.261, 8.381 ], [ -13.261, 8.381 ], [ -13.261, 8.381 ], [ -13.261, 8.382 ], [ -13.262, 8.382 ], [ -13.262, 8.382 ], [ -13.262, 8.382 ], [ -13.262, 8.382 ], [ -13.263, 8.382 ], [ -13.263, 8.382 ], [ -13.263, 8.383 ], [ -13.263, 8.383 ], [ -13.263, 8.383 ], [ -13.263, 8.383 ], [ -13.263, 8.384 ], [ -13.263, 8.384 ], [ -13.264, 8.384 ], [ -13.264, 8.384 ], [ -13.264, 8.385 ], [ -13.264, 8.385 ], [ -13.264, 8.385 ], [ -13.264, 8.385 ], [ -13.264, 8.386 ], [ -13.263, 8.386 ], [ -13.263, 8.386 ], [ -13.263, 8.385 ], [ -13.263, 8.385 ], [ -13.263, 8.386 ], [ -13.263, 8.387 ], [ -13.263, 8.388 ], [ -13.263, 8.389 ], [ -13.264, 8.391 ], [ -13.264, 8.391 ], [ -13.264, 8.391 ], [ -13.264, 8.391 ], [ -13.264, 8.392 ], [ -13.266, 8.394 ], [ -13.267, 8.396 ], [ -13.268, 8.397 ], [ -13.268, 8.397 ], [ -13.269, 8.398 ], [ -13.269, 8.398 ], [ -13.27, 8.398 ], [ -13.27, 8.398 ], [ -13.27, 8.397 ], [ -13.27, 8.397 ], [ -13.27, 8.397 ], [ -13.27, 8.397 ], [ -13.27, 8.397 ], [ -13.27, 8.397 ], [ -13.27, 8.397 ], [ -13.27, 8.397 ], [ -13.27, 8.398 ], [ -13.27, 8.398 ], [ -13.27, 8.398 ], [ -13.27, 8.398 ], [ -13.27, 8.399 ], [ -13.27, 8.399 ], [ -13.27, 8.4 ], [ -13.27, 8.401 ], [ -13.27, 8.402 ], [ -13.27, 8.402 ], [ -13.27, 8.402 ], [ -13.271, 8.403 ], [ -13.271, 8.403 ], [ -13.271, 8.404 ], [ -13.271, 8.404 ], [ -13.271, 8.405 ], [ -13.272, 8.406 ], [ -13.272, 8.406 ], [ -13.272, 8.406 ], [ -13.272, 8.406 ], [ -13.272, 8.406 ], [ -13.272, 8.406 ], [ -13.272, 8.407 ], [ -13.272, 8.407 ], [ -13.272, 8.407 ], [ -13.272, 8.408 ], [ -13.273, 8.408 ], [ -13.273, 8.409 ], [ -13.275, 8.411 ], [ -13.275, 8.412 ], [ -13.276, 8.414 ], [ -13.277, 8.415 ], [ -13.278, 8.416 ], [ -13.278, 8.417 ], [ -13.279, 8.417 ], [ -13.279, 8.417 ], [ -13.279, 8.418 ], [ -13.28, 8.418 ], [ -13.28, 8.418 ], [ -13.28, 8.418 ], [ -13.28, 8.419 ], [ -13.28, 8.419 ], [ -13.281, 8.42 ], [ -13.28, 8.42 ], [ -13.281, 8.421 ], [ -13.282, 8.421 ], [ -13.283, 8.421 ], [ -13.284, 8.422 ], [ -13.284, 8.421 ], [ -13.284, 8.421 ], [ -13.285, 8.421 ], [ -13.285, 8.421 ], [ -13.285, 8.42 ], [ -13.285, 8.42 ], [ -13.285, 8.42 ], [ -13.285, 8.419 ], [ -13.286, 8.419 ], [ -13.286, 8.419 ], [ -13.287, 8.419 ], [ -13.288, 8.419 ], [ -13.288, 8.419 ], [ -13.289, 8.42 ], [ -13.289, 8.42 ], [ -13.289, 8.42 ], [ -13.289, 8.42 ], [ -13.289, 8.42 ], [ -13.289, 8.42 ], [ -13.289, 8.42 ], [ -13.29, 8.42 ], [ -13.29, 8.42 ], [ -13.29, 8.42 ], [ -13.29, 8.42 ], [ -13.29, 8.42 ], [ -13.29, 8.42 ], [ -13.29, 8.42 ], [ -13.291, 8.42 ], [ -13.291, 8.42 ], [ -13.291, 8.42 ], [ -13.291, 8.421 ], [ -13.291, 8.421 ], [ -13.291, 8.421 ], [ -13.292, 8.421 ], [ -13.292, 8.421 ], [ -13.292, 8.421 ], [ -13.292, 8.421 ], [ -13.292, 8.422 ], [ -13.293, 8.422 ], [ -13.293, 8.422 ], [ -13.293, 8.422 ], [ -13.293, 8.422 ], [ -13.293, 8.423 ], [ -13.293, 8.423 ], [ -13.294, 8.423 ], [ -13.294, 8.423 ], [ -13.294, 8.423 ], [ -13.293, 8.423 ], [ -13.293, 8.424 ], [ -13.293, 8.424 ], [ -13.292, 8.424 ], [ -13.292, 8.424 ], [ -13.292, 8.424 ], [ -13.292, 8.424 ], [ -13.292, 8.424 ], [ -13.292, 8.424 ], [ -13.292, 8.424 ], [ -13.291, 8.424 ], [ -13.291, 8.424 ], [ -13.291, 8.425 ], [ -13.29, 8.425 ], [ -13.29, 8.425 ], [ -13.29, 8.425 ], [ -13.29, 8.425 ], [ -13.29, 8.425 ], [ -13.29, 8.425 ], [ -13.289, 8.425 ], [ -13.289, 8.426 ], [ -13.289, 8.426 ], [ -13.289, 8.426 ], [ -13.289, 8.426 ], [ -13.289, 8.427 ], [ -13.289, 8.428 ], [ -13.289, 8.428 ], [ -13.289, 8.428 ], [ -13.289, 8.429 ], [ -13.289, 8.429 ], [ -13.289, 8.43 ], [ -13.289, 8.43 ], [ -13.289, 8.43 ], [ -13.289, 8.43 ], [ -13.29, 8.431 ], [ -13.29, 8.431 ], [ -13.29, 8.431 ], [ -13.29, 8.431 ], [ -13.29, 8.432 ], [ -13.29, 8.432 ], [ -13.29, 8.432 ], [ -13.29, 8.432 ], [ -13.29, 8.432 ], [ -13.29, 8.433 ], [ -13.29, 8.433 ], [ -13.29, 8.433 ], [ -13.29, 8.433 ], [ -13.29, 8.434 ], [ -13.29, 8.434 ], [ -13.291, 8.434 ], [ -13.291, 8.434 ], [ -13.291, 8.434 ], [ -13.291, 8.434 ], [ -13.292, 8.435 ], [ -13.292, 8.435 ], [ -13.293, 8.435 ], [ -13.293, 8.436 ], [ -13.293, 8.436 ], [ -13.293, 8.436 ], [ -13.293, 8.436 ], [ -13.293, 8.436 ], [ -13.293, 8.436 ], [ -13.293, 8.436 ], [ -13.293, 8.436 ], [ -13.293, 8.437 ], [ -13.293, 8.437 ], [ -13.293, 8.437 ], [ -13.293, 8.437 ], [ -13.293, 8.437 ], [ -13.292, 8.437 ], [ -13.292, 8.437 ], [ -13.292, 8.437 ], [ -13.292, 8.437 ], [ -13.291, 8.436 ], [ -13.291, 8.436 ], [ -13.291, 8.436 ], [ -13.291, 8.436 ], [ -13.291, 8.436 ], [ -13.29, 8.436 ], [ -13.29, 8.436 ], [ -13.29, 8.436 ], [ -13.29, 8.436 ], [ -13.29, 8.436 ], [ -13.29, 8.436 ], [ -13.29, 8.436 ], [ -13.29, 8.435 ], [ -13.29, 8.435 ], [ -13.29, 8.435 ], [ -13.289, 8.435 ], [ -13.289, 8.435 ], [ -13.289, 8.435 ], [ -13.289, 8.435 ], [ -13.288, 8.435 ], [ -13.288, 8.435 ], [ -13.288, 8.435 ], [ -13.288, 8.435 ], [ -13.288, 8.435 ], [ -13.288, 8.435 ], [ -13.288, 8.435 ], [ -13.287, 8.435 ], [ -13.287, 8.435 ], [ -13.287, 8.435 ], [ -13.287, 8.435 ], [ -13.287, 8.435 ], [ -13.287, 8.435 ], [ -13.287, 8.435 ], [ -13.287, 8.435 ], [ -13.287, 8.435 ], [ -13.287, 8.436 ], [ -13.287, 8.436 ], [ -13.287, 8.436 ], [ -13.286, 8.436 ], [ -13.286, 8.436 ], [ -13.286, 8.436 ], [ -13.286, 8.436 ], [ -13.286, 8.436 ], [ -13.286, 8.436 ], [ -13.285, 8.436 ], [ -13.285, 8.436 ], [ -13.285, 8.436 ], [ -13.285, 8.436 ], [ -13.285, 8.436 ], [ -13.285, 8.436 ], [ -13.285, 8.435 ], [ -13.284, 8.435 ], [ -13.284, 8.436 ], [ -13.284, 8.436 ], [ -13.284, 8.436 ], [ -13.284, 8.436 ], [ -13.283, 8.436 ], [ -13.283, 8.436 ], [ -13.283, 8.436 ], [ -13.283, 8.436 ], [ -13.283, 8.436 ], [ -13.283, 8.437 ], [ -13.283, 8.437 ], [ -13.283, 8.437 ], [ -13.283, 8.437 ], [ -13.283, 8.437 ], [ -13.283, 8.438 ], [ -13.283, 8.438 ], [ -13.283, 8.438 ], [ -13.282, 8.437 ], [ -13.282, 8.437 ], [ -13.282, 8.437 ], [ -13.282, 8.437 ], [ -13.282, 8.437 ], [ -13.282, 8.437 ], [ -13.282, 8.438 ], [ -13.281, 8.437 ], [ -13.282, 8.438 ], [ -13.281, 8.438 ], [ -13.281, 8.438 ], [ -13.281, 8.438 ], [ -13.281, 8.438 ], [ -13.281, 8.439 ], [ -13.28, 8.439 ], [ -13.28, 8.439 ], [ -13.28, 8.44 ], [ -13.28, 8.44 ], [ -13.28, 8.44 ], [ -13.28, 8.441 ], [ -13.28, 8.441 ], [ -13.28, 8.441 ], [ -13.28, 8.441 ], [ -13.28, 8.441 ], [ -13.28, 8.442 ], [ -13.28, 8.442 ], [ -13.279, 8.442 ], [ -13.279, 8.442 ], [ -13.278, 8.442 ], [ -13.278, 8.442 ], [ -13.278, 8.442 ], [ -13.277, 8.442 ], [ -13.277, 8.442 ], [ -13.276, 8.442 ], [ -13.276, 8.442 ], [ -13.276, 8.442 ], [ -13.276, 8.442 ], [ -13.276, 8.442 ], [ -13.275, 8.442 ], [ -13.275, 8.442 ], [ -13.275, 8.442 ], [ -13.274, 8.442 ], [ -13.274, 8.441 ], [ -13.274, 8.441 ], [ -13.274, 8.441 ], [ -13.274, 8.441 ], [ -13.274, 8.442 ], [ -13.273, 8.442 ], [ -13.273, 8.442 ], [ -13.272, 8.442 ], [ -13.272, 8.442 ], [ -13.272, 8.441 ], [ -13.271, 8.441 ], [ -13.271, 8.441 ], [ -13.271, 8.441 ], [ -13.271, 8.441 ], [ -13.271, 8.441 ], [ -13.271, 8.44 ], [ -13.271, 8.44 ], [ -13.27, 8.44 ], [ -13.27, 8.44 ], [ -13.27, 8.441 ], [ -13.27, 8.441 ], [ -13.27, 8.441 ], [ -13.269, 8.441 ], [ -13.269, 8.441 ], [ -13.269, 8.441 ], [ -13.268, 8.441 ], [ -13.268, 8.441 ], [ -13.268, 8.441 ], [ -13.268, 8.441 ], [ -13.267, 8.442 ], [ -13.267, 8.442 ], [ -13.267, 8.442 ], [ -13.267, 8.443 ], [ -13.266, 8.443 ], [ -13.266, 8.443 ], [ -13.265, 8.443 ], [ -13.265, 8.443 ], [ -13.264, 8.441 ], [ -13.264, 8.441 ], [ -13.264, 8.441 ], [ -13.264, 8.441 ], [ -13.264, 8.44 ], [ -13.264, 8.44 ], [ -13.264, 8.44 ], [ -13.264, 8.44 ], [ -13.264, 8.439 ], [ -13.264, 8.439 ], [ -13.264, 8.438 ], [ -13.264, 8.438 ], [ -13.264, 8.438 ], [ -13.263, 8.437 ], [ -13.263, 8.437 ], [ -13.263, 8.436 ], [ -13.261, 8.438 ], [ -13.259, 8.439 ], [ -13.258, 8.438 ], [ -13.258, 8.437 ], [ -13.257, 8.437 ], [ -13.255, 8.435 ], [ -13.255, 8.435 ], [ -13.255, 8.435 ], [ -13.253, 8.437 ], [ -13.251, 8.437 ], [ -13.25, 8.438 ], [ -13.249, 8.438 ], [ -13.248, 8.438 ], [ -13.248, 8.438 ], [ -13.245, 8.439 ], [ -13.244, 8.439 ], [ -13.244, 8.439 ], [ -13.244, 8.439 ], [ -13.243, 8.439 ], [ -13.243, 8.439 ], [ -13.243, 8.44 ], [ -13.243, 8.44 ], [ -13.243, 8.44 ], [ -13.243, 8.441 ], [ -13.243, 8.441 ], [ -13.243, 8.441 ], [ -13.243, 8.441 ], [ -13.242, 8.441 ], [ -13.242, 8.441 ], [ -13.242, 8.442 ], [ -13.241, 8.442 ], [ -13.241, 8.442 ], [ -13.24, 8.442 ], [ -13.24, 8.443 ], [ -13.239, 8.444 ], [ -13.239, 8.444 ], [ -13.239, 8.445 ], [ -13.24, 8.445 ], [ -13.24, 8.447 ], [ -13.24, 8.447 ], [ -13.241, 8.447 ], [ -13.241, 8.447 ], [ -13.241, 8.447 ], [ -13.242, 8.447 ], [ -13.242, 8.447 ], [ -13.242, 8.448 ], [ -13.243, 8.448 ], [ -13.243, 8.448 ], [ -13.243, 8.448 ], [ -13.243, 8.448 ], [ -13.243, 8.448 ], [ -13.243, 8.449 ], [ -13.243, 8.449 ], [ -13.243, 8.449 ], [ -13.244, 8.449 ], [ -13.244, 8.449 ], [ -13.244, 8.449 ], [ -13.244, 8.45 ], [ -13.244, 8.45 ], [ -13.245, 8.45 ], [ -13.245, 8.45 ], [ -13.245, 8.45 ], [ -13.245, 8.45 ], [ -13.245, 8.45 ], [ -13.246, 8.45 ], [ -13.246, 8.45 ], [ -13.246, 8.45 ], [ -13.246, 8.45 ], [ -13.247, 8.45 ], [ -13.247, 8.45 ], [ -13.247, 8.45 ], [ -13.247, 8.45 ], [ -13.247, 8.451 ], [ -13.247, 8.451 ], [ -13.247, 8.451 ], [ -13.246, 8.451 ], [ -13.246, 8.451 ], [ -13.246, 8.452 ], [ -13.246, 8.452 ], [ -13.246, 8.452 ], [ -13.246, 8.452 ], [ -13.246, 8.452 ], [ -13.246, 8.453 ], [ -13.246, 8.453 ], [ -13.246, 8.453 ], [ -13.246, 8.454 ], [ -13.246, 8.454 ], [ -13.246, 8.454 ], [ -13.246, 8.454 ], [ -13.246, 8.455 ], [ -13.246, 8.455 ], [ -13.246, 8.455 ], [ -13.246, 8.456 ], [ -13.246, 8.456 ], [ -13.245, 8.456 ], [ -13.245, 8.455 ], [ -13.245, 8.455 ], [ -13.244, 8.455 ], [ -13.244, 8.455 ], [ -13.244, 8.455 ], [ -13.244, 8.455 ], [ -13.244, 8.455 ], [ -13.243, 8.455 ], [ -13.243, 8.455 ], [ -13.242, 8.455 ], [ -13.242, 8.455 ], [ -13.242, 8.455 ], [ -13.242, 8.455 ], [ -13.242, 8.455 ], [ -13.242, 8.455 ], [ -13.241, 8.455 ], [ -13.241, 8.455 ], [ -13.241, 8.456 ], [ -13.24, 8.456 ], [ -13.24, 8.456 ], [ -13.24, 8.456 ], [ -13.24, 8.456 ], [ -13.24, 8.457 ], [ -13.239, 8.457 ], [ -13.238, 8.457 ], [ -13.238, 8.458 ], [ -13.237, 8.458 ], [ -13.237, 8.458 ], [ -13.237, 8.458 ], [ -13.237, 8.458 ], [ -13.237, 8.458 ], [ -13.237, 8.458 ], [ -13.236, 8.457 ], [ -13.236, 8.457 ], [ -13.236, 8.457 ], [ -13.236, 8.457 ], [ -13.235, 8.456 ], [ -13.235, 8.456 ], [ -13.235, 8.456 ], [ -13.235, 8.456 ], [ -13.235, 8.456 ], [ -13.234, 8.455 ], [ -13.234, 8.455 ], [ -13.234, 8.455 ], [ -13.234, 8.455 ], [ -13.233, 8.455 ], [ -13.233, 8.456 ], [ -13.233, 8.456 ], [ -13.233, 8.456 ], [ -13.233, 8.456 ], [ -13.233, 8.457 ], [ -13.233, 8.457 ], [ -13.232, 8.457 ], [ -13.232, 8.457 ], [ -13.232, 8.457 ], [ -13.232, 8.458 ], [ -13.232, 8.458 ], [ -13.232, 8.458 ], [ -13.232, 8.458 ], [ -13.232, 8.458 ], [ -13.232, 8.458 ], [ -13.232, 8.458 ], [ -13.231, 8.458 ], [ -13.231, 8.458 ], [ -13.231, 8.459 ], [ -13.231, 8.459 ], [ -13.231, 8.459 ], [ -13.231, 8.459 ], [ -13.231, 8.459 ], [ -13.231, 8.459 ], [ -13.23, 8.459 ], [ -13.23, 8.459 ], [ -13.23, 8.459 ], [ -13.23, 8.459 ], [ -13.23, 8.459 ], [ -13.23, 8.459 ], [ -13.23, 8.459 ], [ -13.229, 8.459 ], [ -13.229, 8.459 ], [ -13.229, 8.459 ], [ -13.229, 8.459 ], [ -13.228, 8.459 ], [ -13.228, 8.459 ], [ -13.228, 8.459 ], [ -13.228, 8.459 ], [ -13.227, 8.459 ], [ -13.227, 8.459 ], [ -13.227, 8.459 ], [ -13.227, 8.459 ], [ -13.227, 8.459 ], [ -13.227, 8.459 ], [ -13.226, 8.459 ], [ -13.226, 8.459 ], [ -13.226, 8.459 ], [ -13.226, 8.459 ], [ -13.226, 8.459 ], [ -13.226, 8.458 ], [ -13.225, 8.458 ], [ -13.225, 8.458 ], [ -13.225, 8.458 ], [ -13.225, 8.458 ], [ -13.225, 8.458 ], [ -13.225, 8.458 ], [ -13.224, 8.459 ], [ -13.224, 8.459 ], [ -13.224, 8.459 ], [ -13.224, 8.46 ], [ -13.224, 8.46 ], [ -13.223, 8.46 ], [ -13.223, 8.461 ], [ -13.223, 8.461 ], [ -13.224, 8.461 ], [ -13.224, 8.461 ], [ -13.224, 8.461 ], [ -13.224, 8.461 ], [ -13.224, 8.461 ], [ -13.224, 8.461 ], [ -13.225, 8.461 ], [ -13.225, 8.461 ], [ -13.224, 8.461 ], [ -13.224, 8.462 ], [ -13.224, 8.462 ], [ -13.224, 8.462 ], [ -13.224, 8.462 ], [ -13.224, 8.462 ], [ -13.224, 8.463 ], [ -13.224, 8.463 ], [ -13.224, 8.463 ], [ -13.224, 8.463 ], [ -13.224, 8.463 ], [ -13.224, 8.463 ], [ -13.224, 8.464 ], [ -13.224, 8.464 ], [ -13.224, 8.464 ], [ -13.224, 8.464 ], [ -13.224, 8.464 ], [ -13.224, 8.465 ], [ -13.224, 8.465 ], [ -13.224, 8.465 ], [ -13.224, 8.465 ], [ -13.224, 8.465 ], [ -13.224, 8.466 ], [ -13.224, 8.466 ], [ -13.224, 8.466 ], [ -13.224, 8.466 ], [ -13.224, 8.466 ], [ -13.223, 8.466 ], [ -13.223, 8.466 ], [ -13.223, 8.467 ], [ -13.223, 8.467 ], [ -13.223, 8.467 ], [ -13.224, 8.467 ], [ -13.224, 8.468 ], [ -13.224, 8.468 ], [ -13.224, 8.468 ], [ -13.224, 8.468 ], [ -13.224, 8.468 ], [ -13.223, 8.469 ], [ -13.223, 8.469 ], [ -13.223, 8.468 ], [ -13.223, 8.468 ], [ -13.222, 8.468 ], [ -13.222, 8.468 ], [ -13.223, 8.468 ], [ -13.223, 8.469 ], [ -13.223, 8.469 ], [ -13.223, 8.469 ], [ -13.223, 8.47 ], [ -13.223, 8.47 ], [ -13.222, 8.47 ], [ -13.222, 8.471 ], [ -13.222, 8.471 ], [ -13.221, 8.472 ], [ -13.221, 8.472 ], [ -13.221, 8.472 ], [ -13.222, 8.472 ], [ -13.221, 8.472 ], [ -13.221, 8.473 ], [ -13.222, 8.473 ], [ -13.222, 8.473 ], [ -13.222, 8.473 ], [ -13.222, 8.474 ], [ -13.222, 8.474 ], [ -13.222, 8.475 ], [ -13.222, 8.475 ], [ -13.223, 8.476 ], [ -13.223, 8.476 ], [ -13.223, 8.476 ], [ -13.224, 8.477 ], [ -13.224, 8.477 ], [ -13.225, 8.478 ], [ -13.225, 8.478 ], [ -13.225, 8.478 ], [ -13.225, 8.478 ], [ -13.225, 8.478 ], [ -13.225, 8.479 ], [ -13.225, 8.479 ], [ -13.225, 8.479 ], [ -13.225, 8.479 ], [ -13.225, 8.479 ], [ -13.225, 8.479 ], [ -13.225, 8.479 ], [ -13.225, 8.48 ], [ -13.225, 8.48 ], [ -13.225, 8.48 ], [ -13.225, 8.48 ], [ -13.225, 8.48 ], [ -13.225, 8.48 ], [ -13.225, 8.481 ], [ -13.225, 8.481 ], [ -13.224, 8.481 ], [ -13.224, 8.481 ], [ -13.224, 8.481 ], [ -13.224, 8.482 ], [ -13.224, 8.482 ], [ -13.224, 8.482 ], [ -13.224, 8.482 ], [ -13.224, 8.483 ], [ -13.224, 8.483 ], [ -13.224, 8.483 ], [ -13.224, 8.483 ], [ -13.224, 8.483 ], [ -13.223, 8.483 ], [ -13.223, 8.483 ], [ -13.223, 8.483 ], [ -13.223, 8.483 ], [ -13.223, 8.483 ], [ -13.223, 8.482 ], [ -13.223, 8.482 ], [ -13.223, 8.482 ], [ -13.222, 8.482 ], [ -13.222, 8.482 ], [ -13.222, 8.482 ], [ -13.222, 8.481 ], [ -13.222, 8.481 ], [ -13.222, 8.481 ], [ -13.222, 8.481 ], [ -13.222, 8.48 ], [ -13.222, 8.48 ], [ -13.221, 8.48 ], [ -13.221, 8.48 ], [ -13.221, 8.48 ], [ -13.221, 8.48 ], [ -13.221, 8.48 ], [ -13.221, 8.48 ], [ -13.22, 8.48 ], [ -13.22, 8.48 ], [ -13.22, 8.48 ], [ -13.22, 8.479 ], [ -13.22, 8.479 ], [ -13.22, 8.479 ], [ -13.219, 8.479 ], [ -13.219, 8.479 ], [ -13.219, 8.479 ], [ -13.219, 8.479 ], [ -13.219, 8.478 ], [ -13.218, 8.478 ], [ -13.218, 8.478 ], [ -13.217, 8.478 ], [ -13.217, 8.477 ], [ -13.216, 8.478 ], [ -13.216, 8.478 ], [ -13.216, 8.477 ], [ -13.216, 8.477 ], [ -13.216, 8.477 ], [ -13.216, 8.477 ], [ -13.216, 8.477 ], [ -13.216, 8.477 ], [ -13.216, 8.477 ], [ -13.216, 8.476 ], [ -13.216, 8.476 ], [ -13.216, 8.476 ], [ -13.216, 8.476 ], [ -13.216, 8.476 ], [ -13.216, 8.476 ], [ -13.216, 8.475 ], [ -13.216, 8.475 ], [ -13.215, 8.475 ], [ -13.215, 8.475 ], [ -13.215, 8.475 ], [ -13.215, 8.475 ], [ -13.215, 8.475 ], [ -13.215, 8.474 ], [ -13.215, 8.474 ], [ -13.215, 8.474 ], [ -13.214, 8.474 ], [ -13.214, 8.474 ], [ -13.214, 8.474 ], [ -13.214, 8.474 ], [ -13.214, 8.474 ], [ -13.214, 8.474 ], [ -13.214, 8.473 ], [ -13.213, 8.473 ], [ -13.213, 8.473 ], [ -13.214, 8.473 ], [ -13.214, 8.473 ], [ -13.214, 8.473 ], [ -13.214, 8.473 ], [ -13.214, 8.472 ], [ -13.214, 8.472 ], [ -13.214, 8.472 ], [ -13.214, 8.472 ], [ -13.214, 8.472 ], [ -13.214, 8.472 ], [ -13.214, 8.472 ], [ -13.214, 8.471 ], [ -13.214, 8.471 ], [ -13.214, 8.471 ], [ -13.214, 8.471 ], [ -13.214, 8.471 ], [ -13.213, 8.471 ], [ -13.213, 8.471 ], [ -13.213, 8.471 ], [ -13.213, 8.471 ], [ -13.213, 8.47 ], [ -13.213, 8.47 ], [ -13.213, 8.47 ], [ -13.213, 8.47 ], [ -13.213, 8.47 ], [ -13.213, 8.47 ], [ -13.213, 8.47 ], [ -13.212, 8.47 ], [ -13.212, 8.47 ], [ -13.212, 8.469 ], [ -13.212, 8.469 ], [ -13.212, 8.469 ], [ -13.212, 8.469 ], [ -13.212, 8.469 ], [ -13.212, 8.469 ], [ -13.212, 8.469 ], [ -13.212, 8.468 ], [ -13.212, 8.468 ], [ -13.212, 8.468 ], [ -13.212, 8.468 ], [ -13.212, 8.468 ], [ -13.212, 8.468 ], [ -13.212, 8.467 ], [ -13.212, 8.467 ], [ -13.212, 8.467 ], [ -13.212, 8.467 ], [ -13.213, 8.467 ], [ -13.213, 8.467 ], [ -13.213, 8.467 ], [ -13.213, 8.467 ], [ -13.213, 8.467 ], [ -13.213, 8.467 ], [ -13.213, 8.466 ], [ -13.213, 8.466 ], [ -13.213, 8.466 ], [ -13.213, 8.466 ], [ -13.213, 8.466 ], [ -13.212, 8.466 ], [ -13.212, 8.466 ], [ -13.212, 8.466 ], [ -13.212, 8.465 ], [ -13.212, 8.465 ], [ -13.212, 8.465 ], [ -13.212, 8.465 ], [ -13.212, 8.465 ], [ -13.212, 8.465 ], [ -13.212, 8.464 ], [ -13.212, 8.464 ], [ -13.212, 8.464 ], [ -13.211, 8.464 ], [ -13.211, 8.464 ], [ -13.211, 8.464 ], [ -13.211, 8.464 ], [ -13.211, 8.463 ], [ -13.211, 8.463 ], [ -13.211, 8.463 ], [ -13.211, 8.463 ], [ -13.211, 8.463 ], [ -13.211, 8.463 ], [ -13.211, 8.463 ], [ -13.211, 8.462 ], [ -13.211, 8.462 ], [ -13.211, 8.462 ], [ -13.21, 8.462 ], [ -13.21, 8.462 ], [ -13.21, 8.462 ], [ -13.21, 8.462 ], [ -13.21, 8.462 ], [ -13.21, 8.461 ], [ -13.21, 8.461 ], [ -13.21, 8.461 ], [ -13.21, 8.461 ], [ -13.21, 8.461 ], [ -13.21, 8.461 ], [ -13.21, 8.46 ], [ -13.21, 8.46 ], [ -13.21, 8.46 ], [ -13.21, 8.46 ], [ -13.21, 8.46 ], [ -13.21, 8.46 ], [ -13.21, 8.459 ], [ -13.21, 8.459 ], [ -13.209, 8.459 ], [ -13.209, 8.459 ], [ -13.209, 8.459 ], [ -13.209, 8.459 ], [ -13.209, 8.459 ], [ -13.209, 8.459 ], [ -13.208, 8.459 ], [ -13.208, 8.459 ], [ -13.208, 8.459 ], [ -13.208, 8.46 ], [ -13.208, 8.46 ], [ -13.208, 8.46 ], [ -13.208, 8.46 ], [ -13.208, 8.46 ], [ -13.208, 8.46 ], [ -13.207, 8.46 ], [ -13.205, 8.457 ], [ -13.204, 8.457 ], [ -13.203, 8.455 ], [ -13.202, 8.455 ], [ -13.201, 8.454 ], [ -13.2, 8.454 ], [ -13.199, 8.451 ], [ -13.198, 8.45 ], [ -13.196, 8.447 ], [ -13.194, 8.445 ], [ -13.194, 8.445 ], [ -13.194, 8.444 ], [ -13.193, 8.443 ], [ -13.192, 8.441 ], [ -13.19, 8.44 ], [ -13.19, 8.439 ], [ -13.188, 8.438 ], [ -13.188, 8.438 ], [ -13.186, 8.435 ], [ -13.185, 8.434 ], [ -13.185, 8.434 ], [ -13.183, 8.432 ], [ -13.183, 8.432 ], [ -13.182, 8.431 ], [ -13.182, 8.431 ], [ -13.182, 8.43 ], [ -13.181, 8.429 ], [ -13.179, 8.427 ], [ -13.179, 8.426 ], [ -13.179, 8.425 ], [ -13.18, 8.424 ], [ -13.18, 8.423 ], [ -13.18, 8.422 ], [ -13.18, 8.421 ], [ -13.18, 8.421 ], [ -13.18, 8.419 ], [ -13.179, 8.419 ], [ -13.179, 8.418 ], [ -13.179, 8.416 ], [ -13.179, 8.414 ], [ -13.179, 8.414 ], [ -13.179, 8.414 ], [ -13.179, 8.414 ], [ -13.178, 8.413 ], [ -13.178, 8.413 ], [ -13.178, 8.413 ], [ -13.178, 8.413 ], [ -13.178, 8.413 ], [ -13.177, 8.413 ], [ -13.177, 8.413 ], [ -13.177, 8.413 ], [ -13.177, 8.412 ], [ -13.177, 8.412 ], [ -13.177, 8.412 ], [ -13.176, 8.412 ], [ -13.176, 8.412 ], [ -13.176, 8.412 ], [ -13.176, 8.412 ], [ -13.176, 8.412 ], [ -13.176, 8.412 ], [ -13.176, 8.412 ], [ -13.176, 8.411 ], [ -13.176, 8.411 ], [ -13.176, 8.411 ], [ -13.176, 8.411 ], [ -13.176, 8.411 ], [ -13.176, 8.411 ], [ -13.176, 8.411 ], [ -13.176, 8.41 ], [ -13.175, 8.41 ], [ -13.175, 8.41 ], [ -13.175, 8.41 ], [ -13.175, 8.41 ], [ -13.175, 8.41 ], [ -13.174, 8.41 ], [ -13.174, 8.41 ], [ -13.174, 8.41 ], [ -13.174, 8.41 ], [ -13.174, 8.409 ], [ -13.174, 8.409 ], [ -13.174, 8.409 ], [ -13.173, 8.409 ], [ -13.173, 8.409 ], [ -13.173, 8.409 ], [ -13.173, 8.409 ], [ -13.173, 8.409 ], [ -13.173, 8.409 ], [ -13.173, 8.409 ], [ -13.172, 8.409 ], [ -13.172, 8.408 ], [ -13.172, 8.408 ], [ -13.172, 8.408 ], [ -13.172, 8.408 ], [ -13.172, 8.408 ], [ -13.171, 8.408 ], [ -13.171, 8.408 ], [ -13.171, 8.408 ], [ -13.171, 8.408 ], [ -13.17, 8.409 ], [ -13.17, 8.409 ], [ -13.17, 8.409 ], [ -13.17, 8.409 ], [ -13.17, 8.409 ], [ -13.169, 8.409 ], [ -13.169, 8.408 ], [ -13.169, 8.408 ], [ -13.169, 8.407 ], [ -13.168, 8.407 ], [ -13.168, 8.407 ], [ -13.167, 8.407 ], [ -13.167, 8.407 ], [ -13.167, 8.407 ], [ -13.167, 8.407 ], [ -13.167, 8.406 ], [ -13.167, 8.406 ], [ -13.167, 8.406 ], [ -13.167, 8.406 ], [ -13.167, 8.405 ], [ -13.167, 8.405 ], [ -13.167, 8.405 ], [ -13.167, 8.405 ], [ -13.167, 8.405 ], [ -13.166, 8.405 ], [ -13.166, 8.405 ], [ -13.166, 8.405 ], [ -13.166, 8.405 ], [ -13.166, 8.405 ], [ -13.166, 8.405 ], [ -13.166, 8.405 ], [ -13.165, 8.405 ], [ -13.165, 8.404 ], [ -13.165, 8.404 ], [ -13.164, 8.404 ], [ -13.163, 8.404 ], [ -13.163, 8.404 ], [ -13.163, 8.404 ], [ -13.162, 8.404 ], [ -13.162, 8.404 ], [ -13.162, 8.404 ], [ -13.162, 8.403 ], [ -13.161, 8.403 ], [ -13.161, 8.403 ], [ -13.161, 8.403 ], [ -13.161, 8.402 ], [ -13.162, 8.402 ], [ -13.162, 8.401 ], [ -13.162, 8.401 ], [ -13.162, 8.401 ], [ -13.162, 8.401 ], [ -13.161, 8.401 ], [ -13.16, 8.401 ], [ -13.16, 8.401 ], [ -13.16, 8.401 ], [ -13.16, 8.401 ], [ -13.16, 8.401 ], [ -13.16, 8.401 ], [ -13.159, 8.401 ], [ -13.159, 8.401 ], [ -13.159, 8.401 ], [ -13.159, 8.4 ], [ -13.159, 8.4 ], [ -13.158, 8.4 ], [ -13.158, 8.4 ], [ -13.158, 8.4 ], [ -13.158, 8.4 ], [ -13.157, 8.4 ], [ -13.157, 8.4 ], [ -13.156, 8.4 ], [ -13.156, 8.4 ], [ -13.156, 8.4 ], [ -13.156, 8.4 ], [ -13.156, 8.4 ], [ -13.155, 8.4 ], [ -13.155, 8.4 ], [ -13.155, 8.4 ], [ -13.155, 8.399 ], [ -13.154, 8.399 ], [ -13.153, 8.399 ], [ -13.153, 8.399 ], [ -13.153, 8.4 ], [ -13.153, 8.399 ], [ -13.152, 8.399 ], [ -13.152, 8.399 ], [ -13.152, 8.399 ], [ -13.152, 8.399 ], [ -13.151, 8.399 ], [ -13.151, 8.399 ], [ -13.151, 8.399 ], [ -13.151, 8.399 ], [ -13.151, 8.399 ], [ -13.151, 8.398 ], [ -13.15, 8.398 ], [ -13.15, 8.398 ], [ -13.15, 8.398 ], [ -13.149, 8.398 ], [ -13.149, 8.398 ], [ -13.149, 8.398 ], [ -13.148, 8.398 ], [ -13.148, 8.398 ], [ -13.148, 8.398 ], [ -13.148, 8.398 ], [ -13.147, 8.398 ], [ -13.147, 8.398 ], [ -13.147, 8.398 ], [ -13.147, 8.398 ], [ -13.146, 8.398 ], [ -13.146, 8.398 ], [ -13.146, 8.398 ], [ -13.146, 8.398 ], [ -13.145, 8.398 ], [ -13.145, 8.398 ], [ -13.145, 8.399 ], [ -13.145, 8.399 ], [ -13.145, 8.399 ], [ -13.145, 8.399 ], [ -13.144, 8.399 ], [ -13.144, 8.399 ], [ -13.144, 8.399 ], [ -13.144, 8.399 ], [ -13.144, 8.399 ], [ -13.144, 8.399 ], [ -13.143, 8.399 ], [ -13.143, 8.399 ], [ -13.143, 8.399 ], [ -13.142, 8.399 ], [ -13.142, 8.399 ], [ -13.142, 8.399 ], [ -13.142, 8.399 ], [ -13.142, 8.399 ], [ -13.141, 8.4 ], [ -13.141, 8.4 ], [ -13.141, 8.4 ], [ -13.141, 8.4 ], [ -13.141, 8.4 ], [ -13.14, 8.401 ], [ -13.14, 8.401 ], [ -13.14, 8.402 ], [ -13.139, 8.403 ], [ -13.139, 8.404 ], [ -13.139, 8.404 ], [ -13.138, 8.404 ], [ -13.138, 8.405 ], [ -13.138, 8.405 ], [ -13.137, 8.405 ], [ -13.137, 8.405 ], [ -13.137, 8.405 ], [ -13.137, 8.406 ], [ -13.137, 8.406 ], [ -13.137, 8.407 ], [ -13.138, 8.407 ], [ -13.138, 8.407 ], [ -13.139, 8.408 ], [ -13.14, 8.408 ], [ -13.14, 8.409 ], [ -13.14, 8.409 ], [ -13.14, 8.411 ], [ -13.139, 8.412 ], [ -13.138, 8.412 ], [ -13.138, 8.413 ], [ -13.138, 8.413 ], [ -13.137, 8.413 ], [ -13.137, 8.414 ], [ -13.137, 8.415 ], [ -13.137, 8.415 ], [ -13.136, 8.415 ], [ -13.136, 8.415 ], [ -13.136, 8.415 ], [ -13.136, 8.415 ], [ -13.135, 8.415 ], [ -13.135, 8.415 ], [ -13.135, 8.414 ], [ -13.135, 8.414 ], [ -13.135, 8.413 ], [ -13.135, 8.413 ], [ -13.134, 8.413 ], [ -13.134, 8.413 ], [ -13.134, 8.413 ], [ -13.134, 8.413 ], [ -13.134, 8.413 ], [ -13.133, 8.413 ], [ -13.133, 8.413 ], [ -13.133, 8.413 ], [ -13.133, 8.413 ], [ -13.132, 8.413 ], [ -13.132, 8.414 ], [ -13.132, 8.414 ], [ -13.132, 8.414 ], [ -13.132, 8.414 ], [ -13.132, 8.414 ], [ -13.131, 8.414 ], [ -13.131, 8.415 ], [ -13.131, 8.416 ], [ -13.131, 8.416 ], [ -13.132, 8.416 ], [ -13.132, 8.417 ], [ -13.133, 8.417 ], [ -13.133, 8.418 ], [ -13.133, 8.418 ], [ -13.133, 8.418 ], [ -13.133, 8.418 ], [ -13.132, 8.418 ], [ -13.132, 8.418 ], [ -13.132, 8.419 ], [ -13.132, 8.419 ], [ -13.131, 8.418 ], [ -13.131, 8.418 ], [ -13.13, 8.418 ], [ -13.13, 8.418 ], [ -13.13, 8.418 ], [ -13.13, 8.418 ], [ -13.128, 8.417 ], [ -13.128, 8.417 ], [ -13.127, 8.416 ], [ -13.127, 8.416 ], [ -13.127, 8.415 ], [ -13.126, 8.415 ], [ -13.126, 8.415 ], [ -13.125, 8.414 ], [ -13.125, 8.414 ], [ -13.125, 8.414 ], [ -13.124, 8.413 ], [ -13.123, 8.413 ], [ -13.122, 8.413 ], [ -13.122, 8.413 ], [ -13.121, 8.413 ], [ -13.12, 8.413 ], [ -13.119, 8.413 ], [ -13.118, 8.414 ], [ -13.117, 8.414 ], [ -13.117, 8.414 ], [ -13.116, 8.415 ], [ -13.116, 8.415 ], [ -13.115, 8.415 ], [ -13.115, 8.415 ], [ -13.114, 8.415 ], [ -13.113, 8.414 ], [ -13.112, 8.414 ], [ -13.112, 8.413 ], [ -13.111, 8.413 ], [ -13.11, 8.412 ], [ -13.11, 8.412 ], [ -13.11, 8.412 ], [ -13.109, 8.411 ], [ -13.109, 8.41 ], [ -13.108, 8.41 ], [ -13.108, 8.409 ], [ -13.108, 8.409 ], [ -13.108, 8.408 ], [ -13.108, 8.407 ], [ -13.107, 8.406 ], [ -13.107, 8.405 ], [ -13.107, 8.404 ], [ -13.108, 8.404 ], [ -13.108, 8.404 ], [ -13.108, 8.403 ], [ -13.108, 8.403 ], [ -13.108, 8.402 ], [ -13.108, 8.401 ], [ -13.107, 8.402 ], [ -13.107, 8.402 ], [ -13.106, 8.403 ], [ -13.106, 8.404 ], [ -13.105, 8.405 ], [ -13.106, 8.406 ], [ -13.106, 8.408 ], [ -13.107, 8.409 ], [ -13.107, 8.41 ], [ -13.106, 8.411 ], [ -13.106, 8.411 ], [ -13.105, 8.411 ], [ -13.105, 8.411 ], [ -13.105, 8.411 ], [ -13.106, 8.412 ], [ -13.105, 8.413 ], [ -13.105, 8.413 ], [ -13.104, 8.413 ], [ -13.103, 8.413 ], [ -13.101, 8.414 ], [ -13.1, 8.414 ], [ -13.097, 8.414 ], [ -13.096, 8.414 ], [ -13.094, 8.414 ], [ -13.093, 8.413 ], [ -13.092, 8.412 ], [ -13.092, 8.41 ], [ -13.091, 8.409 ], [ -13.091, 8.408 ], [ -13.09, 8.405 ], [ -13.09, 8.404 ], [ -13.089, 8.403 ], [ -13.089, 8.402 ], [ -13.088, 8.4 ], [ -13.087, 8.399 ], [ -13.087, 8.399 ], [ -13.087, 8.398 ], [ -13.086, 8.398 ], [ -13.085, 8.397 ], [ -13.084, 8.396 ], [ -13.084, 8.395 ], [ -13.084, 8.394 ], [ -13.084, 8.394 ], [ -13.083, 8.393 ], [ -13.083, 8.393 ], [ -13.082, 8.392 ], [ -13.082, 8.391 ], [ -13.082, 8.391 ], [ -13.082, 8.39 ], [ -13.081, 8.389 ], [ -13.081, 8.389 ], [ -13.081, 8.388 ], [ -13.081, 8.388 ], [ -13.08, 8.387 ], [ -13.08, 8.387 ], [ -13.08, 8.386 ], [ -13.08, 8.386 ], [ -13.08, 8.385 ], [ -13.08, 8.385 ], [ -13.08, 8.384 ], [ -13.08, 8.383 ], [ -13.08, 8.382 ], [ -13.08, 8.381 ], [ -13.081, 8.38 ], [ -13.081, 8.379 ], [ -13.08, 8.379 ], [ -13.08, 8.38 ], [ -13.08, 8.381 ], [ -13.08, 8.382 ], [ -13.08, 8.383 ], [ -13.079, 8.383 ], [ -13.079, 8.383 ], [ -13.078, 8.382 ], [ -13.078, 8.382 ], [ -13.077, 8.381 ], [ -13.076, 8.38 ], [ -13.075, 8.379 ], [ -13.074, 8.379 ], [ -13.073, 8.379 ], [ -13.072, 8.378 ], [ -13.071, 8.377 ], [ -13.071, 8.377 ], [ -13.07, 8.376 ], [ -13.069, 8.376 ], [ -13.068, 8.375 ], [ -13.068, 8.374 ], [ -13.068, 8.373 ], [ -13.067, 8.372 ], [ -13.067, 8.372 ], [ -13.067, 8.371 ], [ -13.066, 8.37 ], [ -13.065, 8.369 ], [ -13.064, 8.368 ], [ -13.063, 8.366 ], [ -13.062, 8.365 ], [ -13.062, 8.365 ], [ -13.062, 8.364 ], [ -13.061, 8.363 ], [ -13.061, 8.363 ], [ -13.06, 8.363 ], [ -13.06, 8.363 ], [ -13.06, 8.363 ], [ -13.061, 8.364 ], [ -13.061, 8.366 ], [ -13.062, 8.368 ], [ -13.065, 8.371 ], [ -13.065, 8.372 ], [ -13.066, 8.373 ], [ -13.066, 8.374 ], [ -13.065, 8.375 ], [ -13.064, 8.375 ], [ -13.063, 8.375 ], [ -13.062, 8.375 ], [ -13.061, 8.375 ], [ -13.059, 8.375 ], [ -13.057, 8.375 ], [ -13.056, 8.375 ], [ -13.054, 8.375 ], [ -13.053, 8.375 ], [ -13.052, 8.376 ], [ -13.051, 8.376 ], [ -13.049, 8.376 ], [ -13.047, 8.376 ], [ -13.046, 8.376 ], [ -13.045, 8.376 ], [ -13.044, 8.376 ], [ -13.043, 8.376 ], [ -13.042, 8.375 ], [ -13.041, 8.374 ], [ -13.041, 8.373 ], [ -13.039, 8.371 ], [ -13.038, 8.371 ], [ -13.038, 8.371 ], [ -13.038, 8.371 ], [ -13.038, 8.371 ], [ -13.038, 8.37 ], [ -13.037, 8.37 ], [ -13.035, 8.374 ], [ -13.035, 8.375 ], [ -13.033, 8.374 ], [ -13.029, 8.372 ], [ -13.026, 8.374 ], [ -13.024, 8.377 ], [ -13.024, 8.383 ], [ -13.023, 8.383 ], [ -13.022, 8.383 ], [ -13.022, 8.383 ], [ -13.021, 8.383 ], [ -13.021, 8.382 ], [ -13.02, 8.382 ], [ -13.019, 8.38 ], [ -13.018, 8.379 ], [ -13.018, 8.378 ], [ -13.017, 8.377 ], [ -13.016, 8.377 ], [ -13.015, 8.377 ], [ -13.014, 8.376 ], [ -13.014, 8.375 ], [ -13.012, 8.374 ], [ -13.01, 8.372 ], [ -13.009, 8.371 ], [ -13.007, 8.369 ], [ -13.006, 8.367 ], [ -13.005, 8.366 ], [ -13.002, 8.366 ], [ -13.0, 8.367 ], [ -12.997, 8.366 ], [ -12.995, 8.366 ], [ -12.991, 8.365 ], [ -12.988, 8.364 ], [ -12.986, 8.364 ], [ -12.982, 8.367 ], [ -12.979, 8.369 ], [ -12.979, 8.369 ], [ -12.977, 8.37 ], [ -12.974, 8.371 ], [ -12.973, 8.371 ], [ -12.972, 8.371 ], [ -12.969, 8.371 ], [ -12.969, 8.371 ], [ -12.963, 8.371 ], [ -12.961, 8.371 ], [ -12.959, 8.371 ], [ -12.955, 8.37 ], [ -12.954, 8.37 ], [ -12.948, 8.369 ], [ -12.942, 8.369 ], [ -12.936, 8.368 ], [ -12.936, 8.368 ], [ -12.935, 8.367 ], [ -12.934, 8.367 ], [ -12.929, 8.366 ], [ -12.921, 8.367 ], [ -12.92, 8.366 ], [ -12.919, 8.365 ], [ -12.918, 8.365 ], [ -12.917, 8.364 ], [ -12.917, 8.36 ], [ -12.917, 8.357 ], [ -12.917, 8.354 ], [ -12.918, 8.352 ], [ -12.919, 8.352 ], [ -12.92, 8.351 ], [ -12.922, 8.35 ], [ -12.924, 8.349 ], [ -12.924, 8.346 ], [ -12.924, 8.343 ], [ -12.925, 8.341 ], [ -12.925, 8.338 ], [ -12.925, 8.336 ], [ -12.925, 8.334 ], [ -12.925, 8.333 ], [ -12.925, 8.33 ], [ -12.925, 8.329 ], [ -12.923, 8.327 ], [ -12.919, 8.324 ], [ -12.92, 8.322 ], [ -12.92, 8.322 ], [ -12.919, 8.32 ], [ -12.918, 8.318 ], [ -12.919, 8.316 ], [ -12.917, 8.313 ], [ -12.917, 8.311 ], [ -12.916, 8.309 ], [ -12.916, 8.308 ], [ -12.915, 8.307 ], [ -12.913, 8.305 ], [ -12.914, 8.304 ], [ -12.915, 8.302 ], [ -12.914, 8.301 ], [ -12.912, 8.299 ], [ -12.912, 8.298 ], [ -12.912, 8.296 ], [ -12.914, 8.294 ], [ -12.914, 8.293 ], [ -12.916, 8.293 ], [ -12.916, 8.292 ], [ -12.917, 8.291 ], [ -12.918, 8.289 ], [ -12.918, 8.287 ], [ -12.919, 8.285 ], [ -12.92, 8.283 ], [ -12.921, 8.282 ], [ -12.924, 8.28 ], [ -12.926, 8.279 ], [ -12.926, 8.276 ], [ -12.927, 8.274 ], [ -12.926, 8.274 ], [ -12.927, 8.273 ], [ -12.927, 8.272 ], [ -12.928, 8.272 ], [ -12.929, 8.27 ], [ -12.931, 8.269 ], [ -12.932, 8.269 ], [ -12.933, 8.27 ], [ -12.933, 8.267 ], [ -12.934, 8.267 ], [ -12.932, 8.266 ], [ -12.931, 8.265 ], [ -12.933, 8.263 ], [ -12.934, 8.262 ], [ -12.936, 8.264 ], [ -12.937, 8.265 ], [ -12.938, 8.265 ], [ -12.94, 8.264 ], [ -12.942, 8.263 ], [ -12.944, 8.262 ], [ -12.946, 8.261 ], [ -12.948, 8.258 ], [ -12.948, 8.257 ], [ -12.949, 8.254 ], [ -12.949, 8.251 ], [ -12.951, 8.249 ], [ -12.953, 8.249 ], [ -12.957, 8.249 ], [ -12.959, 8.25 ], [ -12.963, 8.253 ], [ -12.964, 8.258 ], [ -12.965, 8.262 ], [ -12.967, 8.265 ], [ -12.969, 8.266 ], [ -12.971, 8.266 ], [ -12.972, 8.265 ], [ -12.972, 8.265 ], [ -12.973, 8.264 ], [ -12.975, 8.262 ], [ -12.975, 8.261 ], [ -12.976, 8.261 ], [ -12.976, 8.26 ], [ -12.977, 8.258 ], [ -12.979, 8.256 ], [ -12.979, 8.254 ], [ -12.98, 8.252 ], [ -12.981, 8.25 ], [ -12.983, 8.248 ], [ -12.985, 8.244 ], [ -12.988, 8.239 ], [ -12.99, 8.237 ], [ -12.992, 8.237 ], [ -12.995, 8.238 ], [ -12.999, 8.237 ], [ -13.001, 8.236 ], [ -13.003, 8.234 ], [ -13.004, 8.234 ], [ -13.007, 8.234 ], [ -13.01, 8.235 ], [ -13.012, 8.235 ], [ -13.015, 8.237 ], [ -13.017, 8.238 ], [ -13.017, 8.24 ], [ -13.021, 8.239 ], [ -13.026, 8.237 ], [ -13.03, 8.236 ], [ -13.034, 8.235 ], [ -13.038, 8.236 ], [ -13.041, 8.238 ], [ -13.045, 8.239 ], [ -13.045, 8.239 ], [ -13.046, 8.239 ], [ -13.046, 8.239 ], [ -13.046, 8.239 ], [ -13.047, 8.239 ], [ -13.047, 8.239 ], [ -13.047, 8.239 ], [ -13.048, 8.24 ], [ -13.048, 8.24 ], [ -13.049, 8.24 ], [ -13.049, 8.24 ], [ -13.049, 8.24 ], [ -13.051, 8.24 ], [ -13.051, 8.24 ], [ -13.053, 8.239 ], [ -13.053, 8.239 ], [ -13.053, 8.239 ], [ -13.052, 8.239 ], [ -13.051, 8.239 ], [ -13.052, 8.239 ], [ -13.052, 8.239 ], [ -13.053, 8.239 ], [ -13.053, 8.239 ], [ -13.053, 8.239 ], [ -13.054, 8.239 ], [ -13.054, 8.238 ], [ -13.054, 8.238 ], [ -13.055, 8.238 ], [ -13.056, 8.239 ], [ -13.057, 8.239 ], [ -13.058, 8.239 ], [ -13.058, 8.239 ], [ -13.06, 8.239 ], [ -13.061, 8.239 ], [ -13.062, 8.239 ], [ -13.062, 8.239 ], [ -13.063, 8.238 ], [ -13.063, 8.238 ], [ -13.063, 8.238 ], [ -13.063, 8.238 ], [ -13.063, 8.238 ], [ -13.064, 8.238 ], [ -13.064, 8.238 ], [ -13.064, 8.238 ], [ -13.064, 8.238 ], [ -13.064, 8.238 ], [ -13.064, 8.238 ], [ -13.064, 8.238 ], [ -13.065, 8.238 ], [ -13.065, 8.238 ], [ -13.066, 8.238 ], [ -13.066, 8.238 ], [ -13.066, 8.238 ], [ -13.066, 8.237 ], [ -13.066, 8.237 ], [ -13.067, 8.237 ], [ -13.067, 8.237 ], [ -13.067, 8.236 ], [ -13.067, 8.236 ], [ -13.067, 8.237 ], [ -13.068, 8.237 ], [ -13.068, 8.236 ], [ -13.068, 8.236 ], [ -13.069, 8.236 ], [ -13.069, 8.236 ], [ -13.069, 8.236 ], [ -13.069, 8.236 ], [ -13.07, 8.236 ], [ -13.07, 8.236 ], [ -13.07, 8.236 ], [ -13.07, 8.236 ], [ -13.071, 8.235 ], [ -13.071, 8.235 ], [ -13.071, 8.235 ], [ -13.071, 8.235 ], [ -13.072, 8.235 ], [ -13.071, 8.235 ], [ -13.072, 8.235 ], [ -13.072, 8.235 ], [ -13.072, 8.235 ], [ -13.072, 8.234 ], [ -13.072, 8.234 ], [ -13.073, 8.234 ], [ -13.073, 8.234 ], [ -13.073, 8.234 ], [ -13.073, 8.234 ], [ -13.073, 8.233 ], [ -13.073, 8.233 ], [ -13.074, 8.233 ], [ -13.073, 8.233 ], [ -13.074, 8.233 ], [ -13.074, 8.233 ], [ -13.074, 8.233 ], [ -13.074, 8.233 ], [ -13.074, 8.233 ], [ -13.074, 8.233 ], [ -13.074, 8.233 ], [ -13.074, 8.233 ], [ -13.075, 8.233 ], [ -13.075, 8.233 ], [ -13.075, 8.233 ], [ -13.075, 8.232 ], [ -13.075, 8.232 ], [ -13.076, 8.232 ], [ -13.076, 8.232 ], [ -13.076, 8.232 ], [ -13.076, 8.232 ], [ -13.076, 8.232 ], [ -13.077, 8.232 ], [ -13.077, 8.232 ], [ -13.077, 8.232 ], [ -13.077, 8.232 ], [ -13.077, 8.232 ], [ -13.078, 8.231 ], [ -13.078, 8.231 ], [ -13.078, 8.231 ], [ -13.079, 8.231 ], [ -13.079, 8.23 ], [ -13.079, 8.23 ], [ -13.079, 8.23 ], [ -13.08, 8.23 ], [ -13.08, 8.23 ], [ -13.079, 8.23 ], [ -13.08, 8.229 ], [ -13.079, 8.229 ], [ -13.079, 8.229 ], [ -13.08, 8.229 ], [ -13.08, 8.228 ], [ -13.08, 8.228 ], [ -13.08, 8.228 ], [ -13.08, 8.228 ], [ -13.08, 8.228 ], [ -13.08, 8.228 ], [ -13.08, 8.228 ], [ -13.08, 8.228 ], [ -13.081, 8.228 ], [ -13.081, 8.228 ], [ -13.081, 8.227 ], [ -13.081, 8.227 ], [ -13.081, 8.227 ], [ -13.081, 8.227 ], [ -13.081, 8.227 ], [ -13.082, 8.227 ], [ -13.082, 8.227 ], [ -13.082, 8.227 ], [ -13.082, 8.227 ], [ -13.082, 8.226 ], [ -13.082, 8.226 ], [ -13.083, 8.226 ], [ -13.083, 8.225 ], [ -13.083, 8.225 ], [ -13.083, 8.225 ], [ -13.083, 8.224 ], [ -13.083, 8.224 ], [ -13.083, 8.224 ], [ -13.083, 8.224 ], [ -13.083, 8.224 ], [ -13.083, 8.223 ], [ -13.083, 8.223 ], [ -13.083, 8.223 ], [ -13.083, 8.223 ], [ -13.083, 8.222 ], [ -13.083, 8.222 ], [ -13.083, 8.221 ], [ -13.083, 8.221 ], [ -13.083, 8.221 ], [ -13.083, 8.221 ], [ -13.083, 8.22 ], [ -13.083, 8.22 ], [ -13.083, 8.22 ], [ -13.083, 8.22 ], [ -13.083, 8.22 ], [ -13.083, 8.219 ], [ -13.083, 8.219 ], [ -13.083, 8.219 ], [ -13.083, 8.219 ], [ -13.083, 8.219 ], [ -13.083, 8.219 ], [ -13.083, 8.219 ], [ -13.084, 8.219 ], [ -13.084, 8.219 ], [ -13.084, 8.219 ], [ -13.084, 8.219 ], [ -13.085, 8.219 ], [ -13.085, 8.219 ], [ -13.085, 8.219 ], [ -13.085, 8.218 ], [ -13.086, 8.218 ], [ -13.086, 8.218 ], [ -13.086, 8.218 ], [ -13.086, 8.218 ], [ -13.086, 8.218 ], [ -13.086, 8.218 ], [ -13.086, 8.218 ], [ -13.087, 8.218 ], [ -13.087, 8.218 ], [ -13.087, 8.217 ], [ -13.087, 8.217 ], [ -13.087, 8.217 ], [ -13.088, 8.217 ], [ -13.088, 8.217 ], [ -13.088, 8.217 ], [ -13.088, 8.217 ], [ -13.087, 8.217 ], [ -13.087, 8.217 ], [ -13.087, 8.216 ], [ -13.088, 8.216 ], [ -13.088, 8.216 ], [ -13.088, 8.217 ], [ -13.089, 8.217 ], [ -13.089, 8.217 ], [ -13.089, 8.216 ], [ -13.089, 8.216 ], [ -13.089, 8.216 ], [ -13.09, 8.216 ], [ -13.09, 8.216 ], [ -13.09, 8.216 ], [ -13.091, 8.216 ], [ -13.091, 8.216 ], [ -13.091, 8.216 ], [ -13.091, 8.216 ], [ -13.091, 8.216 ], [ -13.091, 8.216 ], [ -13.091, 8.216 ], [ -13.091, 8.215 ], [ -13.091, 8.215 ], [ -13.091, 8.215 ], [ -13.091, 8.214 ], [ -13.092, 8.214 ], [ -13.092, 8.215 ], [ -13.093, 8.215 ], [ -13.093, 8.215 ], [ -13.093, 8.215 ], [ -13.093, 8.215 ], [ -13.094, 8.214 ], [ -13.094, 8.214 ], [ -13.094, 8.214 ], [ -13.094, 8.214 ], [ -13.095, 8.214 ], [ -13.095, 8.214 ], [ -13.095, 8.214 ], [ -13.095, 8.214 ], [ -13.095, 8.214 ], [ -13.096, 8.214 ], [ -13.097, 8.214 ], [ -13.097, 8.214 ], [ -13.098, 8.214 ], [ -13.098, 8.214 ], [ -13.099, 8.213 ], [ -13.099, 8.213 ], [ -13.099, 8.213 ], [ -13.1, 8.213 ], [ -13.1, 8.213 ], [ -13.1, 8.213 ], [ -13.101, 8.213 ], [ -13.1, 8.213 ], [ -13.101, 8.213 ], [ -13.101, 8.212 ], [ -13.101, 8.212 ], [ -13.101, 8.212 ], [ -13.101, 8.212 ], [ -13.101, 8.211 ], [ -13.101, 8.211 ], [ -13.101, 8.211 ], [ -13.102, 8.21 ], [ -13.102, 8.21 ], [ -13.102, 8.21 ], [ -13.102, 8.21 ], [ -13.102, 8.209 ], [ -13.102, 8.209 ], [ -13.102, 8.209 ], [ -13.102, 8.209 ], [ -13.102, 8.209 ], [ -13.102, 8.208 ], [ -13.102, 8.208 ], [ -13.102, 8.208 ], [ -13.102, 8.207 ], [ -13.102, 8.207 ], [ -13.103, 8.207 ], [ -13.103, 8.207 ], [ -13.103, 8.207 ], [ -13.103, 8.207 ], [ -13.103, 8.207 ], [ -13.103, 8.207 ], [ -13.104, 8.206 ], [ -13.104, 8.206 ], [ -13.104, 8.206 ], [ -13.104, 8.206 ], [ -13.104, 8.206 ], [ -13.105, 8.206 ], [ -13.105, 8.206 ], [ -13.105, 8.206 ], [ -13.105, 8.206 ], [ -13.106, 8.205 ], [ -13.106, 8.205 ], [ -13.106, 8.205 ], [ -13.106, 8.205 ], [ -13.106, 8.204 ], [ -13.106, 8.204 ], [ -13.107, 8.204 ], [ -13.107, 8.203 ], [ -13.107, 8.203 ], [ -13.107, 8.203 ], [ -13.107, 8.202 ], [ -13.107, 8.202 ], [ -13.107, 8.201 ], [ -13.108, 8.201 ], [ -13.108, 8.202 ], [ -13.108, 8.202 ], [ -13.109, 8.202 ], [ -13.109, 8.202 ], [ -13.109, 8.202 ], [ -13.11, 8.202 ], [ -13.11, 8.202 ], [ -13.11, 8.202 ], [ -13.111, 8.202 ], [ -13.111, 8.202 ], [ -13.111, 8.202 ], [ -13.112, 8.201 ], [ -13.112, 8.201 ], [ -13.112, 8.201 ], [ -13.113, 8.201 ], [ -13.113, 8.201 ], [ -13.113, 8.201 ], [ -13.113, 8.201 ], [ -13.113, 8.2 ], [ -13.114, 8.2 ], [ -13.114, 8.2 ], [ -13.114, 8.2 ], [ -13.114, 8.2 ], [ -13.114, 8.199 ], [ -13.114, 8.199 ], [ -13.115, 8.199 ], [ -13.115, 8.199 ], [ -13.115, 8.199 ], [ -13.115, 8.199 ], [ -13.116, 8.2 ], [ -13.116, 8.2 ], [ -13.116, 8.2 ], [ -13.117, 8.2 ], [ -13.117, 8.2 ], [ -13.117, 8.2 ], [ -13.117, 8.2 ], [ -13.117, 8.2 ], [ -13.117, 8.2 ], [ -13.118, 8.199 ], [ -13.118, 8.199 ], [ -13.118, 8.199 ], [ -13.118, 8.199 ], [ -13.119, 8.198 ], [ -13.12, 8.198 ], [ -13.12, 8.198 ], [ -13.12, 8.198 ], [ -13.12, 8.197 ], [ -13.121, 8.197 ], [ -13.121, 8.197 ], [ -13.121, 8.196 ], [ -13.122, 8.196 ], [ -13.122, 8.196 ], [ -13.122, 8.197 ], [ -13.123, 8.197 ], [ -13.123, 8.197 ], [ -13.124, 8.197 ], [ -13.124, 8.197 ], [ -13.124, 8.197 ], [ -13.124, 8.197 ], [ -13.124, 8.197 ], [ -13.125, 8.197 ], [ -13.125, 8.197 ], [ -13.125, 8.197 ], [ -13.125, 8.197 ], [ -13.126, 8.197 ], [ -13.126, 8.197 ], [ -13.127, 8.197 ], [ -13.127, 8.197 ], [ -13.127, 8.197 ], [ -13.127, 8.197 ], [ -13.128, 8.197 ], [ -13.128, 8.197 ], [ -13.129, 8.197 ], [ -13.129, 8.197 ], [ -13.129, 8.197 ], [ -13.129, 8.197 ], [ -13.129, 8.197 ], [ -13.129, 8.197 ], [ -13.129, 8.196 ], [ -13.129, 8.196 ], [ -13.13, 8.196 ], [ -13.13, 8.196 ], [ -13.13, 8.195 ], [ -13.13, 8.195 ], [ -13.131, 8.195 ], [ -13.131, 8.194 ], [ -13.131, 8.194 ], [ -13.131, 8.194 ], [ -13.131, 8.194 ], [ -13.132, 8.194 ], [ -13.132, 8.194 ], [ -13.132, 8.194 ], [ -13.132, 8.193 ], [ -13.133, 8.193 ], [ -13.133, 8.193 ], [ -13.133, 8.193 ], [ -13.133, 8.193 ], [ -13.133, 8.193 ], [ -13.133, 8.193 ], [ -13.133, 8.192 ], [ -13.134, 8.192 ], [ -13.134, 8.192 ], [ -13.134, 8.192 ], [ -13.134, 8.191 ], [ -13.134, 8.191 ], [ -13.134, 8.19 ], [ -13.134, 8.19 ], [ -13.134, 8.19 ], [ -13.134, 8.189 ], [ -13.135, 8.189 ], [ -13.135, 8.189 ], [ -13.136, 8.189 ], [ -13.136, 8.189 ], [ -13.136, 8.189 ], [ -13.137, 8.189 ], [ -13.137, 8.189 ], [ -13.138, 8.188 ], [ -13.138, 8.188 ], [ -13.138, 8.188 ], [ -13.138, 8.188 ], [ -13.138, 8.187 ], [ -13.138, 8.187 ], [ -13.138, 8.187 ], [ -13.139, 8.187 ], [ -13.139, 8.186 ], [ -13.139, 8.186 ], [ -13.139, 8.186 ], [ -13.139, 8.186 ], [ -13.14, 8.186 ], [ -13.14, 8.186 ], [ -13.14, 8.186 ], [ -13.14, 8.186 ], [ -13.14, 8.186 ], [ -13.14, 8.185 ], [ -13.14, 8.185 ], [ -13.14, 8.185 ], [ -13.141, 8.185 ], [ -13.141, 8.185 ], [ -13.141, 8.185 ], [ -13.142, 8.184 ], [ -13.142, 8.184 ], [ -13.142, 8.184 ], [ -13.142, 8.184 ], [ -13.142, 8.184 ], [ -13.142, 8.184 ], [ -13.143, 8.185 ], [ -13.143, 8.185 ], [ -13.143, 8.185 ], [ -13.142, 8.183 ], [ -13.143, 8.182 ], [ -13.146, 8.179 ], [ -13.148, 8.178 ], [ -13.149, 8.178 ], [ -13.152, 8.175 ], [ -13.155, 8.174 ], [ -13.155, 8.173 ], [ -13.156, 8.172 ], [ -13.156, 8.172 ], [ -13.157, 8.171 ], [ -13.158, 8.17 ], [ -13.161, 8.169 ], [ -13.165, 8.172 ], [ -13.166, 8.173 ], [ -13.167, 8.175 ], [ -13.165, 8.177 ], [ -13.164, 8.178 ], [ -13.164, 8.178 ], [ -13.164, 8.178 ], [ -13.163, 8.181 ], [ -13.163, 8.184 ], [ -13.163, 8.187 ], [ -13.163, 8.191 ], [ -13.164, 8.193 ], [ -13.163, 8.196 ], [ -13.162, 8.197 ], [ -13.162, 8.199 ], [ -13.162, 8.199 ], [ -13.163, 8.2 ], [ -13.162, 8.201 ], [ -13.162, 8.203 ], [ -13.159, 8.209 ], [ -13.157, 8.212 ], [ -13.157, 8.212 ], [ -13.157, 8.212 ], [ -13.158, 8.218 ], [ -13.158, 8.222 ], [ -13.159, 8.227 ], [ -13.16, 8.23 ], [ -13.16, 8.233 ], [ -13.162, 8.235 ], [ -13.163, 8.237 ], [ -13.164, 8.238 ], [ -13.165, 8.244 ], [ -13.166, 8.246 ], [ -13.166, 8.25 ], [ -13.166, 8.252 ], [ -13.167, 8.253 ], [ -13.168, 8.255 ], [ -13.171, 8.256 ], [ -13.173, 8.257 ], [ -13.174, 8.258 ], [ -13.176, 8.259 ], [ -13.175, 8.261 ], [ -13.173, 8.262 ], [ -13.173, 8.265 ], [ -13.173, 8.266 ], [ -13.171, 8.266 ], [ -13.17, 8.268 ], [ -13.169, 8.269 ], [ -13.168, 8.272 ], [ -13.169, 8.275 ], [ -13.169, 8.277 ], [ -13.171, 8.279 ], [ -13.172, 8.28 ], [ -13.17, 8.282 ], [ -13.166, 8.283 ], [ -13.162, 8.285 ], [ -13.16, 8.286 ], [ -13.163, 8.287 ], [ -13.166, 8.287 ], [ -13.166, 8.286 ], [ -13.167, 8.285 ], [ -13.169, 8.285 ], [ -13.171, 8.285 ], [ -13.172, 8.284 ], [ -13.173, 8.283 ], [ -13.175, 8.284 ], [ -13.175, 8.282 ], [ -13.176, 8.282 ], [ -13.177, 8.283 ], [ -13.178, 8.283 ], [ -13.18, 8.283 ], [ -13.182, 8.284 ], [ -13.182, 8.284 ], [ -13.184, 8.284 ], [ -13.185, 8.283 ], [ -13.186, 8.282 ], [ -13.187, 8.283 ], [ -13.187, 8.284 ], [ -13.185, 8.284 ], [ -13.184, 8.285 ], [ -13.184, 8.286 ], [ -13.185, 8.288 ], [ -13.186, 8.289 ], [ -13.186, 8.29 ], [ -13.186, 8.292 ], [ -13.188, 8.292 ], [ -13.188, 8.294 ], [ -13.188, 8.294 ], [ -13.189, 8.295 ], [ -13.189, 8.296 ], [ -13.191, 8.296 ], [ -13.192, 8.296 ], [ -13.193, 8.296 ], [ -13.194, 8.296 ], [ -13.195, 8.297 ], [ -13.193, 8.297 ], [ -13.193, 8.298 ], [ -13.194, 8.299 ], [ -13.194, 8.3 ], [ -13.193, 8.3 ], [ -13.193, 8.301 ], [ -13.195, 8.301 ], [ -13.194, 8.302 ], [ -13.192, 8.302 ], [ -13.191, 8.303 ], [ -13.191, 8.303 ], [ -13.191, 8.304 ], [ -13.192, 8.306 ], [ -13.194, 8.308 ], [ -13.195, 8.31 ], [ -13.196, 8.312 ], [ -13.196, 8.313 ], [ -13.196, 8.313 ], [ -13.196, 8.313 ], [ -13.196, 8.315 ], [ -13.197, 8.32 ], [ -13.199, 8.325 ], [ -13.201, 8.329 ], [ -13.201, 8.329 ], [ -13.201, 8.329 ], [ -13.201, 8.329 ], [ -13.201, 8.329 ], [ -13.202, 8.329 ], [ -13.202, 8.329 ], [ -13.202, 8.329 ], [ -13.202, 8.33 ], [ -13.202, 8.33 ], [ -13.202, 8.33 ], [ -13.202, 8.33 ], [ -13.202, 8.33 ], [ -13.203, 8.33 ], [ -13.203, 8.331 ], [ -13.203, 8.331 ], [ -13.203, 8.331 ], [ -13.203, 8.331 ], [ -13.203, 8.332 ], [ -13.203, 8.332 ], [ -13.204, 8.332 ], [ -13.204, 8.333 ], [ -13.204, 8.333 ], [ -13.205, 8.334 ], [ -13.205, 8.334 ], [ -13.205, 8.334 ], [ -13.205, 8.335 ], [ -13.205, 8.335 ], [ -13.206, 8.335 ], [ -13.206, 8.335 ], [ -13.206, 8.336 ], [ -13.206, 8.336 ], [ -13.207, 8.336 ], [ -13.207, 8.336 ], [ -13.207, 8.336 ], [ -13.208, 8.337 ], [ -13.208, 8.337 ], [ -13.208, 8.337 ], [ -13.208, 8.337 ], [ -13.209, 8.337 ], [ -13.209, 8.337 ], [ -13.209, 8.337 ], [ -13.21, 8.337 ], [ -13.21, 8.337 ], [ -13.21, 8.337 ], [ -13.211, 8.337 ], [ -13.211, 8.337 ], [ -13.211, 8.337 ], [ -13.211, 8.337 ], [ -13.211, 8.337 ], [ -13.211, 8.337 ], [ -13.211, 8.337 ], [ -13.211, 8.338 ], [ -13.212, 8.338 ], [ -13.212, 8.338 ], [ -13.212, 8.338 ], [ -13.212, 8.338 ], [ -13.212, 8.337 ], [ -13.213, 8.337 ], [ -13.213, 8.337 ], [ -13.213, 8.337 ], [ -13.213, 8.337 ], [ -13.213, 8.337 ], [ -13.213, 8.337 ] ], [ [ -13.106, 8.205 ], [ -13.106, 8.204 ], [ -13.106, 8.204 ], [ -13.106, 8.205 ] ], [ [ -13.174, 8.407 ], [ -13.174, 8.407 ], [ -13.174, 8.407 ], [ -13.174, 8.407 ], [ -13.174, 8.407 ], [ -13.174, 8.407 ] ] ] ] } },
{ "type": "Feature", "properties": { "NEW_DIST": "Western Area Urb", "NEW_PROV": "Western", "CS_Pro_Num": 4, "CS_Pro_Nam": "Western", "CS_Dis_Num": 42, "CS_Dis_Nam": "Western Area Urban", "layer": "Western Area Urban District" }, "geometry": { "type": "MultiPolygon", "coordinates": [ [ [ [ -13.258, 8.488 ], [ -13.258, 8.488 ], [ -13.258, 8.488 ], [ -13.257, 8.488 ], [ -13.258, 8.487 ], [ -13.258, 8.487 ], [ -13.258, 8.487 ], [ -13.258, 8.487 ], [ -13.258, 8.487 ], [ -13.258, 8.487 ], [ -13.258, 8.487 ], [ -13.258, 8.486 ], [ -13.258, 8.486 ], [ -13.258, 8.486 ], [ -13.258, 8.486 ], [ -13.258, 8.486 ], [ -13.257, 8.486 ], [ -13.257, 8.486 ], [ -13.257, 8.486 ], [ -13.257, 8.486 ], [ -13.257, 8.486 ], [ -13.257, 8.485 ], [ -13.257, 8.485 ], [ -13.257, 8.485 ], [ -13.257, 8.485 ], [ -13.256, 8.485 ], [ -13.256, 8.485 ], [ -13.256, 8.485 ], [ -13.256, 8.485 ], [ -13.256, 8.485 ], [ -13.256, 8.484 ], [ -13.256, 8.484 ], [ -13.256, 8.484 ], [ -13.256, 8.484 ], [ -13.255, 8.484 ], [ -13.255, 8.484 ], [ -13.255, 8.484 ], [ -13.255, 8.484 ], [ -13.255, 8.484 ], [ -13.254, 8.484 ], [ -13.254, 8.485 ], [ -13.254, 8.485 ], [ -13.254, 8.485 ], [ -13.253, 8.485 ], [ -13.253, 8.485 ], [ -13.253, 8.485 ], [ -13.253, 8.485 ], [ -13.253, 8.485 ], [ -13.253, 8.485 ], [ -13.253, 8.485 ], [ -13.253, 8.485 ], [ -13.253, 8.485 ], [ -13.252, 8.485 ], [ -13.252, 8.485 ], [ -13.252, 8.485 ], [ -13.252, 8.485 ], [ -13.252, 8.486 ], [ -13.252, 8.486 ], [ -13.252, 8.486 ], [ -13.252, 8.486 ], [ -13.252, 8.486 ], [ -13.252, 8.486 ], [ -13.252, 8.486 ], [ -13.252, 8.486 ], [ -13.252, 8.486 ], [ -13.253, 8.486 ], [ -13.253, 8.486 ], [ -13.253, 8.486 ], [ -13.253, 8.487 ], [ -13.253, 8.487 ], [ -13.253, 8.487 ], [ -13.253, 8.488 ], [ -13.253, 8.488 ], [ -13.253, 8.488 ], [ -13.253, 8.489 ], [ -13.253, 8.489 ], [ -13.253, 8.49 ], [ -13.253, 8.49 ], [ -13.253, 8.49 ], [ -13.253, 8.49 ], [ -13.253, 8.491 ], [ -13.252, 8.491 ], [ -13.252, 8.491 ], [ -13.252, 8.492 ], [ -13.252, 8.492 ], [ -13.251, 8.492 ], [ -13.251, 8.493 ], [ -13.25, 8.493 ], [ -13.25, 8.493 ], [ -13.25, 8.493 ], [ -13.25, 8.493 ], [ -13.249, 8.493 ], [ -13.249, 8.493 ], [ -13.248, 8.493 ], [ -13.248, 8.494 ], [ -13.247, 8.494 ], [ -13.247, 8.493 ], [ -13.247, 8.493 ], [ -13.246, 8.493 ], [ -13.246, 8.493 ], [ -13.246, 8.493 ], [ -13.245, 8.492 ], [ -13.245, 8.492 ], [ -13.244, 8.491 ], [ -13.244, 8.491 ], [ -13.244, 8.491 ], [ -13.244, 8.491 ], [ -13.243, 8.49 ], [ -13.243, 8.49 ], [ -13.243, 8.49 ], [ -13.243, 8.489 ], [ -13.243, 8.489 ], [ -13.243, 8.489 ], [ -13.243, 8.489 ], [ -13.243, 8.489 ], [ -13.242, 8.489 ], [ -13.242, 8.488 ], [ -13.242, 8.488 ], [ -13.242, 8.488 ], [ -13.242, 8.488 ], [ -13.241, 8.488 ], [ -13.241, 8.489 ], [ -13.241, 8.489 ], [ -13.241, 8.489 ], [ -13.241, 8.489 ], [ -13.241, 8.489 ], [ -13.241, 8.489 ], [ -13.241, 8.489 ], [ -13.24, 8.489 ], [ -13.24, 8.489 ], [ -13.24, 8.489 ], [ -13.24, 8.488 ], [ -13.24, 8.488 ], [ -13.24, 8.488 ], [ -13.24, 8.488 ], [ -13.24, 8.488 ], [ -13.24, 8.488 ], [ -13.239, 8.488 ], [ -13.239, 8.488 ], [ -13.239, 8.488 ], [ -13.239, 8.488 ], [ -13.239, 8.489 ], [ -13.239, 8.489 ], [ -13.239, 8.489 ], [ -13.238, 8.489 ], [ -13.238, 8.489 ], [ -13.238, 8.489 ], [ -13.238, 8.49 ], [ -13.238, 8.49 ], [ -13.238, 8.49 ], [ -13.238, 8.49 ], [ -13.238, 8.49 ], [ -13.238, 8.49 ], [ -13.237, 8.49 ], [ -13.237, 8.49 ], [ -13.237, 8.49 ], [ -13.237, 8.49 ], [ -13.238, 8.491 ], [ -13.237, 8.491 ], [ -13.237, 8.491 ], [ -13.237, 8.491 ], [ -13.237, 8.491 ], [ -13.236, 8.491 ], [ -13.237, 8.492 ], [ -13.236, 8.491 ], [ -13.236, 8.492 ], [ -13.236, 8.492 ], [ -13.236, 8.492 ], [ -13.236, 8.492 ], [ -13.236, 8.492 ], [ -13.236, 8.492 ], [ -13.236, 8.492 ], [ -13.236, 8.492 ], [ -13.236, 8.492 ], [ -13.236, 8.492 ], [ -13.236, 8.492 ], [ -13.235, 8.492 ], [ -13.235, 8.492 ], [ -13.235, 8.492 ], [ -13.235, 8.492 ], [ -13.235, 8.492 ], [ -13.234, 8.492 ], [ -13.234, 8.492 ], [ -13.234, 8.492 ], [ -13.234, 8.492 ], [ -13.234, 8.492 ], [ -13.234, 8.492 ], [ -13.234, 8.493 ], [ -13.234, 8.493 ], [ -13.234, 8.493 ], [ -13.234, 8.492 ], [ -13.234, 8.492 ], [ -13.234, 8.492 ], [ -13.234, 8.493 ], [ -13.234, 8.493 ], [ -13.234, 8.493 ], [ -13.233, 8.493 ], [ -13.233, 8.493 ], [ -13.233, 8.493 ], [ -13.233, 8.493 ], [ -13.232, 8.493 ], [ -13.232, 8.493 ], [ -13.232, 8.493 ], [ -13.232, 8.493 ], [ -13.232, 8.493 ], [ -13.232, 8.493 ], [ -13.232, 8.493 ], [ -13.232, 8.492 ], [ -13.232, 8.492 ], [ -13.232, 8.492 ], [ -13.232, 8.492 ], [ -13.232, 8.492 ], [ -13.232, 8.492 ], [ -13.232, 8.492 ], [ -13.232, 8.492 ], [ -13.231, 8.491 ], [ -13.231, 8.491 ], [ -13.231, 8.491 ], [ -13.231, 8.491 ], [ -13.231, 8.491 ], [ -13.231, 8.491 ], [ -13.231, 8.491 ], [ -13.23, 8.491 ], [ -13.23, 8.49 ], [ -13.23, 8.49 ], [ -13.23, 8.49 ], [ -13.23, 8.49 ], [ -13.23, 8.49 ], [ -13.23, 8.49 ], [ -13.229, 8.49 ], [ -13.229, 8.489 ], [ -13.229, 8.49 ], [ -13.229, 8.49 ], [ -13.229, 8.49 ], [ -13.229, 8.49 ], [ -13.229, 8.49 ], [ -13.229, 8.49 ], [ -13.229, 8.49 ], [ -13.229, 8.49 ], [ -13.229, 8.49 ], [ -13.229, 8.49 ], [ -13.229, 8.49 ], [ -13.229, 8.49 ], [ -13.228, 8.49 ], [ -13.229, 8.49 ], [ -13.228, 8.49 ], [ -13.228, 8.49 ], [ -13.228, 8.49 ], [ -13.228, 8.491 ], [ -13.228, 8.491 ], [ -13.228, 8.491 ], [ -13.228, 8.491 ], [ -13.228, 8.491 ], [ -13.228, 8.491 ], [ -13.228, 8.491 ], [ -13.228, 8.491 ], [ -13.228, 8.491 ], [ -13.228, 8.491 ], [ -13.228, 8.491 ], [ -13.228, 8.492 ], [ -13.228, 8.491 ], [ -13.228, 8.491 ], [ -13.228, 8.491 ], [ -13.228, 8.491 ], [ -13.227, 8.491 ], [ -13.227, 8.491 ], [ -13.227, 8.492 ], [ -13.227, 8.492 ], [ -13.227, 8.492 ], [ -13.228, 8.492 ], [ -13.228, 8.492 ], [ -13.227, 8.492 ], [ -13.227, 8.492 ], [ -13.227, 8.492 ], [ -13.227, 8.492 ], [ -13.227, 8.492 ], [ -13.227, 8.492 ], [ -13.227, 8.492 ], [ -13.227, 8.492 ], [ -13.226, 8.492 ], [ -13.226, 8.492 ], [ -13.226, 8.492 ], [ -13.226, 8.491 ], [ -13.226, 8.491 ], [ -13.226, 8.491 ], [ -13.226, 8.491 ], [ -13.226, 8.491 ], [ -13.226, 8.491 ], [ -13.225, 8.491 ], [ -13.225, 8.491 ], [ -13.225, 8.491 ], [ -13.225, 8.491 ], [ -13.225, 8.491 ], [ -13.225, 8.491 ], [ -13.225, 8.491 ], [ -13.225, 8.491 ], [ -13.225, 8.491 ], [ -13.224, 8.491 ], [ -13.224, 8.491 ], [ -13.224, 8.491 ], [ -13.224, 8.491 ], [ -13.224, 8.491 ], [ -13.224, 8.491 ], [ -13.224, 8.491 ], [ -13.224, 8.491 ], [ -13.223, 8.491 ], [ -13.223, 8.491 ], [ -13.223, 8.49 ], [ -13.223, 8.491 ], [ -13.223, 8.491 ], [ -13.223, 8.491 ], [ -13.222, 8.491 ], [ -13.223, 8.491 ], [ -13.222, 8.491 ], [ -13.222, 8.491 ], [ -13.222, 8.491 ], [ -13.222, 8.491 ], [ -13.222, 8.491 ], [ -13.222, 8.491 ], [ -13.222, 8.491 ], [ -13.221, 8.491 ], [ -13.221, 8.491 ], [ -13.221, 8.491 ], [ -13.221, 8.491 ], [ -13.221, 8.491 ], [ -13.221, 8.491 ], [ -13.221, 8.491 ], [ -13.221, 8.491 ], [ -13.221, 8.491 ], [ -13.22, 8.491 ], [ -13.22, 8.491 ], [ -13.22, 8.491 ], [ -13.22, 8.491 ], [ -13.22, 8.491 ], [ -13.22, 8.491 ], [ -13.22, 8.491 ], [ -13.22, 8.491 ], [ -13.22, 8.491 ], [ -13.22, 8.491 ], [ -13.22, 8.491 ], [ -13.22, 8.491 ], [ -13.219, 8.491 ], [ -13.219, 8.491 ], [ -13.219, 8.491 ], [ -13.219, 8.491 ], [ -13.219, 8.491 ], [ -13.219, 8.491 ], [ -13.219, 8.491 ], [ -13.219, 8.491 ], [ -13.218, 8.491 ], [ -13.218, 8.491 ], [ -13.218, 8.491 ], [ -13.218, 8.491 ], [ -13.218, 8.491 ], [ -13.218, 8.492 ], [ -13.218, 8.492 ], [ -13.218, 8.492 ], [ -13.217, 8.492 ], [ -13.217, 8.492 ], [ -13.217, 8.492 ], [ -13.217, 8.492 ], [ -13.217, 8.492 ], [ -13.217, 8.492 ], [ -13.217, 8.492 ], [ -13.217, 8.492 ], [ -13.216, 8.492 ], [ -13.216, 8.493 ], [ -13.216, 8.493 ], [ -13.216, 8.493 ], [ -13.216, 8.493 ], [ -13.217, 8.493 ], [ -13.217, 8.493 ], [ -13.217, 8.494 ], [ -13.216, 8.494 ], [ -13.216, 8.494 ], [ -13.216, 8.494 ], [ -13.215, 8.494 ], [ -13.214, 8.494 ], [ -13.213, 8.494 ], [ -13.21, 8.494 ], [ -13.21, 8.494 ], [ -13.21, 8.494 ], [ -13.209, 8.493 ], [ -13.209, 8.493 ], [ -13.208, 8.492 ], [ -13.207, 8.492 ], [ -13.207, 8.492 ], [ -13.207, 8.491 ], [ -13.206, 8.491 ], [ -13.206, 8.491 ], [ -13.206, 8.491 ], [ -13.206, 8.491 ], [ -13.205, 8.491 ], [ -13.205, 8.491 ], [ -13.205, 8.491 ], [ -13.205, 8.491 ], [ -13.204, 8.491 ], [ -13.204, 8.491 ], [ -13.204, 8.491 ], [ -13.203, 8.491 ], [ -13.203, 8.491 ], [ -13.203, 8.49 ], [ -13.203, 8.49 ], [ -13.203, 8.49 ], [ -13.203, 8.49 ], [ -13.203, 8.489 ], [ -13.203, 8.489 ], [ -13.203, 8.489 ], [ -13.203, 8.489 ], [ -13.204, 8.488 ], [ -13.204, 8.488 ], [ -13.204, 8.488 ], [ -13.204, 8.488 ], [ -13.204, 8.488 ], [ -13.205, 8.487 ], [ -13.205, 8.488 ], [ -13.205, 8.487 ], [ -13.205, 8.487 ], [ -13.205, 8.487 ], [ -13.205, 8.487 ], [ -13.205, 8.488 ], [ -13.205, 8.488 ], [ -13.205, 8.488 ], [ -13.206, 8.488 ], [ -13.206, 8.488 ], [ -13.206, 8.488 ], [ -13.206, 8.488 ], [ -13.206, 8.488 ], [ -13.206, 8.488 ], [ -13.206, 8.488 ], [ -13.206, 8.488 ], [ -13.206, 8.488 ], [ -13.206, 8.488 ], [ -13.207, 8.488 ], [ -13.207, 8.488 ], [ -13.207, 8.487 ], [ -13.207, 8.487 ], [ -13.207, 8.487 ], [ -13.207, 8.487 ], [ -13.207, 8.487 ], [ -13.207, 8.487 ], [ -13.207, 8.487 ], [ -13.207, 8.487 ], [ -13.207, 8.487 ], [ -13.207, 8.487 ], [ -13.206, 8.487 ], [ -13.206, 8.487 ], [ -13.206, 8.486 ], [ -13.205, 8.486 ], [ -13.206, 8.486 ], [ -13.205, 8.486 ], [ -13.205, 8.486 ], [ -13.205, 8.486 ], [ -13.205, 8.486 ], [ -13.205, 8.486 ], [ -13.205, 8.486 ], [ -13.205, 8.486 ], [ -13.204, 8.486 ], [ -13.204, 8.485 ], [ -13.204, 8.485 ], [ -13.204, 8.485 ], [ -13.204, 8.486 ], [ -13.204, 8.486 ], [ -13.204, 8.486 ], [ -13.203, 8.486 ], [ -13.203, 8.486 ], [ -13.203, 8.486 ], [ -13.203, 8.486 ], [ -13.203, 8.485 ], [ -13.203, 8.485 ], [ -13.203, 8.485 ], [ -13.203, 8.485 ], [ -13.203, 8.485 ], [ -13.203, 8.485 ], [ -13.203, 8.485 ], [ -13.203, 8.485 ], [ -13.203, 8.485 ], [ -13.203, 8.484 ], [ -13.203, 8.484 ], [ -13.203, 8.484 ], [ -13.203, 8.483 ], [ -13.203, 8.483 ], [ -13.203, 8.483 ], [ -13.203, 8.483 ], [ -13.203, 8.483 ], [ -13.203, 8.483 ], [ -13.203, 8.483 ], [ -13.203, 8.482 ], [ -13.203, 8.482 ], [ -13.203, 8.482 ], [ -13.203, 8.482 ], [ -13.203, 8.482 ], [ -13.203, 8.482 ], [ -13.203, 8.481 ], [ -13.202, 8.481 ], [ -13.202, 8.481 ], [ -13.202, 8.481 ], [ -13.202, 8.481 ], [ -13.202, 8.481 ], [ -13.201, 8.481 ], [ -13.201, 8.481 ], [ -13.201, 8.481 ], [ -13.201, 8.481 ], [ -13.201, 8.481 ], [ -13.2, 8.481 ], [ -13.2, 8.482 ], [ -13.2, 8.482 ], [ -13.2, 8.482 ], [ -13.199, 8.482 ], [ -13.199, 8.482 ], [ -13.199, 8.482 ], [ -13.199, 8.481 ], [ -13.199, 8.481 ], [ -13.198, 8.481 ], [ -13.198, 8.481 ], [ -13.198, 8.481 ], [ -13.198, 8.481 ], [ -13.198, 8.481 ], [ -13.198, 8.481 ], [ -13.198, 8.481 ], [ -13.198, 8.481 ], [ -13.198, 8.481 ], [ -13.197, 8.481 ], [ -13.197, 8.481 ], [ -13.197, 8.481 ], [ -13.197, 8.481 ], [ -13.197, 8.48 ], [ -13.197, 8.48 ], [ -13.197, 8.48 ], [ -13.197, 8.48 ], [ -13.196, 8.481 ], [ -13.196, 8.481 ], [ -13.196, 8.481 ], [ -13.196, 8.481 ], [ -13.196, 8.481 ], [ -13.196, 8.481 ], [ -13.195, 8.481 ], [ -13.195, 8.481 ], [ -13.196, 8.481 ], [ -13.195, 8.482 ], [ -13.196, 8.482 ], [ -13.195, 8.482 ], [ -13.195, 8.482 ], [ -13.195, 8.482 ], [ -13.195, 8.482 ], [ -13.195, 8.482 ], [ -13.195, 8.482 ], [ -13.195, 8.482 ], [ -13.194, 8.482 ], [ -13.194, 8.482 ], [ -13.194, 8.482 ], [ -13.194, 8.483 ], [ -13.194, 8.483 ], [ -13.194, 8.483 ], [ -13.194, 8.482 ], [ -13.193, 8.482 ], [ -13.193, 8.482 ], [ -13.193, 8.482 ], [ -13.193, 8.482 ], [ -13.193, 8.482 ], [ -13.193, 8.482 ], [ -13.193, 8.481 ], [ -13.193, 8.481 ], [ -13.192, 8.481 ], [ -13.192, 8.481 ], [ -13.192, 8.481 ], [ -13.191, 8.481 ], [ -13.191, 8.481 ], [ -13.191, 8.481 ], [ -13.19, 8.481 ], [ -13.19, 8.481 ], [ -13.19, 8.481 ], [ -13.189, 8.481 ], [ -13.189, 8.481 ], [ -13.188, 8.482 ], [ -13.188, 8.482 ], [ -13.187, 8.482 ], [ -13.187, 8.482 ], [ -13.187, 8.482 ], [ -13.186, 8.482 ], [ -13.186, 8.482 ], [ -13.186, 8.482 ], [ -13.186, 8.481 ], [ -13.185, 8.481 ], [ -13.185, 8.481 ], [ -13.186, 8.479 ], [ -13.186, 8.479 ], [ -13.186, 8.479 ], [ -13.186, 8.478 ], [ -13.186, 8.479 ], [ -13.186, 8.478 ], [ -13.186, 8.478 ], [ -13.186, 8.478 ], [ -13.186, 8.478 ], [ -13.186, 8.477 ], [ -13.186, 8.477 ], [ -13.186, 8.477 ], [ -13.186, 8.477 ], [ -13.186, 8.477 ], [ -13.186, 8.477 ], [ -13.186, 8.477 ], [ -13.186, 8.477 ], [ -13.186, 8.477 ], [ -13.186, 8.477 ], [ -13.186, 8.477 ], [ -13.186, 8.478 ], [ -13.185, 8.478 ], [ -13.185, 8.478 ], [ -13.184, 8.478 ], [ -13.184, 8.478 ], [ -13.184, 8.478 ], [ -13.184, 8.478 ], [ -13.184, 8.478 ], [ -13.183, 8.478 ], [ -13.183, 8.478 ], [ -13.183, 8.478 ], [ -13.182, 8.478 ], [ -13.182, 8.478 ], [ -13.182, 8.477 ], [ -13.182, 8.477 ], [ -13.181, 8.476 ], [ -13.181, 8.476 ], [ -13.181, 8.476 ], [ -13.181, 8.475 ], [ -13.181, 8.475 ], [ -13.181, 8.475 ], [ -13.181, 8.475 ], [ -13.18, 8.474 ], [ -13.18, 8.474 ], [ -13.18, 8.474 ], [ -13.18, 8.474 ], [ -13.179, 8.473 ], [ -13.179, 8.473 ], [ -13.179, 8.473 ], [ -13.179, 8.473 ], [ -13.179, 8.473 ], [ -13.179, 8.473 ], [ -13.179, 8.473 ], [ -13.178, 8.473 ], [ -13.178, 8.473 ], [ -13.178, 8.473 ], [ -13.178, 8.473 ], [ -13.178, 8.473 ], [ -13.178, 8.472 ], [ -13.178, 8.472 ], [ -13.178, 8.472 ], [ -13.178, 8.472 ], [ -13.178, 8.472 ], [ -13.178, 8.472 ], [ -13.178, 8.472 ], [ -13.178, 8.472 ], [ -13.178, 8.472 ], [ -13.177, 8.472 ], [ -13.177, 8.472 ], [ -13.177, 8.472 ], [ -13.177, 8.471 ], [ -13.177, 8.471 ], [ -13.176, 8.471 ], [ -13.177, 8.471 ], [ -13.176, 8.471 ], [ -13.176, 8.471 ], [ -13.176, 8.471 ], [ -13.176, 8.47 ], [ -13.176, 8.47 ], [ -13.175, 8.47 ], [ -13.175, 8.47 ], [ -13.175, 8.47 ], [ -13.175, 8.47 ], [ -13.174, 8.47 ], [ -13.174, 8.47 ], [ -13.174, 8.47 ], [ -13.174, 8.47 ], [ -13.174, 8.469 ], [ -13.174, 8.469 ], [ -13.173, 8.469 ], [ -13.173, 8.469 ], [ -13.173, 8.469 ], [ -13.173, 8.469 ], [ -13.173, 8.468 ], [ -13.173, 8.469 ], [ -13.173, 8.468 ], [ -13.172, 8.468 ], [ -13.172, 8.468 ], [ -13.172, 8.468 ], [ -13.172, 8.467 ], [ -13.172, 8.467 ], [ -13.172, 8.467 ], [ -13.172, 8.467 ], [ -13.172, 8.467 ], [ -13.172, 8.467 ], [ -13.172, 8.467 ], [ -13.172, 8.467 ], [ -13.172, 8.467 ], [ -13.171, 8.467 ], [ -13.171, 8.466 ], [ -13.171, 8.466 ], [ -13.171, 8.466 ], [ -13.171, 8.466 ], [ -13.171, 8.466 ], [ -13.171, 8.466 ], [ -13.171, 8.466 ], [ -13.171, 8.466 ], [ -13.171, 8.466 ], [ -13.171, 8.466 ], [ -13.171, 8.466 ], [ -13.171, 8.466 ], [ -13.171, 8.465 ], [ -13.171, 8.465 ], [ -13.171, 8.465 ], [ -13.171, 8.465 ], [ -13.171, 8.465 ], [ -13.171, 8.465 ], [ -13.171, 8.465 ], [ -13.171, 8.464 ], [ -13.171, 8.464 ], [ -13.171, 8.464 ], [ -13.171, 8.464 ], [ -13.171, 8.464 ], [ -13.171, 8.464 ], [ -13.171, 8.464 ], [ -13.171, 8.464 ], [ -13.17, 8.463 ], [ -13.17, 8.463 ], [ -13.17, 8.463 ], [ -13.17, 8.463 ], [ -13.17, 8.463 ], [ -13.17, 8.463 ], [ -13.17, 8.463 ], [ -13.17, 8.462 ], [ -13.169, 8.462 ], [ -13.169, 8.462 ], [ -13.169, 8.462 ], [ -13.169, 8.462 ], [ -13.169, 8.461 ], [ -13.169, 8.461 ], [ -13.169, 8.461 ], [ -13.169, 8.461 ], [ -13.169, 8.46 ], [ -13.169, 8.46 ], [ -13.169, 8.459 ], [ -13.169, 8.459 ], [ -13.168, 8.459 ], [ -13.168, 8.459 ], [ -13.168, 8.458 ], [ -13.168, 8.458 ], [ -13.168, 8.458 ], [ -13.167, 8.458 ], [ -13.167, 8.458 ], [ -13.167, 8.457 ], [ -13.167, 8.457 ], [ -13.167, 8.457 ], [ -13.167, 8.457 ], [ -13.167, 8.457 ], [ -13.167, 8.457 ], [ -13.166, 8.456 ], [ -13.166, 8.456 ], [ -13.166, 8.456 ], [ -13.166, 8.456 ], [ -13.165, 8.457 ], [ -13.165, 8.457 ], [ -13.164, 8.457 ], [ -13.164, 8.456 ], [ -13.163, 8.456 ], [ -13.163, 8.456 ], [ -13.163, 8.456 ], [ -13.163, 8.456 ], [ -13.163, 8.456 ], [ -13.163, 8.456 ], [ -13.162, 8.456 ], [ -13.162, 8.456 ], [ -13.162, 8.456 ], [ -13.162, 8.456 ], [ -13.162, 8.456 ], [ -13.162, 8.455 ], [ -13.162, 8.455 ], [ -13.161, 8.455 ], [ -13.161, 8.455 ], [ -13.161, 8.455 ], [ -13.161, 8.455 ], [ -13.16, 8.454 ], [ -13.16, 8.454 ], [ -13.16, 8.454 ], [ -13.159, 8.453 ], [ -13.159, 8.453 ], [ -13.158, 8.453 ], [ -13.158, 8.453 ], [ -13.158, 8.452 ], [ -13.158, 8.452 ], [ -13.158, 8.452 ], [ -13.158, 8.452 ], [ -13.158, 8.452 ], [ -13.157, 8.451 ], [ -13.157, 8.451 ], [ -13.157, 8.451 ], [ -13.157, 8.451 ], [ -13.157, 8.451 ], [ -13.157, 8.45 ], [ -13.156, 8.45 ], [ -13.156, 8.45 ], [ -13.156, 8.45 ], [ -13.156, 8.45 ], [ -13.156, 8.449 ], [ -13.156, 8.449 ], [ -13.156, 8.449 ], [ -13.155, 8.449 ], [ -13.155, 8.449 ], [ -13.155, 8.448 ], [ -13.155, 8.448 ], [ -13.155, 8.448 ], [ -13.155, 8.448 ], [ -13.155, 8.448 ], [ -13.155, 8.447 ], [ -13.155, 8.447 ], [ -13.155, 8.447 ], [ -13.155, 8.447 ], [ -13.155, 8.447 ], [ -13.155, 8.446 ], [ -13.155, 8.446 ], [ -13.155, 8.446 ], [ -13.155, 8.446 ], [ -13.155, 8.446 ], [ -13.154, 8.446 ], [ -13.154, 8.446 ], [ -13.154, 8.446 ], [ -13.154, 8.446 ], [ -13.154, 8.445 ], [ -13.154, 8.445 ], [ -13.154, 8.445 ], [ -13.153, 8.443 ], [ -13.153, 8.443 ], [ -13.153, 8.443 ], [ -13.153, 8.443 ], [ -13.153, 8.442 ], [ -13.152, 8.442 ], [ -13.152, 8.442 ], [ -13.152, 8.441 ], [ -13.152, 8.441 ], [ -13.152, 8.441 ], [ -13.152, 8.441 ], [ -13.152, 8.441 ], [ -13.152, 8.44 ], [ -13.151, 8.44 ], [ -13.151, 8.44 ], [ -13.151, 8.44 ], [ -13.151, 8.439 ], [ -13.151, 8.439 ], [ -13.151, 8.439 ], [ -13.151, 8.438 ], [ -13.151, 8.438 ], [ -13.151, 8.438 ], [ -13.15, 8.438 ], [ -13.15, 8.438 ], [ -13.15, 8.438 ], [ -13.151, 8.438 ], [ -13.151, 8.437 ], [ -13.151, 8.437 ], [ -13.151, 8.437 ], [ -13.151, 8.438 ], [ -13.151, 8.438 ], [ -13.15, 8.438 ], [ -13.15, 8.437 ], [ -13.15, 8.437 ], [ -13.15, 8.437 ], [ -13.15, 8.437 ], [ -13.15, 8.437 ], [ -13.15, 8.437 ], [ -13.15, 8.437 ], [ -13.149, 8.437 ], [ -13.149, 8.437 ], [ -13.149, 8.436 ], [ -13.149, 8.436 ], [ -13.149, 8.436 ], [ -13.149, 8.436 ], [ -13.149, 8.436 ], [ -13.149, 8.436 ], [ -13.149, 8.435 ], [ -13.149, 8.435 ], [ -13.149, 8.435 ], [ -13.149, 8.435 ], [ -13.149, 8.435 ], [ -13.148, 8.435 ], [ -13.148, 8.435 ], [ -13.148, 8.435 ], [ -13.148, 8.434 ], [ -13.148, 8.434 ], [ -13.148, 8.434 ], [ -13.148, 8.434 ], [ -13.148, 8.434 ], [ -13.147, 8.434 ], [ -13.147, 8.434 ], [ -13.147, 8.433 ], [ -13.147, 8.433 ], [ -13.147, 8.433 ], [ -13.147, 8.433 ], [ -13.147, 8.433 ], [ -13.147, 8.433 ], [ -13.146, 8.432 ], [ -13.146, 8.432 ], [ -13.146, 8.432 ], [ -13.146, 8.432 ], [ -13.146, 8.432 ], [ -13.146, 8.432 ], [ -13.146, 8.432 ], [ -13.145, 8.431 ], [ -13.145, 8.431 ], [ -13.145, 8.431 ], [ -13.144, 8.431 ], [ -13.144, 8.431 ], [ -13.144, 8.43 ], [ -13.144, 8.43 ], [ -13.143, 8.43 ], [ -13.143, 8.43 ], [ -13.143, 8.43 ], [ -13.143, 8.43 ], [ -13.143, 8.43 ], [ -13.143, 8.429 ], [ -13.142, 8.429 ], [ -13.142, 8.429 ], [ -13.142, 8.429 ], [ -13.142, 8.428 ], [ -13.142, 8.428 ], [ -13.142, 8.428 ], [ -13.14, 8.427 ], [ -13.14, 8.426 ], [ -13.14, 8.426 ], [ -13.14, 8.426 ], [ -13.14, 8.426 ], [ -13.14, 8.426 ], [ -13.14, 8.426 ], [ -13.14, 8.426 ], [ -13.14, 8.426 ], [ -13.139, 8.426 ], [ -13.139, 8.426 ], [ -13.139, 8.426 ], [ -13.139, 8.426 ], [ -13.138, 8.426 ], [ -13.138, 8.426 ], [ -13.138, 8.426 ], [ -13.138, 8.426 ], [ -13.138, 8.426 ], [ -13.138, 8.426 ], [ -13.138, 8.426 ], [ -13.138, 8.426 ], [ -13.137, 8.425 ], [ -13.137, 8.425 ], [ -13.137, 8.425 ], [ -13.137, 8.425 ], [ -13.137, 8.425 ], [ -13.137, 8.425 ], [ -13.137, 8.425 ], [ -13.137, 8.425 ], [ -13.137, 8.425 ], [ -13.137, 8.425 ], [ -13.136, 8.425 ], [ -13.136, 8.425 ], [ -13.136, 8.425 ], [ -13.136, 8.425 ], [ -13.135, 8.425 ], [ -13.133, 8.426 ], [ -13.133, 8.427 ], [ -13.131, 8.428 ], [ -13.131, 8.427 ], [ -13.131, 8.427 ], [ -13.13, 8.426 ], [ -13.13, 8.426 ], [ -13.13, 8.426 ], [ -13.13, 8.426 ], [ -13.13, 8.426 ], [ -13.13, 8.425 ], [ -13.13, 8.425 ], [ -13.13, 8.425 ], [ -13.129, 8.425 ], [ -13.129, 8.424 ], [ -13.129, 8.424 ], [ -13.129, 8.424 ], [ -13.129, 8.423 ], [ -13.129, 8.423 ], [ -13.129, 8.422 ], [ -13.128, 8.422 ], [ -13.128, 8.422 ], [ -13.128, 8.421 ], [ -13.128, 8.421 ], [ -13.128, 8.421 ], [ -13.127, 8.42 ], [ -13.127, 8.42 ], [ -13.127, 8.42 ], [ -13.127, 8.42 ], [ -13.126, 8.42 ], [ -13.126, 8.42 ], [ -13.126, 8.419 ], [ -13.126, 8.419 ], [ -13.126, 8.418 ], [ -13.127, 8.418 ], [ -13.127, 8.418 ], [ -13.128, 8.418 ], [ -13.128, 8.418 ], [ -13.128, 8.418 ], [ -13.129, 8.418 ], [ -13.129, 8.418 ], [ -13.129, 8.418 ], [ -13.13, 8.418 ], [ -13.13, 8.418 ], [ -13.13, 8.418 ], [ -13.13, 8.418 ], [ -13.131, 8.418 ], [ -13.131, 8.418 ], [ -13.132, 8.419 ], [ -13.132, 8.419 ], [ -13.132, 8.418 ], [ -13.132, 8.418 ], [ -13.132, 8.418 ], [ -13.133, 8.418 ], [ -13.133, 8.418 ], [ -13.133, 8.418 ], [ -13.133, 8.418 ], [ -13.133, 8.417 ], [ -13.132, 8.417 ], [ -13.132, 8.416 ], [ -13.132, 8.416 ], [ -13.131, 8.416 ], [ -13.131, 8.416 ], [ -13.131, 8.415 ], [ -13.131, 8.414 ], [ -13.132, 8.414 ], [ -13.132, 8.414 ], [ -13.132, 8.414 ], [ -13.132, 8.414 ], [ -13.132, 8.414 ], [ -13.132, 8.413 ], [ -13.133, 8.413 ], [ -13.133, 8.413 ], [ -13.133, 8.413 ], [ -13.133, 8.413 ], [ -13.134, 8.413 ], [ -13.134, 8.413 ], [ -13.134, 8.413 ], [ -13.134, 8.413 ], [ -13.134, 8.413 ], [ -13.135, 8.413 ], [ -13.135, 8.413 ], [ -13.135, 8.414 ], [ -13.135, 8.414 ], [ -13.135, 8.415 ], [ -13.135, 8.415 ], [ -13.136, 8.415 ], [ -13.136, 8.415 ], [ -13.136, 8.415 ], [ -13.136, 8.415 ], [ -13.137, 8.415 ], [ -13.137, 8.415 ], [ -13.137, 8.414 ], [ -13.137, 8.414 ], [ -13.137, 8.413 ], [ -13.138, 8.413 ], [ -13.138, 8.413 ], [ -13.138, 8.412 ], [ -13.139, 8.412 ], [ -13.139, 8.412 ], [ -13.139, 8.411 ], [ -13.14, 8.411 ], [ -13.14, 8.41 ], [ -13.14, 8.409 ], [ -13.14, 8.409 ], [ -13.14, 8.408 ], [ -13.139, 8.408 ], [ -13.138, 8.407 ], [ -13.138, 8.407 ], [ -13.138, 8.407 ], [ -13.137, 8.407 ], [ -13.137, 8.406 ], [ -13.137, 8.406 ], [ -13.137, 8.405 ], [ -13.137, 8.405 ], [ -13.137, 8.405 ], [ -13.138, 8.405 ], [ -13.138, 8.405 ], [ -13.138, 8.404 ], [ -13.139, 8.404 ], [ -13.139, 8.404 ], [ -13.139, 8.403 ], [ -13.14, 8.402 ], [ -13.14, 8.401 ], [ -13.14, 8.401 ], [ -13.14, 8.401 ], [ -13.141, 8.4 ], [ -13.141, 8.4 ], [ -13.141, 8.4 ], [ -13.141, 8.4 ], [ -13.141, 8.4 ], [ -13.142, 8.399 ], [ -13.142, 8.399 ], [ -13.142, 8.399 ], [ -13.142, 8.399 ], [ -13.142, 8.399 ], [ -13.143, 8.399 ], [ -13.143, 8.399 ], [ -13.143, 8.399 ], [ -13.144, 8.399 ], [ -13.144, 8.399 ], [ -13.144, 8.399 ], [ -13.144, 8.399 ], [ -13.145, 8.399 ], [ -13.145, 8.399 ], [ -13.145, 8.399 ], [ -13.145, 8.399 ], [ -13.145, 8.398 ], [ -13.145, 8.398 ], [ -13.146, 8.398 ], [ -13.146, 8.398 ], [ -13.146, 8.398 ], [ -13.146, 8.398 ], [ -13.147, 8.398 ], [ -13.147, 8.398 ], [ -13.147, 8.398 ], [ -13.147, 8.398 ], [ -13.147, 8.398 ], [ -13.148, 8.398 ], [ -13.148, 8.398 ], [ -13.148, 8.398 ], [ -13.148, 8.398 ], [ -13.149, 8.398 ], [ -13.149, 8.398 ], [ -13.149, 8.398 ], [ -13.15, 8.398 ], [ -13.15, 8.398 ], [ -13.15, 8.398 ], [ -13.151, 8.398 ], [ -13.151, 8.399 ], [ -13.151, 8.399 ], [ -13.151, 8.399 ], [ -13.151, 8.399 ], [ -13.151, 8.399 ], [ -13.152, 8.399 ], [ -13.152, 8.399 ], [ -13.152, 8.399 ], [ -13.152, 8.399 ], [ -13.152, 8.399 ], [ -13.152, 8.399 ], [ -13.152, 8.399 ], [ -13.153, 8.399 ], [ -13.153, 8.4 ], [ -13.153, 8.399 ], [ -13.153, 8.399 ], [ -13.153, 8.399 ], [ -13.154, 8.399 ], [ -13.155, 8.399 ], [ -13.155, 8.4 ], [ -13.155, 8.4 ], [ -13.155, 8.4 ], [ -13.156, 8.4 ], [ -13.156, 8.4 ], [ -13.156, 8.4 ], [ -13.156, 8.4 ], [ -13.156, 8.4 ], [ -13.157, 8.4 ], [ -13.157, 8.4 ], [ -13.158, 8.4 ], [ -13.158, 8.4 ], [ -13.158, 8.4 ], [ -13.158, 8.4 ], [ -13.159, 8.4 ], [ -13.159, 8.4 ], [ -13.159, 8.401 ], [ -13.159, 8.401 ], [ -13.159, 8.401 ], [ -13.16, 8.401 ], [ -13.16, 8.401 ], [ -13.16, 8.401 ], [ -13.16, 8.401 ], [ -13.16, 8.401 ], [ -13.161, 8.401 ], [ -13.162, 8.401 ], [ -13.162, 8.401 ], [ -13.162, 8.401 ], [ -13.162, 8.401 ], [ -13.162, 8.402 ], [ -13.162, 8.402 ], [ -13.161, 8.402 ], [ -13.161, 8.403 ], [ -13.161, 8.403 ], [ -13.161, 8.403 ], [ -13.161, 8.403 ], [ -13.162, 8.403 ], [ -13.162, 8.404 ], [ -13.162, 8.404 ], [ -13.162, 8.404 ], [ -13.163, 8.404 ], [ -13.163, 8.404 ], [ -13.163, 8.404 ], [ -13.164, 8.404 ], [ -13.164, 8.404 ], [ -13.165, 8.404 ], [ -13.165, 8.404 ], [ -13.165, 8.405 ], [ -13.165, 8.405 ], [ -13.166, 8.405 ], [ -13.166, 8.405 ], [ -13.166, 8.405 ], [ -13.166, 8.405 ], [ -13.166, 8.405 ], [ -13.166, 8.405 ], [ -13.166, 8.405 ], [ -13.167, 8.405 ], [ -13.167, 8.405 ], [ -13.167, 8.405 ], [ -13.167, 8.405 ], [ -13.167, 8.406 ], [ -13.167, 8.406 ], [ -13.167, 8.406 ], [ -13.167, 8.406 ], [ -13.167, 8.407 ], [ -13.167, 8.407 ], [ -13.167, 8.407 ], [ -13.167, 8.407 ], [ -13.168, 8.407 ], [ -13.168, 8.407 ], [ -13.169, 8.407 ], [ -13.169, 8.408 ], [ -13.169, 8.408 ], [ -13.169, 8.409 ], [ -13.17, 8.409 ], [ -13.17, 8.409 ], [ -13.17, 8.409 ], [ -13.17, 8.409 ], [ -13.17, 8.409 ], [ -13.171, 8.408 ], [ -13.171, 8.408 ], [ -13.171, 8.408 ], [ -13.171, 8.408 ], [ -13.172, 8.408 ], [ -13.172, 8.408 ], [ -13.172, 8.408 ], [ -13.172, 8.408 ], [ -13.172, 8.408 ], [ -13.172, 8.409 ], [ -13.173, 8.409 ], [ -13.173, 8.409 ], [ -13.173, 8.409 ], [ -13.173, 8.409 ], [ -13.173, 8.409 ], [ -13.173, 8.409 ], [ -13.173, 8.409 ], [ -13.174, 8.409 ], [ -13.174, 8.409 ], [ -13.174, 8.409 ], [ -13.174, 8.409 ], [ -13.174, 8.41 ], [ -13.174, 8.41 ], [ -13.174, 8.41 ], [ -13.175, 8.41 ], [ -13.175, 8.41 ], [ -13.175, 8.41 ], [ -13.175, 8.41 ], [ -13.175, 8.41 ], [ -13.176, 8.41 ], [ -13.176, 8.411 ], [ -13.176, 8.411 ], [ -13.176, 8.411 ], [ -13.176, 8.411 ], [ -13.176, 8.411 ], [ -13.176, 8.411 ], [ -13.176, 8.411 ], [ -13.176, 8.412 ], [ -13.176, 8.412 ], [ -13.176, 8.412 ], [ -13.176, 8.412 ], [ -13.176, 8.412 ], [ -13.176, 8.412 ], [ -13.176, 8.412 ], [ -13.176, 8.412 ], [ -13.177, 8.412 ], [ -13.177, 8.412 ], [ -13.177, 8.413 ], [ -13.177, 8.413 ], [ -13.177, 8.413 ], [ -13.178, 8.413 ], [ -13.178, 8.413 ], [ -13.178, 8.413 ], [ -13.178, 8.413 ], [ -13.178, 8.413 ], [ -13.179, 8.414 ], [ -13.179, 8.414 ], [ -13.179, 8.414 ], [ -13.179, 8.416 ], [ -13.179, 8.418 ], [ -13.179, 8.418 ], [ -13.179, 8.419 ], [ -13.18, 8.419 ], [ -13.18, 8.421 ], [ -13.18, 8.421 ], [ -13.18, 8.422 ], [ -13.18, 8.423 ], [ -13.18, 8.424 ], [ -13.179, 8.425 ], [ -13.179, 8.426 ], [ -13.179, 8.427 ], [ -13.181, 8.429 ], [ -13.182, 8.43 ], [ -13.182, 8.431 ], [ -13.182, 8.431 ], [ -13.183, 8.432 ], [ -13.183, 8.432 ], [ -13.184, 8.434 ], [ -13.185, 8.434 ], [ -13.185, 8.434 ], [ -13.186, 8.435 ], [ -13.188, 8.438 ], [ -13.188, 8.438 ], [ -13.19, 8.439 ], [ -13.19, 8.44 ], [ -13.192, 8.441 ], [ -13.193, 8.443 ], [ -13.194, 8.444 ], [ -13.194, 8.445 ], [ -13.194, 8.445 ], [ -13.196, 8.447 ], [ -13.196, 8.447 ], [ -13.198, 8.45 ], [ -13.199, 8.451 ], [ -13.199, 8.453 ], [ -13.2, 8.454 ], [ -13.201, 8.454 ], [ -13.202, 8.455 ], [ -13.203, 8.455 ], [ -13.204, 8.457 ], [ -13.205, 8.457 ], [ -13.205, 8.458 ], [ -13.207, 8.46 ], [ -13.208, 8.46 ], [ -13.208, 8.46 ], [ -13.208, 8.46 ], [ -13.208, 8.46 ], [ -13.208, 8.46 ], [ -13.208, 8.46 ], [ -13.208, 8.459 ], [ -13.208, 8.459 ], [ -13.208, 8.459 ], [ -13.209, 8.459 ], [ -13.209, 8.459 ], [ -13.209, 8.459 ], [ -13.209, 8.459 ], [ -13.209, 8.459 ], [ -13.209, 8.459 ], [ -13.209, 8.459 ], [ -13.209, 8.459 ], [ -13.21, 8.459 ], [ -13.21, 8.459 ], [ -13.21, 8.46 ], [ -13.21, 8.46 ], [ -13.21, 8.46 ], [ -13.21, 8.46 ], [ -13.21, 8.46 ], [ -13.21, 8.46 ], [ -13.21, 8.461 ], [ -13.21, 8.461 ], [ -13.21, 8.461 ], [ -13.21, 8.461 ], [ -13.21, 8.461 ], [ -13.21, 8.461 ], [ -13.21, 8.462 ], [ -13.21, 8.462 ], [ -13.21, 8.462 ], [ -13.21, 8.462 ], [ -13.211, 8.462 ], [ -13.211, 8.462 ], [ -13.211, 8.462 ], [ -13.211, 8.463 ], [ -13.211, 8.463 ], [ -13.211, 8.463 ], [ -13.211, 8.463 ], [ -13.211, 8.463 ], [ -13.211, 8.463 ], [ -13.211, 8.463 ], [ -13.211, 8.464 ], [ -13.211, 8.464 ], [ -13.211, 8.464 ], [ -13.211, 8.464 ], [ -13.212, 8.464 ], [ -13.212, 8.464 ], [ -13.212, 8.464 ], [ -13.212, 8.465 ], [ -13.212, 8.465 ], [ -13.212, 8.465 ], [ -13.212, 8.465 ], [ -13.212, 8.465 ], [ -13.212, 8.465 ], [ -13.212, 8.466 ], [ -13.212, 8.466 ], [ -13.212, 8.466 ], [ -13.213, 8.466 ], [ -13.213, 8.466 ], [ -13.213, 8.466 ], [ -13.213, 8.466 ], [ -13.213, 8.466 ], [ -13.213, 8.467 ], [ -13.213, 8.467 ], [ -13.213, 8.467 ], [ -13.213, 8.467 ], [ -13.213, 8.467 ], [ -13.213, 8.467 ], [ -13.212, 8.467 ], [ -13.212, 8.467 ], [ -13.212, 8.467 ], [ -13.212, 8.467 ], [ -13.212, 8.468 ], [ -13.212, 8.468 ], [ -13.212, 8.468 ], [ -13.212, 8.468 ], [ -13.212, 8.468 ], [ -13.212, 8.468 ], [ -13.212, 8.468 ], [ -13.212, 8.469 ], [ -13.212, 8.469 ], [ -13.212, 8.469 ], [ -13.212, 8.469 ], [ -13.212, 8.469 ], [ -13.212, 8.469 ], [ -13.212, 8.469 ], [ -13.212, 8.47 ], [ -13.212, 8.47 ], [ -13.213, 8.47 ], [ -13.213, 8.47 ], [ -13.213, 8.47 ], [ -13.213, 8.47 ], [ -13.213, 8.47 ], [ -13.213, 8.47 ], [ -13.213, 8.47 ], [ -13.213, 8.471 ], [ -13.213, 8.471 ], [ -13.213, 8.471 ], [ -13.213, 8.471 ], [ -13.214, 8.471 ], [ -13.214, 8.471 ], [ -13.214, 8.471 ], [ -13.214, 8.471 ], [ -13.214, 8.471 ], [ -13.214, 8.472 ], [ -13.214, 8.472 ], [ -13.214, 8.472 ], [ -13.214, 8.472 ], [ -13.214, 8.472 ], [ -13.214, 8.472 ], [ -13.214, 8.472 ], [ -13.214, 8.473 ], [ -13.214, 8.473 ], [ -13.214, 8.473 ], [ -13.214, 8.473 ], [ -13.213, 8.473 ], [ -13.213, 8.473 ], [ -13.214, 8.473 ], [ -13.214, 8.474 ], [ -13.214, 8.474 ], [ -13.214, 8.474 ], [ -13.214, 8.474 ], [ -13.214, 8.474 ], [ -13.214, 8.474 ], [ -13.215, 8.474 ], [ -13.215, 8.474 ], [ -13.215, 8.474 ], [ -13.215, 8.475 ], [ -13.215, 8.475 ], [ -13.215, 8.475 ], [ -13.215, 8.475 ], [ -13.215, 8.475 ], [ -13.216, 8.475 ], [ -13.216, 8.475 ], [ -13.216, 8.476 ], [ -13.216, 8.476 ], [ -13.216, 8.476 ], [ -13.216, 8.476 ], [ -13.216, 8.476 ], [ -13.216, 8.476 ], [ -13.216, 8.477 ], [ -13.216, 8.477 ], [ -13.216, 8.477 ], [ -13.216, 8.477 ], [ -13.216, 8.477 ], [ -13.216, 8.477 ], [ -13.216, 8.477 ], [ -13.216, 8.478 ], [ -13.216, 8.478 ], [ -13.217, 8.477 ], [ -13.217, 8.478 ], [ -13.217, 8.478 ], [ -13.218, 8.478 ], [ -13.218, 8.478 ], [ -13.219, 8.478 ], [ -13.219, 8.479 ], [ -13.219, 8.479 ], [ -13.219, 8.479 ], [ -13.219, 8.479 ], [ -13.219, 8.479 ], [ -13.22, 8.479 ], [ -13.22, 8.479 ], [ -13.22, 8.479 ], [ -13.22, 8.48 ], [ -13.22, 8.48 ], [ -13.221, 8.48 ], [ -13.221, 8.48 ], [ -13.221, 8.48 ], [ -13.221, 8.48 ], [ -13.221, 8.48 ], [ -13.221, 8.48 ], [ -13.222, 8.48 ], [ -13.222, 8.48 ], [ -13.222, 8.481 ], [ -13.222, 8.481 ], [ -13.222, 8.481 ], [ -13.222, 8.481 ], [ -13.222, 8.482 ], [ -13.222, 8.482 ], [ -13.222, 8.482 ], [ -13.222, 8.482 ], [ -13.223, 8.482 ], [ -13.223, 8.482 ], [ -13.223, 8.482 ], [ -13.223, 8.483 ], [ -13.223, 8.483 ], [ -13.223, 8.483 ], [ -13.223, 8.483 ], [ -13.223, 8.483 ], [ -13.224, 8.483 ], [ -13.224, 8.483 ], [ -13.224, 8.483 ], [ -13.224, 8.483 ], [ -13.224, 8.483 ], [ -13.224, 8.482 ], [ -13.224, 8.482 ], [ -13.224, 8.482 ], [ -13.224, 8.482 ], [ -13.224, 8.482 ], [ -13.224, 8.481 ], [ -13.224, 8.481 ], [ -13.224, 8.481 ], [ -13.225, 8.481 ], [ -13.225, 8.481 ], [ -13.225, 8.48 ], [ -13.225, 8.48 ], [ -13.225, 8.48 ], [ -13.225, 8.48 ], [ -13.225, 8.48 ], [ -13.225, 8.48 ], [ -13.225, 8.479 ], [ -13.225, 8.479 ], [ -13.225, 8.479 ], [ -13.225, 8.479 ], [ -13.225, 8.479 ], [ -13.225, 8.479 ], [ -13.225, 8.479 ], [ -13.225, 8.478 ], [ -13.225, 8.478 ], [ -13.225, 8.478 ], [ -13.225, 8.478 ], [ -13.225, 8.478 ], [ -13.225, 8.478 ], [ -13.224, 8.477 ], [ -13.224, 8.477 ], [ -13.223, 8.476 ], [ -13.223, 8.476 ], [ -13.223, 8.476 ], [ -13.222, 8.475 ], [ -13.222, 8.475 ], [ -13.222, 8.474 ], [ -13.222, 8.474 ], [ -13.222, 8.473 ], [ -13.222, 8.473 ], [ -13.222, 8.473 ], [ -13.221, 8.473 ], [ -13.221, 8.472 ], [ -13.222, 8.472 ], [ -13.221, 8.472 ], [ -13.221, 8.472 ], [ -13.221, 8.472 ], [ -13.222, 8.471 ], [ -13.222, 8.471 ], [ -13.222, 8.47 ], [ -13.223, 8.47 ], [ -13.223, 8.47 ], [ -13.223, 8.469 ], [ -13.223, 8.469 ], [ -13.223, 8.469 ], [ -13.223, 8.468 ], [ -13.222, 8.468 ], [ -13.222, 8.468 ], [ -13.223, 8.468 ], [ -13.223, 8.468 ], [ -13.223, 8.469 ], [ -13.223, 8.469 ], [ -13.224, 8.468 ], [ -13.224, 8.468 ], [ -13.224, 8.468 ], [ -13.224, 8.468 ], [ -13.224, 8.468 ], [ -13.224, 8.468 ], [ -13.224, 8.467 ], [ -13.223, 8.467 ], [ -13.223, 8.467 ], [ -13.223, 8.467 ], [ -13.223, 8.466 ], [ -13.223, 8.466 ], [ -13.224, 8.466 ], [ -13.224, 8.466 ], [ -13.224, 8.466 ], [ -13.224, 8.466 ], [ -13.224, 8.466 ], [ -13.224, 8.465 ], [ -13.224, 8.465 ], [ -13.224, 8.465 ], [ -13.224, 8.465 ], [ -13.224, 8.465 ], [ -13.224, 8.464 ], [ -13.224, 8.464 ], [ -13.224, 8.464 ], [ -13.224, 8.464 ], [ -13.224, 8.463 ], [ -13.224, 8.463 ], [ -13.224, 8.463 ], [ -13.224, 8.463 ], [ -13.224, 8.463 ], [ -13.224, 8.463 ], [ -13.224, 8.462 ], [ -13.224, 8.462 ], [ -13.224, 8.462 ], [ -13.224, 8.462 ], [ -13.224, 8.462 ], [ -13.224, 8.461 ], [ -13.225, 8.461 ], [ -13.225, 8.461 ], [ -13.225, 8.461 ], [ -13.224, 8.461 ], [ -13.224, 8.461 ], [ -13.224, 8.461 ], [ -13.224, 8.461 ], [ -13.224, 8.461 ], [ -13.224, 8.461 ], [ -13.223, 8.461 ], [ -13.223, 8.461 ], [ -13.223, 8.46 ], [ -13.224, 8.46 ], [ -13.224, 8.46 ], [ -13.224, 8.459 ], [ -13.224, 8.459 ], [ -13.224, 8.459 ], [ -13.225, 8.458 ], [ -13.225, 8.458 ], [ -13.225, 8.458 ], [ -13.225, 8.458 ], [ -13.225, 8.458 ], [ -13.225, 8.458 ], [ -13.226, 8.458 ], [ -13.226, 8.459 ], [ -13.226, 8.459 ], [ -13.226, 8.459 ], [ -13.226, 8.459 ], [ -13.226, 8.459 ], [ -13.227, 8.459 ], [ -13.227, 8.459 ], [ -13.227, 8.459 ], [ -13.227, 8.459 ], [ -13.227, 8.459 ], [ -13.227, 8.459 ], [ -13.228, 8.459 ], [ -13.228, 8.459 ], [ -13.228, 8.459 ], [ -13.229, 8.459 ], [ -13.229, 8.459 ], [ -13.229, 8.459 ], [ -13.229, 8.459 ], [ -13.23, 8.459 ], [ -13.23, 8.459 ], [ -13.23, 8.459 ], [ -13.23, 8.459 ], [ -13.23, 8.459 ], [ -13.231, 8.459 ], [ -13.231, 8.459 ], [ -13.231, 8.459 ], [ -13.231, 8.459 ], [ -13.231, 8.459 ], [ -13.231, 8.458 ], [ -13.231, 8.458 ], [ -13.232, 8.458 ], [ -13.232, 8.458 ], [ -13.232, 8.458 ], [ -13.232, 8.458 ], [ -13.232, 8.458 ], [ -13.232, 8.458 ], [ -13.232, 8.458 ], [ -13.232, 8.457 ], [ -13.232, 8.457 ], [ -13.233, 8.457 ], [ -13.233, 8.457 ], [ -13.233, 8.456 ], [ -13.233, 8.456 ], [ -13.233, 8.456 ], [ -13.233, 8.456 ], [ -13.233, 8.456 ], [ -13.233, 8.456 ], [ -13.233, 8.455 ], [ -13.233, 8.455 ], [ -13.234, 8.455 ], [ -13.234, 8.455 ], [ -13.234, 8.455 ], [ -13.234, 8.455 ], [ -13.235, 8.456 ], [ -13.235, 8.456 ], [ -13.235, 8.456 ], [ -13.235, 8.456 ], [ -13.236, 8.457 ], [ -13.236, 8.457 ], [ -13.236, 8.457 ], [ -13.236, 8.457 ], [ -13.236, 8.457 ], [ -13.236, 8.457 ], [ -13.236, 8.457 ], [ -13.236, 8.458 ], [ -13.237, 8.458 ], [ -13.237, 8.458 ], [ -13.237, 8.458 ], [ -13.237, 8.458 ], [ -13.237, 8.458 ], [ -13.237, 8.458 ], [ -13.238, 8.458 ], [ -13.238, 8.457 ], [ -13.239, 8.457 ], [ -13.24, 8.457 ], [ -13.24, 8.456 ], [ -13.24, 8.456 ], [ -13.24, 8.456 ], [ -13.24, 8.456 ], [ -13.241, 8.456 ], [ -13.241, 8.455 ], [ -13.241, 8.455 ], [ -13.242, 8.455 ], [ -13.242, 8.455 ], [ -13.242, 8.455 ], [ -13.242, 8.455 ], [ -13.242, 8.455 ], [ -13.242, 8.455 ], [ -13.243, 8.455 ], [ -13.243, 8.455 ], [ -13.244, 8.455 ], [ -13.244, 8.455 ], [ -13.244, 8.455 ], [ -13.244, 8.455 ], [ -13.244, 8.455 ], [ -13.244, 8.455 ], [ -13.245, 8.455 ], [ -13.245, 8.455 ], [ -13.245, 8.455 ], [ -13.245, 8.456 ], [ -13.246, 8.456 ], [ -13.246, 8.456 ], [ -13.246, 8.456 ], [ -13.246, 8.456 ], [ -13.246, 8.456 ], [ -13.246, 8.456 ], [ -13.246, 8.455 ], [ -13.246, 8.455 ], [ -13.246, 8.455 ], [ -13.246, 8.454 ], [ -13.246, 8.454 ], [ -13.246, 8.454 ], [ -13.246, 8.454 ], [ -13.246, 8.454 ], [ -13.246, 8.453 ], [ -13.246, 8.453 ], [ -13.246, 8.453 ], [ -13.246, 8.452 ], [ -13.246, 8.452 ], [ -13.246, 8.452 ], [ -13.246, 8.451 ], [ -13.246, 8.451 ], [ -13.247, 8.451 ], [ -13.247, 8.451 ], [ -13.247, 8.45 ], [ -13.247, 8.45 ], [ -13.247, 8.45 ], [ -13.247, 8.45 ], [ -13.246, 8.45 ], [ -13.246, 8.45 ], [ -13.246, 8.45 ], [ -13.246, 8.45 ], [ -13.245, 8.45 ], [ -13.245, 8.45 ], [ -13.245, 8.45 ], [ -13.245, 8.45 ], [ -13.245, 8.45 ], [ -13.244, 8.45 ], [ -13.244, 8.45 ], [ -13.244, 8.449 ], [ -13.244, 8.449 ], [ -13.244, 8.449 ], [ -13.243, 8.449 ], [ -13.243, 8.449 ], [ -13.243, 8.449 ], [ -13.243, 8.448 ], [ -13.243, 8.448 ], [ -13.243, 8.448 ], [ -13.243, 8.448 ], [ -13.243, 8.448 ], [ -13.242, 8.448 ], [ -13.242, 8.448 ], [ -13.242, 8.447 ], [ -13.242, 8.447 ], [ -13.242, 8.447 ], [ -13.241, 8.447 ], [ -13.241, 8.447 ], [ -13.241, 8.447 ], [ -13.241, 8.447 ], [ -13.241, 8.447 ], [ -13.24, 8.447 ], [ -13.24, 8.447 ], [ -13.24, 8.445 ], [ -13.239, 8.445 ], [ -13.239, 8.444 ], [ -13.239, 8.444 ], [ -13.24, 8.443 ], [ -13.24, 8.442 ], [ -13.241, 8.442 ], [ -13.241, 8.442 ], [ -13.242, 8.442 ], [ -13.242, 8.441 ], [ -13.243, 8.441 ], [ -13.243, 8.441 ], [ -13.243, 8.441 ], [ -13.243, 8.441 ], [ -13.243, 8.44 ], [ -13.243, 8.44 ], [ -13.243, 8.44 ], [ -13.243, 8.439 ], [ -13.243, 8.439 ], [ -13.244, 8.439 ], [ -13.244, 8.439 ], [ -13.244, 8.439 ], [ -13.245, 8.439 ], [ -13.248, 8.438 ], [ -13.248, 8.438 ], [ -13.248, 8.438 ], [ -13.249, 8.438 ], [ -13.249, 8.438 ], [ -13.249, 8.438 ], [ -13.25, 8.438 ], [ -13.251, 8.437 ], [ -13.253, 8.437 ], [ -13.255, 8.435 ], [ -13.255, 8.435 ], [ -13.255, 8.435 ], [ -13.258, 8.437 ], [ -13.258, 8.438 ], [ -13.259, 8.439 ], [ -13.259, 8.439 ], [ -13.262, 8.437 ], [ -13.262, 8.436 ], [ -13.263, 8.436 ], [ -13.263, 8.437 ], [ -13.263, 8.437 ], [ -13.264, 8.438 ], [ -13.264, 8.438 ], [ -13.264, 8.438 ], [ -13.264, 8.439 ], [ -13.264, 8.439 ], [ -13.264, 8.439 ], [ -13.264, 8.44 ], [ -13.264, 8.44 ], [ -13.264, 8.44 ], [ -13.264, 8.44 ], [ -13.264, 8.441 ], [ -13.264, 8.441 ], [ -13.264, 8.441 ], [ -13.264, 8.441 ], [ -13.264, 8.442 ], [ -13.265, 8.443 ], [ -13.265, 8.443 ], [ -13.266, 8.443 ], [ -13.266, 8.443 ], [ -13.267, 8.443 ], [ -13.267, 8.442 ], [ -13.267, 8.442 ], [ -13.267, 8.442 ], [ -13.267, 8.442 ], [ -13.268, 8.441 ], [ -13.268, 8.441 ], [ -13.268, 8.441 ], [ -13.268, 8.441 ], [ -13.268, 8.441 ], [ -13.269, 8.441 ], [ -13.269, 8.441 ], [ -13.269, 8.441 ], [ -13.27, 8.441 ], [ -13.27, 8.441 ], [ -13.27, 8.441 ], [ -13.27, 8.44 ], [ -13.27, 8.44 ], [ -13.271, 8.44 ], [ -13.271, 8.44 ], [ -13.271, 8.441 ], [ -13.271, 8.441 ], [ -13.271, 8.441 ], [ -13.271, 8.441 ], [ -13.271, 8.441 ], [ -13.272, 8.441 ], [ -13.272, 8.442 ], [ -13.272, 8.442 ], [ -13.273, 8.442 ], [ -13.274, 8.442 ], [ -13.274, 8.441 ], [ -13.274, 8.441 ], [ -13.274, 8.441 ], [ -13.274, 8.441 ], [ -13.274, 8.442 ], [ -13.275, 8.442 ], [ -13.275, 8.442 ], [ -13.275, 8.442 ], [ -13.276, 8.442 ], [ -13.276, 8.442 ], [ -13.276, 8.442 ], [ -13.276, 8.442 ], [ -13.276, 8.442 ], [ -13.277, 8.442 ], [ -13.277, 8.442 ], [ -13.278, 8.442 ], [ -13.278, 8.442 ], [ -13.278, 8.442 ], [ -13.279, 8.442 ], [ -13.279, 8.442 ], [ -13.28, 8.442 ], [ -13.28, 8.442 ], [ -13.28, 8.442 ], [ -13.28, 8.444 ], [ -13.28, 8.447 ], [ -13.28, 8.448 ], [ -13.28, 8.449 ], [ -13.28, 8.45 ], [ -13.28, 8.451 ], [ -13.28, 8.451 ], [ -13.281, 8.452 ], [ -13.281, 8.452 ], [ -13.281, 8.452 ], [ -13.281, 8.453 ], [ -13.281, 8.453 ], [ -13.28, 8.453 ], [ -13.28, 8.452 ], [ -13.279, 8.453 ], [ -13.279, 8.453 ], [ -13.279, 8.453 ], [ -13.279, 8.453 ], [ -13.279, 8.453 ], [ -13.28, 8.453 ], [ -13.28, 8.453 ], [ -13.28, 8.453 ], [ -13.28, 8.453 ], [ -13.28, 8.453 ], [ -13.279, 8.453 ], [ -13.279, 8.453 ], [ -13.279, 8.453 ], [ -13.279, 8.454 ], [ -13.279, 8.454 ], [ -13.278, 8.454 ], [ -13.278, 8.454 ], [ -13.278, 8.454 ], [ -13.278, 8.455 ], [ -13.279, 8.459 ], [ -13.279, 8.461 ], [ -13.279, 8.461 ], [ -13.28, 8.461 ], [ -13.28, 8.461 ], [ -13.28, 8.462 ], [ -13.28, 8.462 ], [ -13.28, 8.462 ], [ -13.28, 8.463 ], [ -13.28, 8.464 ], [ -13.281, 8.465 ], [ -13.281, 8.467 ], [ -13.281, 8.467 ], [ -13.282, 8.468 ], [ -13.282, 8.47 ], [ -13.283, 8.472 ], [ -13.283, 8.473 ], [ -13.284, 8.474 ], [ -13.284, 8.475 ], [ -13.284, 8.476 ], [ -13.284, 8.476 ], [ -13.285, 8.476 ], [ -13.285, 8.477 ], [ -13.285, 8.477 ], [ -13.285, 8.478 ], [ -13.286, 8.479 ], [ -13.286, 8.479 ], [ -13.286, 8.48 ], [ -13.286, 8.48 ], [ -13.287, 8.482 ], [ -13.289, 8.486 ], [ -13.29, 8.487 ], [ -13.29, 8.488 ], [ -13.29, 8.488 ], [ -13.291, 8.49 ], [ -13.292, 8.49 ], [ -13.293, 8.491 ], [ -13.293, 8.492 ], [ -13.294, 8.492 ], [ -13.295, 8.493 ], [ -13.295, 8.492 ], [ -13.295, 8.492 ], [ -13.295, 8.493 ], [ -13.296, 8.492 ], [ -13.296, 8.493 ], [ -13.297, 8.493 ], [ -13.297, 8.493 ], [ -13.297, 8.493 ], [ -13.297, 8.493 ], [ -13.298, 8.494 ], [ -13.298, 8.494 ], [ -13.298, 8.494 ], [ -13.298, 8.494 ], [ -13.299, 8.495 ], [ -13.298, 8.495 ], [ -13.298, 8.495 ], [ -13.298, 8.495 ], [ -13.298, 8.495 ], [ -13.298, 8.495 ], [ -13.298, 8.495 ], [ -13.298, 8.495 ], [ -13.298, 8.496 ], [ -13.298, 8.496 ], [ -13.298, 8.497 ], [ -13.297, 8.497 ], [ -13.297, 8.497 ], [ -13.297, 8.497 ], [ -13.297, 8.497 ], [ -13.297, 8.497 ], [ -13.297, 8.497 ], [ -13.297, 8.498 ], [ -13.297, 8.498 ], [ -13.297, 8.498 ], [ -13.297, 8.498 ], [ -13.297, 8.499 ], [ -13.297, 8.499 ], [ -13.297, 8.499 ], [ -13.297, 8.499 ], [ -13.296, 8.499 ], [ -13.296, 8.499 ], [ -13.296, 8.499 ], [ -13.296, 8.499 ], [ -13.296, 8.499 ], [ -13.296, 8.498 ], [ -13.296, 8.498 ], [ -13.296, 8.498 ], [ -13.296, 8.498 ], [ -13.296, 8.498 ], [ -13.296, 8.498 ], [ -13.296, 8.498 ], [ -13.295, 8.498 ], [ -13.295, 8.497 ], [ -13.295, 8.497 ], [ -13.295, 8.497 ], [ -13.295, 8.497 ], [ -13.294, 8.497 ], [ -13.294, 8.497 ], [ -13.294, 8.497 ], [ -13.294, 8.497 ], [ -13.294, 8.497 ], [ -13.294, 8.496 ], [ -13.294, 8.496 ], [ -13.294, 8.496 ], [ -13.294, 8.496 ], [ -13.294, 8.496 ], [ -13.294, 8.496 ], [ -13.294, 8.496 ], [ -13.295, 8.495 ], [ -13.295, 8.495 ], [ -13.295, 8.495 ], [ -13.294, 8.495 ], [ -13.294, 8.494 ], [ -13.294, 8.494 ], [ -13.293, 8.494 ], [ -13.293, 8.494 ], [ -13.293, 8.494 ], [ -13.292, 8.494 ], [ -13.292, 8.494 ], [ -13.291, 8.494 ], [ -13.291, 8.494 ], [ -13.292, 8.494 ], [ -13.292, 8.494 ], [ -13.291, 8.495 ], [ -13.291, 8.495 ], [ -13.291, 8.495 ], [ -13.291, 8.495 ], [ -13.292, 8.495 ], [ -13.292, 8.495 ], [ -13.292, 8.496 ], [ -13.292, 8.496 ], [ -13.292, 8.496 ], [ -13.292, 8.496 ], [ -13.292, 8.497 ], [ -13.292, 8.497 ], [ -13.292, 8.497 ], [ -13.292, 8.497 ], [ -13.291, 8.497 ], [ -13.291, 8.497 ], [ -13.291, 8.497 ], [ -13.291, 8.497 ], [ -13.291, 8.497 ], [ -13.291, 8.497 ], [ -13.291, 8.498 ], [ -13.291, 8.498 ], [ -13.291, 8.498 ], [ -13.291, 8.498 ], [ -13.291, 8.499 ], [ -13.291, 8.499 ], [ -13.29, 8.499 ], [ -13.29, 8.499 ], [ -13.29, 8.499 ], [ -13.29, 8.499 ], [ -13.289, 8.499 ], [ -13.289, 8.499 ], [ -13.289, 8.499 ], [ -13.289, 8.499 ], [ -13.288, 8.5 ], [ -13.288, 8.5 ], [ -13.287, 8.5 ], [ -13.287, 8.499 ], [ -13.287, 8.499 ], [ -13.286, 8.499 ], [ -13.286, 8.498 ], [ -13.286, 8.498 ], [ -13.286, 8.498 ], [ -13.286, 8.498 ], [ -13.286, 8.498 ], [ -13.286, 8.498 ], [ -13.286, 8.498 ], [ -13.286, 8.497 ], [ -13.286, 8.497 ], [ -13.285, 8.497 ], [ -13.285, 8.497 ], [ -13.285, 8.497 ], [ -13.285, 8.497 ], [ -13.285, 8.497 ], [ -13.285, 8.496 ], [ -13.285, 8.496 ], [ -13.285, 8.496 ], [ -13.285, 8.496 ], [ -13.284, 8.496 ], [ -13.284, 8.496 ], [ -13.284, 8.496 ], [ -13.285, 8.496 ], [ -13.284, 8.496 ], [ -13.284, 8.495 ], [ -13.284, 8.495 ], [ -13.283, 8.495 ], [ -13.283, 8.495 ], [ -13.283, 8.495 ], [ -13.283, 8.495 ], [ -13.283, 8.495 ], [ -13.283, 8.495 ], [ -13.283, 8.495 ], [ -13.283, 8.495 ], [ -13.283, 8.495 ], [ -13.283, 8.495 ], [ -13.283, 8.495 ], [ -13.283, 8.495 ], [ -13.283, 8.495 ], [ -13.283, 8.496 ], [ -13.282, 8.496 ], [ -13.282, 8.496 ], [ -13.282, 8.496 ], [ -13.282, 8.496 ], [ -13.282, 8.496 ], [ -13.282, 8.496 ], [ -13.282, 8.496 ], [ -13.281, 8.496 ], [ -13.281, 8.496 ], [ -13.281, 8.496 ], [ -13.281, 8.496 ], [ -13.281, 8.496 ], [ -13.281, 8.496 ], [ -13.281, 8.496 ], [ -13.281, 8.495 ], [ -13.28, 8.495 ], [ -13.28, 8.495 ], [ -13.28, 8.495 ], [ -13.28, 8.495 ], [ -13.28, 8.494 ], [ -13.281, 8.494 ], [ -13.28, 8.494 ], [ -13.28, 8.494 ], [ -13.28, 8.494 ], [ -13.28, 8.494 ], [ -13.28, 8.494 ], [ -13.279, 8.494 ], [ -13.279, 8.494 ], [ -13.279, 8.494 ], [ -13.279, 8.494 ], [ -13.279, 8.494 ], [ -13.279, 8.494 ], [ -13.279, 8.494 ], [ -13.279, 8.493 ], [ -13.278, 8.494 ], [ -13.278, 8.493 ], [ -13.278, 8.494 ], [ -13.278, 8.494 ], [ -13.278, 8.494 ], [ -13.278, 8.494 ], [ -13.277, 8.494 ], [ -13.277, 8.494 ], [ -13.277, 8.494 ], [ -13.277, 8.494 ], [ -13.277, 8.494 ], [ -13.277, 8.494 ], [ -13.277, 8.494 ], [ -13.277, 8.494 ], [ -13.276, 8.493 ], [ -13.276, 8.494 ], [ -13.276, 8.494 ], [ -13.276, 8.494 ], [ -13.276, 8.494 ], [ -13.276, 8.494 ], [ -13.276, 8.494 ], [ -13.276, 8.494 ], [ -13.276, 8.494 ], [ -13.275, 8.494 ], [ -13.275, 8.494 ], [ -13.275, 8.494 ], [ -13.275, 8.493 ], [ -13.275, 8.493 ], [ -13.275, 8.493 ], [ -13.274, 8.493 ], [ -13.274, 8.493 ], [ -13.274, 8.493 ], [ -13.274, 8.493 ], [ -13.274, 8.493 ], [ -13.274, 8.493 ], [ -13.274, 8.493 ], [ -13.275, 8.493 ], [ -13.275, 8.493 ], [ -13.275, 8.493 ], [ -13.275, 8.492 ], [ -13.275, 8.492 ], [ -13.275, 8.492 ], [ -13.275, 8.492 ], [ -13.276, 8.492 ], [ -13.276, 8.492 ], [ -13.277, 8.492 ], [ -13.277, 8.492 ], [ -13.277, 8.492 ], [ -13.278, 8.492 ], [ -13.278, 8.492 ], [ -13.278, 8.492 ], [ -13.278, 8.492 ], [ -13.279, 8.492 ], [ -13.279, 8.492 ], [ -13.279, 8.492 ], [ -13.279, 8.492 ], [ -13.279, 8.492 ], [ -13.28, 8.492 ], [ -13.28, 8.492 ], [ -13.28, 8.492 ], [ -13.28, 8.492 ], [ -13.28, 8.491 ], [ -13.28, 8.491 ], [ -13.281, 8.491 ], [ -13.281, 8.491 ], [ -13.281, 8.491 ], [ -13.282, 8.49 ], [ -13.282, 8.49 ], [ -13.282, 8.49 ], [ -13.282, 8.49 ], [ -13.282, 8.49 ], [ -13.282, 8.489 ], [ -13.282, 8.489 ], [ -13.282, 8.489 ], [ -13.283, 8.489 ], [ -13.282, 8.489 ], [ -13.283, 8.488 ], [ -13.283, 8.488 ], [ -13.283, 8.488 ], [ -13.283, 8.487 ], [ -13.283, 8.487 ], [ -13.283, 8.487 ], [ -13.284, 8.486 ], [ -13.283, 8.487 ], [ -13.283, 8.487 ], [ -13.283, 8.487 ], [ -13.282, 8.487 ], [ -13.282, 8.487 ], [ -13.281, 8.487 ], [ -13.28, 8.486 ], [ -13.28, 8.485 ], [ -13.28, 8.484 ], [ -13.28, 8.484 ], [ -13.28, 8.483 ], [ -13.28, 8.483 ], [ -13.281, 8.483 ], [ -13.28, 8.483 ], [ -13.28, 8.483 ], [ -13.28, 8.483 ], [ -13.28, 8.482 ], [ -13.28, 8.481 ], [ -13.279, 8.481 ], [ -13.28, 8.48 ], [ -13.279, 8.479 ], [ -13.28, 8.479 ], [ -13.281, 8.478 ], [ -13.281, 8.477 ], [ -13.281, 8.476 ], [ -13.28, 8.475 ], [ -13.28, 8.474 ], [ -13.28, 8.474 ], [ -13.281, 8.474 ], [ -13.281, 8.473 ], [ -13.281, 8.473 ], [ -13.281, 8.472 ], [ -13.281, 8.471 ], [ -13.281, 8.471 ], [ -13.28, 8.47 ], [ -13.28, 8.469 ], [ -13.28, 8.469 ], [ -13.279, 8.469 ], [ -13.279, 8.468 ], [ -13.278, 8.468 ], [ -13.278, 8.468 ], [ -13.278, 8.468 ], [ -13.277, 8.468 ], [ -13.277, 8.468 ], [ -13.277, 8.468 ], [ -13.278, 8.469 ], [ -13.278, 8.469 ], [ -13.278, 8.469 ], [ -13.278, 8.469 ], [ -13.279, 8.47 ], [ -13.279, 8.47 ], [ -13.279, 8.47 ], [ -13.279, 8.47 ], [ -13.279, 8.47 ], [ -13.279, 8.471 ], [ -13.279, 8.471 ], [ -13.279, 8.471 ], [ -13.279, 8.471 ], [ -13.279, 8.472 ], [ -13.279, 8.472 ], [ -13.279, 8.472 ], [ -13.279, 8.472 ], [ -13.279, 8.473 ], [ -13.279, 8.473 ], [ -13.279, 8.473 ], [ -13.279, 8.473 ], [ -13.279, 8.474 ], [ -13.279, 8.474 ], [ -13.279, 8.474 ], [ -13.279, 8.474 ], [ -13.279, 8.474 ], [ -13.279, 8.474 ], [ -13.279, 8.474 ], [ -13.279, 8.475 ], [ -13.278, 8.475 ], [ -13.278, 8.475 ], [ -13.278, 8.475 ], [ -13.278, 8.475 ], [ -13.278, 8.476 ], [ -13.278, 8.476 ], [ -13.278, 8.476 ], [ -13.278, 8.476 ], [ -13.278, 8.476 ], [ -13.278, 8.476 ], [ -13.278, 8.476 ], [ -13.278, 8.477 ], [ -13.278, 8.477 ], [ -13.278, 8.477 ], [ -13.278, 8.477 ], [ -13.278, 8.477 ], [ -13.277, 8.477 ], [ -13.277, 8.477 ], [ -13.277, 8.478 ], [ -13.277, 8.478 ], [ -13.277, 8.478 ], [ -13.277, 8.478 ], [ -13.276, 8.478 ], [ -13.276, 8.478 ], [ -13.276, 8.478 ], [ -13.277, 8.478 ], [ -13.276, 8.478 ], [ -13.277, 8.478 ], [ -13.276, 8.479 ], [ -13.276, 8.478 ], [ -13.276, 8.478 ], [ -13.276, 8.479 ], [ -13.276, 8.479 ], [ -13.276, 8.479 ], [ -13.276, 8.479 ], [ -13.277, 8.48 ], [ -13.276, 8.48 ], [ -13.276, 8.48 ], [ -13.277, 8.48 ], [ -13.277, 8.48 ], [ -13.277, 8.48 ], [ -13.277, 8.48 ], [ -13.277, 8.48 ], [ -13.277, 8.48 ], [ -13.277, 8.481 ], [ -13.277, 8.481 ], [ -13.277, 8.481 ], [ -13.277, 8.481 ], [ -13.277, 8.481 ], [ -13.277, 8.481 ], [ -13.277, 8.481 ], [ -13.276, 8.481 ], [ -13.277, 8.481 ], [ -13.277, 8.481 ], [ -13.277, 8.481 ], [ -13.277, 8.482 ], [ -13.277, 8.482 ], [ -13.277, 8.482 ], [ -13.277, 8.482 ], [ -13.277, 8.482 ], [ -13.277, 8.482 ], [ -13.277, 8.482 ], [ -13.276, 8.482 ], [ -13.276, 8.482 ], [ -13.276, 8.483 ], [ -13.276, 8.483 ], [ -13.276, 8.483 ], [ -13.276, 8.483 ], [ -13.275, 8.483 ], [ -13.275, 8.482 ], [ -13.275, 8.482 ], [ -13.275, 8.483 ], [ -13.275, 8.483 ], [ -13.275, 8.483 ], [ -13.275, 8.483 ], [ -13.275, 8.483 ], [ -13.275, 8.483 ], [ -13.275, 8.483 ], [ -13.275, 8.483 ], [ -13.275, 8.483 ], [ -13.275, 8.484 ], [ -13.275, 8.484 ], [ -13.275, 8.484 ], [ -13.275, 8.484 ], [ -13.274, 8.484 ], [ -13.274, 8.484 ], [ -13.274, 8.484 ], [ -13.274, 8.484 ], [ -13.275, 8.484 ], [ -13.275, 8.484 ], [ -13.275, 8.484 ], [ -13.275, 8.484 ], [ -13.275, 8.484 ], [ -13.275, 8.485 ], [ -13.275, 8.485 ], [ -13.275, 8.485 ], [ -13.274, 8.485 ], [ -13.275, 8.485 ], [ -13.275, 8.485 ], [ -13.275, 8.485 ], [ -13.275, 8.485 ], [ -13.275, 8.485 ], [ -13.275, 8.485 ], [ -13.275, 8.486 ], [ -13.275, 8.486 ], [ -13.275, 8.486 ], [ -13.275, 8.486 ], [ -13.275, 8.486 ], [ -13.274, 8.486 ], [ -13.274, 8.486 ], [ -13.274, 8.486 ], [ -13.274, 8.486 ], [ -13.274, 8.486 ], [ -13.274, 8.486 ], [ -13.274, 8.486 ], [ -13.274, 8.486 ], [ -13.274, 8.486 ], [ -13.274, 8.486 ], [ -13.274, 8.487 ], [ -13.274, 8.487 ], [ -13.274, 8.487 ], [ -13.274, 8.487 ], [ -13.274, 8.488 ], [ -13.274, 8.488 ], [ -13.274, 8.488 ], [ -13.274, 8.488 ], [ -13.274, 8.488 ], [ -13.274, 8.488 ], [ -13.274, 8.488 ], [ -13.274, 8.488 ], [ -13.274, 8.488 ], [ -13.274, 8.489 ], [ -13.274, 8.489 ], [ -13.273, 8.489 ], [ -13.273, 8.489 ], [ -13.273, 8.489 ], [ -13.273, 8.489 ], [ -13.273, 8.49 ], [ -13.273, 8.49 ], [ -13.272, 8.49 ], [ -13.272, 8.491 ], [ -13.272, 8.491 ], [ -13.272, 8.491 ], [ -13.273, 8.492 ], [ -13.272, 8.492 ], [ -13.272, 8.492 ], [ -13.272, 8.492 ], [ -13.272, 8.492 ], [ -13.272, 8.492 ], [ -13.272, 8.492 ], [ -13.273, 8.492 ], [ -13.273, 8.492 ], [ -13.273, 8.493 ], [ -13.273, 8.493 ], [ -13.272, 8.493 ], [ -13.272, 8.492 ], [ -13.272, 8.493 ], [ -13.272, 8.493 ], [ -13.272, 8.493 ], [ -13.272, 8.493 ], [ -13.272, 8.493 ], [ -13.271, 8.493 ], [ -13.271, 8.494 ], [ -13.271, 8.494 ], [ -13.271, 8.494 ], [ -13.271, 8.494 ], [ -13.271, 8.494 ], [ -13.271, 8.495 ], [ -13.271, 8.495 ], [ -13.271, 8.495 ], [ -13.271, 8.495 ], [ -13.271, 8.495 ], [ -13.27, 8.495 ], [ -13.27, 8.496 ], [ -13.27, 8.496 ], [ -13.27, 8.496 ], [ -13.269, 8.496 ], [ -13.269, 8.496 ], [ -13.269, 8.497 ], [ -13.269, 8.497 ], [ -13.268, 8.497 ], [ -13.268, 8.497 ], [ -13.268, 8.497 ], [ -13.268, 8.497 ], [ -13.268, 8.497 ], [ -13.268, 8.497 ], [ -13.268, 8.497 ], [ -13.267, 8.497 ], [ -13.267, 8.497 ], [ -13.267, 8.496 ], [ -13.267, 8.496 ], [ -13.267, 8.497 ], [ -13.267, 8.496 ], [ -13.267, 8.497 ], [ -13.266, 8.497 ], [ -13.266, 8.497 ], [ -13.266, 8.496 ], [ -13.266, 8.496 ], [ -13.265, 8.496 ], [ -13.265, 8.496 ], [ -13.265, 8.496 ], [ -13.265, 8.496 ], [ -13.265, 8.496 ], [ -13.265, 8.496 ], [ -13.264, 8.496 ], [ -13.264, 8.496 ], [ -13.264, 8.495 ], [ -13.264, 8.495 ], [ -13.263, 8.495 ], [ -13.263, 8.495 ], [ -13.263, 8.494 ], [ -13.263, 8.494 ], [ -13.263, 8.494 ], [ -13.262, 8.494 ], [ -13.262, 8.494 ], [ -13.262, 8.494 ], [ -13.262, 8.494 ], [ -13.262, 8.494 ], [ -13.262, 8.494 ], [ -13.262, 8.494 ], [ -13.262, 8.494 ], [ -13.262, 8.494 ], [ -13.261, 8.494 ], [ -13.262, 8.493 ], [ -13.262, 8.494 ], [ -13.261, 8.493 ], [ -13.261, 8.493 ], [ -13.261, 8.493 ], [ -13.261, 8.493 ], [ -13.261, 8.493 ], [ -13.261, 8.493 ], [ -13.261, 8.492 ], [ -13.26, 8.492 ], [ -13.261, 8.492 ], [ -13.26, 8.492 ], [ -13.26, 8.492 ], [ -13.26, 8.491 ], [ -13.26, 8.491 ], [ -13.26, 8.491 ], [ -13.26, 8.491 ], [ -13.26, 8.491 ], [ -13.259, 8.491 ], [ -13.259, 8.49 ], [ -13.259, 8.49 ], [ -13.259, 8.49 ], [ -13.259, 8.49 ], [ -13.26, 8.489 ], [ -13.26, 8.489 ], [ -13.26, 8.489 ], [ -13.26, 8.489 ], [ -13.26, 8.488 ], [ -13.26, 8.488 ], [ -13.26, 8.488 ], [ -13.26, 8.488 ], [ -13.26, 8.488 ], [ -13.26, 8.487 ], [ -13.26, 8.488 ], [ -13.26, 8.488 ], [ -13.26, 8.487 ], [ -13.26, 8.487 ], [ -13.259, 8.487 ], [ -13.26, 8.487 ], [ -13.259, 8.487 ], [ -13.259, 8.487 ], [ -13.259, 8.487 ], [ -13.259, 8.487 ], [ -13.259, 8.488 ], [ -13.258, 8.488 ], [ -13.258, 8.488 ], [ -13.258, 8.488 ] ], [ [ -13.225, 8.479 ], [ -13.225, 8.479 ], [ -13.225, 8.479 ], [ -13.225, 8.479 ] ], [ [ -13.237, 8.458 ], [ -13.237, 8.458 ], [ -13.237, 8.458 ], [ -13.237, 8.458 ] ], [ [ -13.226, 8.48 ], [ -13.225, 8.48 ], [ -13.225, 8.48 ], [ -13.226, 8.48 ] ], [ [ -13.212, 8.469 ], [ -13.212, 8.469 ], [ -13.212, 8.469 ], [ -13.212, 8.469 ] ] ], [ [ [ -13.062, 8.559 ], [ -13.062, 8.559 ], [ -13.062, 8.557 ], [ -13.063, 8.557 ], [ -13.063, 8.557 ], [ -13.063, 8.556 ], [ -13.063, 8.556 ], [ -13.063, 8.556 ], [ -13.062, 8.556 ], [ -13.062, 8.555 ], [ -13.062, 8.555 ], [ -13.062, 8.554 ], [ -13.062, 8.554 ], [ -13.062, 8.554 ], [ -13.061, 8.553 ], [ -13.061, 8.553 ], [ -13.061, 8.553 ], [ -13.061, 8.553 ], [ -13.061, 8.553 ], [ -13.06, 8.553 ], [ -13.06, 8.553 ], [ -13.06, 8.552 ], [ -13.06, 8.552 ], [ -13.059, 8.552 ], [ -13.059, 8.552 ], [ -13.058, 8.551 ], [ -13.058, 8.551 ], [ -13.058, 8.551 ], [ -13.057, 8.55 ], [ -13.057, 8.55 ], [ -13.057, 8.549 ], [ -13.057, 8.549 ], [ -13.057, 8.549 ], [ -13.057, 8.548 ], [ -13.058, 8.548 ], [ -13.058, 8.548 ], [ -13.058, 8.548 ], [ -13.059, 8.548 ], [ -13.06, 8.547 ], [ -13.061, 8.546 ], [ -13.063, 8.546 ], [ -13.065, 8.545 ], [ -13.066, 8.545 ], [ -13.066, 8.545 ], [ -13.068, 8.545 ], [ -13.07, 8.544 ], [ -13.072, 8.543 ], [ -13.073, 8.543 ], [ -13.073, 8.542 ], [ -13.076, 8.541 ], [ -13.08, 8.539 ], [ -13.082, 8.538 ], [ -13.085, 8.538 ], [ -13.087, 8.538 ], [ -13.088, 8.539 ], [ -13.087, 8.54 ], [ -13.087, 8.541 ], [ -13.087, 8.542 ], [ -13.087, 8.543 ], [ -13.086, 8.544 ], [ -13.086, 8.546 ], [ -13.085, 8.549 ], [ -13.086, 8.553 ], [ -13.086, 8.557 ], [ -13.087, 8.56 ], [ -13.088, 8.563 ], [ -13.089, 8.564 ], [ -13.089, 8.564 ], [ -13.089, 8.565 ], [ -13.088, 8.565 ], [ -13.088, 8.566 ], [ -13.088, 8.566 ], [ -13.087, 8.566 ], [ -13.087, 8.566 ], [ -13.086, 8.566 ], [ -13.086, 8.566 ], [ -13.086, 8.566 ], [ -13.085, 8.566 ], [ -13.085, 8.566 ], [ -13.084, 8.566 ], [ -13.084, 8.566 ], [ -13.083, 8.567 ], [ -13.083, 8.567 ], [ -13.082, 8.568 ], [ -13.082, 8.568 ], [ -13.081, 8.568 ], [ -13.08, 8.568 ], [ -13.08, 8.569 ], [ -13.079, 8.568 ], [ -13.079, 8.569 ], [ -13.077, 8.567 ], [ -13.077, 8.567 ], [ -13.076, 8.566 ], [ -13.075, 8.566 ], [ -13.074, 8.565 ], [ -13.074, 8.565 ], [ -13.074, 8.565 ], [ -13.074, 8.565 ], [ -13.073, 8.565 ], [ -13.072, 8.565 ], [ -13.072, 8.565 ], [ -13.071, 8.565 ], [ -13.071, 8.565 ], [ -13.071, 8.565 ], [ -13.07, 8.566 ], [ -13.07, 8.566 ], [ -13.07, 8.566 ], [ -13.069, 8.566 ], [ -13.069, 8.566 ], [ -13.068, 8.566 ], [ -13.068, 8.566 ], [ -13.067, 8.566 ], [ -13.067, 8.566 ], [ -13.067, 8.566 ], [ -13.066, 8.567 ], [ -13.066, 8.567 ], [ -13.065, 8.566 ], [ -13.065, 8.566 ], [ -13.065, 8.566 ], [ -13.065, 8.566 ], [ -13.064, 8.566 ], [ -13.064, 8.565 ], [ -13.064, 8.565 ], [ -13.063, 8.565 ], [ -13.063, 8.565 ], [ -13.062, 8.565 ], [ -13.062, 8.565 ], [ -13.061, 8.565 ], [ -13.061, 8.565 ], [ -13.061, 8.565 ], [ -13.06, 8.565 ], [ -13.06, 8.565 ], [ -13.06, 8.564 ], [ -13.06, 8.564 ], [ -13.06, 8.564 ], [ -13.06, 8.563 ], [ -13.06, 8.563 ], [ -13.06, 8.563 ], [ -13.061, 8.562 ], [ -13.061, 8.562 ], [ -13.061, 8.561 ], [ -13.062, 8.559 ] ] ] ] } }
]
}
